,item_id,item_title,option1,option2,option3,sku,requires_shipping,taxable,featured_image,available,price,grams,compare_at_price,position,product_id,item_created_at,item_updated_at,id,title,handle,published_at,created_at,updated_at,vendor,product_type,tags,images,options,product_url,description,featured_image.id,featured_image.product_id,featured_image.position,featured_image.created_at,featured_image.updated_at,featured_image.alt,featured_image.width,featured_image.height,featured_image.src,featured_image.variant_ids
0,53264216588469,Default Title,Default Title,,,,True,True,,True,27.00,340,,1,10600563802293,2026-09-14T08:01:15-04:00,2026-10-09T07:37:15-04:00,10600563802293,Friend Blend,friend-blend,2026-09-14T08:01:17-04:00,2026-09-14T08:01:15-04:00,2026-10-09T07:37:15-04:00,Anchored Coffee,Coffee,[],"[{'id': 76741608046773, 'created_at': '2026-09-14T08:11:45-04:00', 'position': 1, 'updated_at': '2026-09-14T08:11:47-04:00', 'product_id': 10600563802293, 'variant_ids': [], 'src': 'https://cdn.shopify.com/s/files/1/0417/4721/8582/files/Septprod.png?v=1789387907', 'width': 900, 'height': 900}]","[{'name': 'Title', 'position': 1, 'values': ['Default Title']}]",https://anchoredcoffee.com/products/friend-blend,,,,,,,,,,,
1,43163054932149,340g / Whole Bean,340g,Whole Bean,,,True,True,,True,40.00,340,,1,7509459206325,2023-10-08T08:24:33-04:00,2026-10-09T07:37:15-04:00,7509459206325,Dream Weaver,dream-weaver,2026-07-29T09:23:48-04:00,2023-10-08T08:24:33-04:00,2026-10-09T07:37:15-04:00,Anchored Coffee,,"['Coffee-Sub', 'Faire', 'New', 'Single Origin']","[{'id': 38358813147317, 'created_at': '2024-08-15T10:13:39-04:00', 'position': 1, 'updated_at': '2024-08-15T10:13:41-04:00', 'product_id': 7509459206325, 'variant_ids': [], 'src': 'https://cdn.shopify.com/s/files/1/0417/4721/8582/files/Anchored_Coffee_-_Dream_Weaver.png?v=1723731221', 'width': 2914, 'height': 2914}]","[{'name': 'Size', 'position': 1, 'values': ['340g', '3lb', '5lb']}, {'name': 'Grind Size', 'position': 2, 'values': ['Whole Bean', 'Drip Medium', 'Espresso Fine']}]",https://anchoredcoffee.com/products/dream-weaver,,,,,,,,,,,
2,43163058405557,340g / Drip Medium,340g,Drip Medium,,,True,True,,True,40.00,340,,2,7509459206325,2023-10-08T08:25:37-04:00,2026-10-09T07:37:15-04:00,7509459206325,Dream Weaver,dream-weaver,2026-07-29T09:23:48-04:00,2023-10-08T08:24:33-04:00,2026-10-09T07:37:15-04:00,Anchored Coffee,,"['Coffee-Sub', 'Faire', 'New', 'Single Origin']","[{'id': 38358813147317, 'created_at': '2024-08-15T10:13:39-04:00', 'position': 1, 'updated_at': '2024-08-15T10:13:41-04:00', 'product_id': 7509459206325, 'variant_ids': [], 'src': 'https://cdn.shopify.com/s/files/1/0417/4721/8582/files/Anchored_Coffee_-_Dream_Weaver.png?v=1723731221', 'width': 2914, 'height': 2914}]","[{'name': 'Size', 'position': 1, 'values': ['340g', '3lb', '5lb']}, {'name': 'Grind Size', 'position': 2, 'values': ['Whole Bean', 'Drip Medium', 'Espresso Fine']}]",https://anchoredcoffee.com/products/dream-weaver,,,,,,,,,,,
3,43163058438325,340g / Espresso Fine,340g,Espresso Fine,,,True,True,,True,40.00,340,,3,7509459206325,2023-10-08T08:25:37-04:00,2026-10-09T07:37:15-04:00,7509459206325,Dream Weaver,dream-weaver,2026-07-29T09:23:48-04:00,2023-10-08T08:24:33-04:00,2026-10-09T07:37:15-04:00,Anchored Coffee,,"['Coffee-Sub', 'Faire', 'New', 'Single Origin']","[{'id': 38358813147317, 'created_at': '2024-08-15T10:13:39-04:00', 'position': 1, 'updated_at': '2024-08-15T10:13:41-04:00', 'product_id': 7509459206325, 'variant_ids': [], 'src': 'https://cdn.shopify.com/s/files/1/0417/4721/8582/files/Anchored_Coffee_-_Dream_Weaver.png?v=1723731221', 'width': 2914, 'height': 2914}]","[{'name': 'Size', 'position': 1, 'values': ['340g', '3lb', '5lb']}, {'name': 'Grind Size', 'position': 2, 'values': ['Whole Bean', 'Drip Medium', 'Espresso Fine']}]",https://anchoredcoffee.com/products/dream-weaver,,,,,,,,,,,
4,43163054964917,3lb / Whole Bean,3lb,Whole Bean,,,True,True,,True,138.00,1361,,4,7509459206325,2023-10-08T08:24:33-04:00,2026-10-09T07:37:15-04:00,7509459206325,Dream Weaver,dream-weaver,2026-07-29T09:23:48-04:00,2023-10-08T08:24:33-04:00,2026-10-09T07:37:15-04:00,Anchored Coffee,,"['Coffee-Sub', 'Faire', 'New', 'Single Origin']","[{'id': 38358813147317, 'created_at': '2024-08-15T10:13:39-04:00', 'position': 1, 'updated_at': '2024-08-15T10:13:41-04:00', 'product_id': 7509459206325, 'variant_ids': [], 'src': 'https://cdn.shopify.com/s/files/1/0417/4721/8582/files/Anchored_Coffee_-_Dream_Weaver.png?v=1723731221', 'width': 2914, 'height': 2914}]","[{'name': 'Size', 'position': 1, 'values': ['340g', '3lb', '5lb']}, {'name': 'Grind Size', 'position': 2, 'values': ['Whole Bean', 'Drip Medium', 'Espresso Fine']}]",https://anchoredcoffee.com/products/dream-weaver,,,,,,,,,,,
5,43163058471093,3lb / Drip Medium,3lb,Drip Medium,,,True,True,,True,138.00,1361,,5,7509459206325,2023-10-08T08:25:37-04:00,2026-10-09T07:37:15-04:00,7509459206325,Dream Weaver,dream-weaver,2026-07-29T09:23:48-04:00,2023-10-08T08:24:33-04:00,2026-10-09T07:37:15-04:00,Anchored Coffee,,"['Coffee-Sub', 'Faire', 'New', 'Single Origin']","[{'id': 38358813147317, 'created_at': '2024-08-15T10:13:39-04:00', 'position': 1, 'updated_at': '2024-08-15T10:13:41-04:00', 'product_id': 7509459206325, 'variant_ids': [], 'src': 'https://cdn.shopify.com/s/files/1/0417/4721/8582/files/Anchored_Coffee_-_Dream_Weaver.png?v=1723731221', 'width': 2914, 'height': 2914}]","[{'name': 'Size', 'position': 1, 'values': ['340g', '3lb', '5lb']}, {'name': 'Grind Size', 'position': 2, 'values': ['Whole Bean', 'Drip Medium', 'Espresso Fine']}]",https://anchoredcoffee.com/products/dream-weaver,,,,,,,,,,,
6,43163058503861,3lb / Espresso Fine,3lb,Espresso Fine,,,True,True,,True,138.00,1361,,6,7509459206325,2023-10-08T08:25:37-04:00,2026-10-09T07:37:15-04:00,7509459206325,Dream Weaver,dream-weaver,2026-07-29T09:23:48-04:00,2023-10-08T08:24:33-04:00,2026-10-09T07:37:15-04:00,Anchored Coffee,,"['Coffee-Sub', 'Faire', 'New', 'Single Origin']","[{'id': 38358813147317, 'created_at': '2024-08-15T10:13:39-04:00', 'position': 1, 'updated_at': '2024-08-15T10:13:41-04:00', 'product_id': 7509459206325, 'variant_ids': [], 'src': 'https://cdn.shopify.com/s/files/1/0417/4721/8582/files/Anchored_Coffee_-_Dream_Weaver.png?v=1723731221', 'width': 2914, 'height': 2914}]","[{'name': 'Size', 'position': 1, 'values': ['340g', '3lb', '5lb']}, {'name': 'Grind Size', 'position': 2, 'values': ['Whole Bean', 'Drip Medium', 'Espresso Fine']}]",https://anchoredcoffee.com/products/dream-weaver,,,,,,,,,,,
7,43163054997685,5lb / Whole Bean,5lb,Whole Bean,,,True,True,,True,220.00,2268,,7,7509459206325,2023-10-08T08:24:33-04:00,2026-10-09T07:37:15-04:00,7509459206325,Dream Weaver,dream-weaver,2026-07-29T09:23:48-04:00,2023-10-08T08:24:33-04:00,2026-10-09T07:37:15-04:00,Anchored Coffee,,"['Coffee-Sub', 'Faire', 'New', 'Single Origin']","[{'id': 38358813147317, 'created_at': '2024-08-15T10:13:39-04:00', 'position': 1, 'updated_at': '2024-08-15T10:13:41-04:00', 'product_id': 7509459206325, 'variant_ids': [], 'src': 'https://cdn.shopify.com/s/files/1/0417/4721/8582/files/Anchored_Coffee_-_Dream_Weaver.png?v=1723731221', 'width': 2914, 'height': 2914}]","[{'name': 'Size', 'position': 1, 'values': ['340g', '3lb', '5lb']}, {'name': 'Grind Size', 'position': 2, 'values': ['Whole Bean', 'Drip Medium', 'Espresso Fine']}]",https://anchoredcoffee.com/products/dream-weaver,,,,,,,,,,,
8,43163058536629,5lb / Drip Medium,5lb,Drip Medium,,,True,True,,True,220.00,2268,,8,7509459206325,2023-10-08T08:25:37-04:00,2026-10-09T07:37:15-04:00,7509459206325,Dream Weaver,dream-weaver,2026-07-29T09:23:48-04:00,2023-10-08T08:24:33-04:00,2026-10-09T07:37:15-04:00,Anchored Coffee,,"['Coffee-Sub', 'Faire', 'New', 'Single Origin']","[{'id': 38358813147317, 'created_at': '2024-08-15T10:13:39-04:00', 'position': 1, 'updated_at': '2024-08-15T10:13:41-04:00', 'product_id': 7509459206325, 'variant_ids': [], 'src': 'https://cdn.shopify.com/s/files/1/0417/4721/8582/files/Anchored_Coffee_-_Dream_Weaver.png?v=1723731221', 'width': 2914, 'height': 2914}]","[{'name': 'Size', 'position': 1, 'values': ['340g', '3lb', '5lb']}, {'name': 'Grind Size', 'position': 2, 'values': ['Whole Bean', 'Drip Medium', 'Espresso Fine']}]",https://anchoredcoffee.com/products/dream-weaver,,,,,,,,,,,
9,43163058569397,5lb / Espresso Fine,5lb,Espresso Fine,,,True,True,,True,220.00,2268,,9,7509459206325,2023-10-08T08:25:37-04:00,2026-10-09T07:37:15-04:00,7509459206325,Dream Weaver,dream-weaver,2026-07-29T09:23:48-04:00,2023-10-08T08:24:33-04:00,2026-10-09T07:37:15-04:00,Anchored Coffee,,"['Coffee-Sub', 'Faire', 'New', 'Single Origin']","[{'id': 38358813147317, 'created_at': '2024-08-15T10:13:39-04:00', 'position': 1, 'updated_at': '2024-08-15T10:13:41-04:00', 'product_id': 7509459206325, 'variant_ids': [], 'src': 'https://cdn.shopify.com/s/files/1/0417/4721/8582/files/Anchored_Coffee_-_Dream_Weaver.png?v=1723731221', 'width': 2914, 'height': 2914}]","[{'name': 'Size', 'position': 1, 'values': ['340g', '3lb', '5lb']}, {'name': 'Grind Size', 'position': 2, 'values': ['Whole Bean', 'Drip Medium', 'Espresso Fine']}]",https://anchoredcoffee.com/products/dream-weaver,,,,,,,,,,,
10,52731568095413,M,M,,,,True,True,,True,70.00,600,,1,10476864012469,2026-06-23T15:32:41-04:00,2026-10-09T07:37:15-04:00,10476864012469,Camo Pullover,camo-pullover,2026-06-23T15:32:43-04:00,2026-06-23T15:32:41-04:00,2026-10-09T07:37:15-04:00,Anchored Coffee,,[],"[{'id': 76045894090933, 'created_at': '2026-07-20T13:03:46-04:00', 'position': 1, 'updated_at': '2026-07-20T13:03:48-04:00', 'product_id': 10476864012469, 'variant_ids': [], 'src': 'https://cdn.shopify.com/s/files/1/0417/4721/8582/files/DSC03695.jpg?v=1784567028', 'width': 3162, 'height': 4743}, {'id': 75813845008565, 'created_at': '2026-06-23T15:31:29-04:00', 'position': 2, 'updated_at': '2026-06-23T15:31:31-04:00', 'product_id': 10476864012469, 'variant_ids': [], 'src': 'https://cdn.shopify.com/s/files/1/0417/4721/8582/files/DSC00236.jpg?v=1782243091', 'width': 3162, 'height': 4743}, {'id': 75813845041333, 'created_at': '2026-06-23T15:31:31-04:00', 'position': 3, 'updated_at': '2026-06-23T15:31:33-04:00', 'product_id': 10476864012469, 'variant_ids': [], 'src': 'https://cdn.shopify.com/s/files/1/0417/4721/8582/files/DSC00239_f7142030-b3ef-41db-a54f-2a0515ca3d69.jpg?v=1782243093', 'width': 3464, 'height': 4330}, {'id': 76045894123701, 'created_at': '2026-07-20T13:03:48-04:00', 'position': 4, 'updated_at': '2026-07-20T13:03:50-04:00', 'product_id': 10476864012469, 'variant_ids': [], 'src': 'https://cdn.shopify.com/s/files/1/0417/4721/8582/files/DSC03686.jpg?v=1784567030', 'width': 3464, 'height': 4330}, {'id': 75813835505845, 'created_at': '2026-06-23T15:27:09-04:00', 'position': 5, 'updated_at': '2026-07-20T13:54:00-04:00', 'product_id': 10476864012469, 'variant_ids': [], 'src': 'https://cdn.shopify.com/s/files/1/0417/4721/8582/files/DSC00238.png?v=1784570040', 'width': 2159, 'height': 2159}]","[{'name': 'Size', 'position': 1, 'values': ['M', 'L', 'XL']}]",https://anchoredcoffee.com/products/camo-pullover,,,,,,,,,,,
11,52731568128181,L,L,,,,True,True,,True,70.00,600,,2,10476864012469,2026-06-23T15:32:41-04:00,2026-10-09T07:37:15-04:00,10476864012469,Camo Pullover,camo-pullover,2026-06-23T15:32:43-04:00,2026-06-23T15:32:41-04:00,2026-10-09T07:37:15-04:00,Anchored Coffee,,[],"[{'id': 76045894090933, 'created_at': '2026-07-20T13:03:46-04:00', 'position': 1, 'updated_at': '2026-07-20T13:03:48-04:00', 'product_id': 10476864012469, 'variant_ids': [], 'src': 'https://cdn.shopify.com/s/files/1/0417/4721/8582/files/DSC03695.jpg?v=1784567028', 'width': 3162, 'height': 4743}, {'id': 75813845008565, 'created_at': '2026-06-23T15:31:29-04:00', 'position': 2, 'updated_at': '2026-06-23T15:31:31-04:00', 'product_id': 10476864012469, 'variant_ids': [], 'src': 'https://cdn.shopify.com/s/files/1/0417/4721/8582/files/DSC00236.jpg?v=1782243091', 'width': 3162, 'height': 4743}, {'id': 75813845041333, 'created_at': '2026-06-23T15:31:31-04:00', 'position': 3, 'updated_at': '2026-06-23T15:31:33-04:00', 'product_id': 10476864012469, 'variant_ids': [], 'src': 'https://cdn.shopify.com/s/files/1/0417/4721/8582/files/DSC00239_f7142030-b3ef-41db-a54f-2a0515ca3d69.jpg?v=1782243093', 'width': 3464, 'height': 4330}, {'id': 76045894123701, 'created_at': '2026-07-20T13:03:48-04:00', 'position': 4, 'updated_at': '2026-07-20T13:03:50-04:00', 'product_id': 10476864012469, 'variant_ids': [], 'src': 'https://cdn.shopify.com/s/files/1/0417/4721/8582/files/DSC03686.jpg?v=1784567030', 'width': 3464, 'height': 4330}, {'id': 75813835505845, 'created_at': '2026-06-23T15:27:09-04:00', 'position': 5, 'updated_at': '2026-07-20T13:54:00-04:00', 'product_id': 10476864012469, 'variant_ids': [], 'src': 'https://cdn.shopify.com/s/files/1/0417/4721/8582/files/DSC00238.png?v=1784570040', 'width': 2159, 'height': 2159}]","[{'name': 'Size', 'position': 1, 'values': ['M', 'L', 'XL']}]",https://anchoredcoffee.com/products/camo-pullover,,,,,,,,,,,
12,52731568160949,XL,XL,,,,True,True,,True,70.00,600,,3,10476864012469,2026-06-23T15:32:41-04:00,2026-10-09T07:37:15-04:00,10476864012469,Camo Pullover,camo-pullover,2026-06-23T15:32:43-04:00,2026-06-23T15:32:41-04:00,2026-10-09T07:37:15-04:00,Anchored Coffee,,[],"[{'id': 76045894090933, 'created_at': '2026-07-20T13:03:46-04:00', 'position': 1, 'updated_at': '2026-07-20T13:03:48-04:00', 'product_id': 10476864012469, 'variant_ids': [], 'src': 'https://cdn.shopify.com/s/files/1/0417/4721/8582/files/DSC03695.jpg?v=1784567028', 'width': 3162, 'height': 4743}, {'id': 75813845008565, 'created_at': '2026-06-23T15:31:29-04:00', 'position': 2, 'updated_at': '2026-06-23T15:31:31-04:00', 'product_id': 10476864012469, 'variant_ids': [], 'src': 'https://cdn.shopify.com/s/files/1/0417/4721/8582/files/DSC00236.jpg?v=1782243091', 'width': 3162, 'height': 4743}, {'id': 75813845041333, 'created_at': '2026-06-23T15:31:31-04:00', 'position': 3, 'updated_at': '2026-06-23T15:31:33-04:00', 'product_id': 10476864012469, 'variant_ids': [], 'src': 'https://cdn.shopify.com/s/files/1/0417/4721/8582/files/DSC00239_f7142030-b3ef-41db-a54f-2a0515ca3d69.jpg?v=1782243093', 'width': 3464, 'height': 4330}, {'id': 76045894123701, 'created_at': '2026-07-20T13:03:48-04:00', 'position': 4, 'updated_at': '2026-07-20T13:03:50-04:00', 'product_id': 10476864012469, 'variant_ids': [], 'src': 'https://cdn.shopify.com/s/files/1/0417/4721/8582/files/DSC03686.jpg?v=1784567030', 'width': 3464, 'height': 4330}, {'id': 75813835505845, 'created_at': '2026-06-23T15:27:09-04:00', 'position': 5, 'updated_at': '2026-07-20T13:54:00-04:00', 'product_id': 10476864012469, 'variant_ids': [], 'src': 'https://cdn.shopify.com/s/files/1/0417/4721/8582/files/DSC00238.png?v=1784570040', 'width': 2159, 'height': 2159}]","[{'name': 'Size', 'position': 1, 'values': ['M', 'L', 'XL']}]",https://anchoredcoffee.com/products/camo-pullover,,,,,,,,,,,
13,52727838441653,Default Title,Default Title,,,,True,True,,True,26.00,340,,1,10475541070005,2026-06-22T09:28:03-04:00,2026-10-09T07:37:15-04:00,10475541070005,Cast & Blast,cast-blast,2026-06-23T11:32:10-04:00,2026-06-22T09:28:03-04:00,2026-10-09T07:37:15-04:00,Anchored Coffee,,[],"[{'id': 75812952080565, 'created_at': '2026-06-23T10:58:31-04:00', 'position': 1, 'updated_at': '2026-06-23T16:20:42-04:00', 'product_id': 10475541070005, 'variant_ids': [], 'src': 'https://cdn.shopify.com/s/files/1/0417/4721/8582/files/DSC00226-2.png?v=1782246042', 'width': 1468, 'height': 1468}]","[{'name': 'Title', 'position': 1, 'values': ['Default Title']}]",https://anchoredcoffee.com/products/cast-blast,,,,,,,,,,,
14,52557599211701,Medium,Medium,,,,True,True,,True,40.00,0,,1,10447782543541,2026-05-25T09:02:54-04:00,2026-10-09T07:37:15-04:00,10447782543541,Anchored Coffee Bandwagon Tee,anchored-coffee-playoffs-tee,2026-05-25T11:45:19-04:00,2026-05-25T09:02:53-04:00,2026-10-09T07:37:15-04:00,Anchored Coffee,,[],"[{'id': 75494279315637, 'created_at': '2026-05-25T11:51:48-04:00', 'position': 1, 'updated_at': '2026-05-25T11:51:51-04:00', 'product_id': 10447782543541, 'variant_ids': [], 'src': 'https://cdn.shopify.com/s/files/1/0417/4721/8582/files/hbs2.png?v=1779724311', 'width': 3024, 'height': 4032}, {'id': 75494279282869, 'created_at': '2026-05-25T11:51:48-04:00', 'position': 2, 'updated_at': '2026-05-25T11:51:51-04:00', 'product_id': 10447782543541, 'variant_ids': [], 'src': 'https://cdn.shopify.com/s/files/1/0417/4721/8582/files/hbs1.png?v=1779724311', 'width': 2937, 'height': 3916}, {'id': 75494169182389, 'created_at': '2026-05-25T11:38:19-04:00', 'position': 3, 'updated_at': '2026-05-25T11:38:22-04:00', 'product_id': 10447782543541, 'variant_ids': [], 'src': 'https://cdn.shopify.com/s/files/1/0417/4721/8582/files/hbs3.jpg?v=1779723502', 'width': 3024, 'height': 4032}, {'id': 75494169215157, 'created_at': '2026-05-25T11:38:19-04:00', 'position': 4, 'updated_at': '2026-05-25T11:38:21-04:00', 'product_id': 10447782543541, 'variant_ids': [], 'src': 'https://cdn.shopify.com/s/files/1/0417/4721/8582/files/hbs4.jpg?v=1779723501', 'width': 3024, 'height': 4032}]","[{'name': 'Size', 'position': 1, 'values': ['Medium', 'Large', 'X Large']}]",https://anchoredcoffee.com/products/anchored-coffee-playoffs-tee,,,,,,,,,,,
15,52557599244469,Large,Large,,,,True,True,,False,40.00,0,,2,10447782543541,2026-05-25T09:02:54-04:00,2026-10-09T07:37:15-04:00,10447782543541,Anchored Coffee Bandwagon Tee,anchored-coffee-playoffs-tee,2026-05-25T11:45:19-04:00,2026-05-25T09:02:53-04:00,2026-10-09T07:37:15-04:00,Anchored Coffee,,[],"[{'id': 75494279315637, 'created_at': '2026-05-25T11:51:48-04:00', 'position': 1, 'updated_at': '2026-05-25T11:51:51-04:00', 'product_id': 10447782543541, 'variant_ids': [], 'src': 'https://cdn.shopify.com/s/files/1/0417/4721/8582/files/hbs2.png?v=1779724311', 'width': 3024, 'height': 4032}, {'id': 75494279282869, 'created_at': '2026-05-25T11:51:48-04:00', 'position': 2, 'updated_at': '2026-05-25T11:51:51-04:00', 'product_id': 10447782543541, 'variant_ids': [], 'src': 'https://cdn.shopify.com/s/files/1/0417/4721/8582/files/hbs1.png?v=1779724311', 'width': 2937, 'height': 3916}, {'id': 75494169182389, 'created_at': '2026-05-25T11:38:19-04:00', 'position': 3, 'updated_at': '2026-05-25T11:38:22-04:00', 'product_id': 10447782543541, 'variant_ids': [], 'src': 'https://cdn.shopify.com/s/files/1/0417/4721/8582/files/hbs3.jpg?v=1779723502', 'width': 3024, 'height': 4032}, {'id': 75494169215157, 'created_at': '2026-05-25T11:38:19-04:00', 'position': 4, 'updated_at': '2026-05-25T11:38:21-04:00', 'product_id': 10447782543541, 'variant_ids': [], 'src': 'https://cdn.shopify.com/s/files/1/0417/4721/8582/files/hbs4.jpg?v=1779723501', 'width': 3024, 'height': 4032}]","[{'name': 'Size', 'position': 1, 'values': ['Medium', 'Large', 'X Large']}]",https://anchoredcoffee.com/products/anchored-coffee-playoffs-tee,,,,,,,,,,,
16,52557599277237,X Large,X Large,,,,True,True,,True,40.00,0,,3,10447782543541,2026-05-25T09:02:54-04:00,2026-10-09T07:37:15-04:00,10447782543541,Anchored Coffee Bandwagon Tee,anchored-coffee-playoffs-tee,2026-05-25T11:45:19-04:00,2026-05-25T09:02:53-04:00,2026-10-09T07:37:15-04:00,Anchored Coffee,,[],"[{'id': 75494279315637, 'created_at': '2026-05-25T11:51:48-04:00', 'position': 1, 'updated_at': '2026-05-25T11:51:51-04:00', 'product_id': 10447782543541, 'variant_ids': [], 'src': 'https://cdn.shopify.com/s/files/1/0417/4721/8582/files/hbs2.png?v=1779724311', 'width': 3024, 'height': 4032}, {'id': 75494279282869, 'created_at': '2026-05-25T11:51:48-04:00', 'position': 2, 'updated_at': '2026-05-25T11:51:51-04:00', 'product_id': 10447782543541, 'variant_ids': [], 'src': 'https://cdn.shopify.com/s/files/1/0417/4721/8582/files/hbs1.png?v=1779724311', 'width': 2937, 'height': 3916}, {'id': 75494169182389, 'created_at': '2026-05-25T11:38:19-04:00', 'position': 3, 'updated_at': '2026-05-25T11:38:22-04:00', 'product_id': 10447782543541, 'variant_ids': [], 'src': 'https://cdn.shopify.com/s/files/1/0417/4721/8582/files/hbs3.jpg?v=1779723502', 'width': 3024, 'height': 4032}, {'id': 75494169215157, 'created_at': '2026-05-25T11:38:19-04:00', 'position': 4, 'updated_at': '2026-05-25T11:38:21-04:00', 'product_id': 10447782543541, 'variant_ids': [], 'src': 'https://cdn.shopify.com/s/files/1/0417/4721/8582/files/hbs4.jpg?v=1779723501', 'width': 3024, 'height': 4032}]","[{'name': 'Size', 'position': 1, 'values': ['Medium', 'Large', 'X Large']}]",https://anchoredcoffee.com/products/anchored-coffee-playoffs-tee,,,,,,,,,,,
17,44421135138997,Black,Black,,,,True,True,,True,46.00,91,,1,7957511274677,2024-07-11T22:45:40-04:00,2026-10-09T07:37:15-04:00,7957511274677,Coffee Everyday Surf Hat,stoked-hat,2026-04-21T10:31:16-04:00,2024-07-11T22:45:40-04:00,2026-10-09T07:37:15-04:00,Anchored Coffee,,[],"[{'id': 38125174096053, 'created_at': '2024-07-11T22:50:16-04:00', 'position': 1, 'updated_at': '2024-07-11T22:50:19-04:00', 'product_id': 7957511274677, 'variant_ids': [], 'src': 'https://cdn.shopify.com/s/files/1/0417/4721/8582/files/jakesmallwood_AnchoredHats_03.png?v=1720752619', 'width': 3244, 'height': 3244}, {'id': 38125186580661, 'created_at': '2024-07-11T22:50:45-04:00', 'position': 2, 'updated_at': '2024-07-11T22:50:47-04:00', 'product_id': 7957511274677, 'variant_ids': [], 'src': 'https://cdn.shopify.com/s/files/1/0417/4721/8582/files/jakesmallwood_AnchoredHats_07.jpg?v=1720752647', 'width': 3543, 'height': 4429}, {'id': 75011053125813, 'created_at': '2026-04-21T08:35:01-04:00', 'position': 3, 'updated_at': '2026-04-21T08:35:03-04:00', 'product_id': 7957511274677, 'variant_ids': [], 'src': 'https://cdn.shopify.com/s/files/1/0417/4721/8582/files/DSC06857.png?v=1776774903', 'width': 2000, 'height': 2500}, {'id': 75011053453493, 'created_at': '2026-04-21T08:35:02-04:00', 'position': 4, 'updated_at': '2026-04-21T08:35:05-04:00', 'product_id': 7957511274677, 'variant_ids': [], 'src': 'https://cdn.shopify.com/s/files/1/0417/4721/8582/files/DSC06859.png?v=1776774905', 'width': 3983, 'height': 4979}, {'id': 75011053486261, 'created_at': '2026-04-21T08:35:02-04:00', 'position': 5, 'updated_at': '2026-04-21T08:35:05-04:00', 'product_id': 7957511274677, 'variant_ids': [], 'src': 'https://cdn.shopify.com/s/files/1/0417/4721/8582/files/DSC06862.png?v=1776774905', 'width': 3754, 'height': 4693}, {'id': 75011053158581, 'created_at': '2026-04-21T08:35:01-04:00', 'position': 6, 'updated_at': '2026-04-21T08:35:04-04:00', 'product_id': 7957511274677, 'variant_ids': [], 'src': 'https://cdn.shopify.com/s/files/1/0417/4721/8582/files/DSC06863.png?v=1776774904', 'width': 3920, 'height': 4900}, {'id': 75011053519029, 'created_at': '2026-04-21T08:35:02-04:00', 'position': 7, 'updated_at': '2026-04-21T08:35:05-04:00', 'product_id': 7957511274677, 'variant_ids': [], 'src': 'https://cdn.shopify.com/s/files/1/0417/4721/8582/files/DSC06865.png?v=1776774905', 'width': 4035, 'height': 5044}]","[{'name': 'Color', 'position': 1, 'values': ['Black', 'Navy', 'Khaki', 'Lavender', 'Mustard']}]",https://anchoredcoffee.com/products/stoked-hat,,,,,,,,,,,
18,52440276992181,Navy,Navy,,,,True,True,,True,46.00,91,,2,7957511274677,2026-04-17T10:26:38-04:00,2026-10-09T07:37:15-04:00,7957511274677,Coffee Everyday Surf Hat,stoked-hat,2026-04-21T10:31:16-04:00,2024-07-11T22:45:40-04:00,2026-10-09T07:37:15-04:00,Anchored Coffee,,[],"[{'id': 38125174096053, 'created_at': '2024-07-11T22:50:16-04:00', 'position': 1, 'updated_at': '2024-07-11T22:50:19-04:00', 'product_id': 7957511274677, 'variant_ids': [], 'src': 'https://cdn.shopify.com/s/files/1/0417/4721/8582/files/jakesmallwood_AnchoredHats_03.png?v=1720752619', 'width': 3244, 'height': 3244}, {'id': 38125186580661, 'created_at': '2024-07-11T22:50:45-04:00', 'position': 2, 'updated_at': '2024-07-11T22:50:47-04:00', 'product_id': 7957511274677, 'variant_ids': [], 'src': 'https://cdn.shopify.com/s/files/1/0417/4721/8582/files/jakesmallwood_AnchoredHats_07.jpg?v=1720752647', 'width': 3543, 'height': 4429}, {'id': 75011053125813, 'created_at': '2026-04-21T08:35:01-04:00', 'position': 3, 'updated_at': '2026-04-21T08:35:03-04:00', 'product_id': 7957511274677, 'variant_ids': [], 'src': 'https://cdn.shopify.com/s/files/1/0417/4721/8582/files/DSC06857.png?v=1776774903', 'width': 2000, 'height': 2500}, {'id': 75011053453493, 'created_at': '2026-04-21T08:35:02-04:00', 'position': 4, 'updated_at': '2026-04-21T08:35:05-04:00', 'product_id': 7957511274677, 'variant_ids': [], 'src': 'https://cdn.shopify.com/s/files/1/0417/4721/8582/files/DSC06859.png?v=1776774905', 'width': 3983, 'height': 4979}, {'id': 75011053486261, 'created_at': '2026-04-21T08:35:02-04:00', 'position': 5, 'updated_at': '2026-04-21T08:35:05-04:00', 'product_id': 7957511274677, 'variant_ids': [], 'src': 'https://cdn.shopify.com/s/files/1/0417/4721/8582/files/DSC06862.png?v=1776774905', 'width': 3754, 'height': 4693}, {'id': 75011053158581, 'created_at': '2026-04-21T08:35:01-04:00', 'position': 6, 'updated_at': '2026-04-21T08:35:04-04:00', 'product_id': 7957511274677, 'variant_ids': [], 'src': 'https://cdn.shopify.com/s/files/1/0417/4721/8582/files/DSC06863.png?v=1776774904', 'width': 3920, 'height': 4900}, {'id': 75011053519029, 'created_at': '2026-04-21T08:35:02-04:00', 'position': 7, 'updated_at': '2026-04-21T08:35:05-04:00', 'product_id': 7957511274677, 'variant_ids': [], 'src': 'https://cdn.shopify.com/s/files/1/0417/4721/8582/files/DSC06865.png?v=1776774905', 'width': 4035, 'height': 5044}]","[{'name': 'Color', 'position': 1, 'values': ['Black', 'Navy', 'Khaki', 'Lavender', 'Mustard']}]",https://anchoredcoffee.com/products/stoked-hat,,,,,,,,,,,
19,52440277024949,Khaki,Khaki,,,,True,True,,True,46.00,91,,3,7957511274677,2026-04-17T10:26:38-04:00,2026-10-09T07:37:15-04:00,7957511274677,Coffee Everyday Surf Hat,stoked-hat,2026-04-21T10:31:16-04:00,2024-07-11T22:45:40-04:00,2026-10-09T07:37:15-04:00,Anchored Coffee,,[],"[{'id': 38125174096053, 'created_at': '2024-07-11T22:50:16-04:00', 'position': 1, 'updated_at': '2024-07-11T22:50:19-04:00', 'product_id': 7957511274677, 'variant_ids': [], 'src': 'https://cdn.shopify.com/s/files/1/0417/4721/8582/files/jakesmallwood_AnchoredHats_03.png?v=1720752619', 'width': 3244, 'height': 3244}, {'id': 38125186580661, 'created_at': '2024-07-11T22:50:45-04:00', 'position': 2, 'updated_at': '2024-07-11T22:50:47-04:00', 'product_id': 7957511274677, 'variant_ids': [], 'src': 'https://cdn.shopify.com/s/files/1/0417/4721/8582/files/jakesmallwood_AnchoredHats_07.jpg?v=1720752647', 'width': 3543, 'height': 4429}, {'id': 75011053125813, 'created_at': '2026-04-21T08:35:01-04:00', 'position': 3, 'updated_at': '2026-04-21T08:35:03-04:00', 'product_id': 7957511274677, 'variant_ids': [], 'src': 'https://cdn.shopify.com/s/files/1/0417/4721/8582/files/DSC06857.png?v=1776774903', 'width': 2000, 'height': 2500}, {'id': 75011053453493, 'created_at': '2026-04-21T08:35:02-04:00', 'position': 4, 'updated_at': '2026-04-21T08:35:05-04:00', 'product_id': 7957511274677, 'variant_ids': [], 'src': 'https://cdn.shopify.com/s/files/1/0417/4721/8582/files/DSC06859.png?v=1776774905', 'width': 3983, 'height': 4979}, {'id': 75011053486261, 'created_at': '2026-04-21T08:35:02-04:00', 'position': 5, 'updated_at': '2026-04-21T08:35:05-04:00', 'product_id': 7957511274677, 'variant_ids': [], 'src': 'https://cdn.shopify.com/s/files/1/0417/4721/8582/files/DSC06862.png?v=1776774905', 'width': 3754, 'height': 4693}, {'id': 75011053158581, 'created_at': '2026-04-21T08:35:01-04:00', 'position': 6, 'updated_at': '2026-04-21T08:35:04-04:00', 'product_id': 7957511274677, 'variant_ids': [], 'src': 'https://cdn.shopify.com/s/files/1/0417/4721/8582/files/DSC06863.png?v=1776774904', 'width': 3920, 'height': 4900}, {'id': 75011053519029, 'created_at': '2026-04-21T08:35:02-04:00', 'position': 7, 'updated_at': '2026-04-21T08:35:05-04:00', 'product_id': 7957511274677, 'variant_ids': [], 'src': 'https://cdn.shopify.com/s/files/1/0417/4721/8582/files/DSC06865.png?v=1776774905', 'width': 4035, 'height': 5044}]","[{'name': 'Color', 'position': 1, 'values': ['Black', 'Navy', 'Khaki', 'Lavender', 'Mustard']}]",https://anchoredcoffee.com/products/stoked-hat,,,,,,,,,,,
20,52440277057717,Lavender,Lavender,,,,True,True,,False,46.00,91,,4,7957511274677,2026-04-17T10:26:38-04:00,2026-10-09T07:37:15-04:00,7957511274677,Coffee Everyday Surf Hat,stoked-hat,2026-04-21T10:31:16-04:00,2024-07-11T22:45:40-04:00,2026-10-09T07:37:15-04:00,Anchored Coffee,,[],"[{'id': 38125174096053, 'created_at': '2024-07-11T22:50:16-04:00', 'position': 1, 'updated_at': '2024-07-11T22:50:19-04:00', 'product_id': 7957511274677, 'variant_ids': [], 'src': 'https://cdn.shopify.com/s/files/1/0417/4721/8582/files/jakesmallwood_AnchoredHats_03.png?v=1720752619', 'width': 3244, 'height': 3244}, {'id': 38125186580661, 'created_at': '2024-07-11T22:50:45-04:00', 'position': 2, 'updated_at': '2024-07-11T22:50:47-04:00', 'product_id': 7957511274677, 'variant_ids': [], 'src': 'https://cdn.shopify.com/s/files/1/0417/4721/8582/files/jakesmallwood_AnchoredHats_07.jpg?v=1720752647', 'width': 3543, 'height': 4429}, {'id': 75011053125813, 'created_at': '2026-04-21T08:35:01-04:00', 'position': 3, 'updated_at': '2026-04-21T08:35:03-04:00', 'product_id': 7957511274677, 'variant_ids': [], 'src': 'https://cdn.shopify.com/s/files/1/0417/4721/8582/files/DSC06857.png?v=1776774903', 'width': 2000, 'height': 2500}, {'id': 75011053453493, 'created_at': '2026-04-21T08:35:02-04:00', 'position': 4, 'updated_at': '2026-04-21T08:35:05-04:00', 'product_id': 7957511274677, 'variant_ids': [], 'src': 'https://cdn.shopify.com/s/files/1/0417/4721/8582/files/DSC06859.png?v=1776774905', 'width': 3983, 'height': 4979}, {'id': 75011053486261, 'created_at': '2026-04-21T08:35:02-04:00', 'position': 5, 'updated_at': '2026-04-21T08:35:05-04:00', 'product_id': 7957511274677, 'variant_ids': [], 'src': 'https://cdn.shopify.com/s/files/1/0417/4721/8582/files/DSC06862.png?v=1776774905', 'width': 3754, 'height': 4693}, {'id': 75011053158581, 'created_at': '2026-04-21T08:35:01-04:00', 'position': 6, 'updated_at': '2026-04-21T08:35:04-04:00', 'product_id': 7957511274677, 'variant_ids': [], 'src': 'https://cdn.shopify.com/s/files/1/0417/4721/8582/files/DSC06863.png?v=1776774904', 'width': 3920, 'height': 4900}, {'id': 75011053519029, 'created_at': '2026-04-21T08:35:02-04:00', 'position': 7, 'updated_at': '2026-04-21T08:35:05-04:00', 'product_id': 7957511274677, 'variant_ids': [], 'src': 'https://cdn.shopify.com/s/files/1/0417/4721/8582/files/DSC06865.png?v=1776774905', 'width': 4035, 'height': 5044}]","[{'name': 'Color', 'position': 1, 'values': ['Black', 'Navy', 'Khaki', 'Lavender', 'Mustard']}]",https://anchoredcoffee.com/products/stoked-hat,,,,,,,,,,,
21,52449927430325,Mustard,Mustard,,,,True,True,,True,46.00,91,,5,7957511274677,2026-04-21T08:37:13-04:00,2026-10-09T07:37:15-04:00,7957511274677,Coffee Everyday Surf Hat,stoked-hat,2026-04-21T10:31:16-04:00,2024-07-11T22:45:40-04:00,2026-10-09T07:37:15-04:00,Anchored Coffee,,[],"[{'id': 38125174096053, 'created_at': '2024-07-11T22:50:16-04:00', 'position': 1, 'updated_at': '2024-07-11T22:50:19-04:00', 'product_id': 7957511274677, 'variant_ids': [], 'src': 'https://cdn.shopify.com/s/files/1/0417/4721/8582/files/jakesmallwood_AnchoredHats_03.png?v=1720752619', 'width': 3244, 'height': 3244}, {'id': 38125186580661, 'created_at': '2024-07-11T22:50:45-04:00', 'position': 2, 'updated_at': '2024-07-11T22:50:47-04:00', 'product_id': 7957511274677, 'variant_ids': [], 'src': 'https://cdn.shopify.com/s/files/1/0417/4721/8582/files/jakesmallwood_AnchoredHats_07.jpg?v=1720752647', 'width': 3543, 'height': 4429}, {'id': 75011053125813, 'created_at': '2026-04-21T08:35:01-04:00', 'position': 3, 'updated_at': '2026-04-21T08:35:03-04:00', 'product_id': 7957511274677, 'variant_ids': [], 'src': 'https://cdn.shopify.com/s/files/1/0417/4721/8582/files/DSC06857.png?v=1776774903', 'width': 2000, 'height': 2500}, {'id': 75011053453493, 'created_at': '2026-04-21T08:35:02-04:00', 'position': 4, 'updated_at': '2026-04-21T08:35:05-04:00', 'product_id': 7957511274677, 'variant_ids': [], 'src': 'https://cdn.shopify.com/s/files/1/0417/4721/8582/files/DSC06859.png?v=1776774905', 'width': 3983, 'height': 4979}, {'id': 75011053486261, 'created_at': '2026-04-21T08:35:02-04:00', 'position': 5, 'updated_at': '2026-04-21T08:35:05-04:00', 'product_id': 7957511274677, 'variant_ids': [], 'src': 'https://cdn.shopify.com/s/files/1/0417/4721/8582/files/DSC06862.png?v=1776774905', 'width': 3754, 'height': 4693}, {'id': 75011053158581, 'created_at': '2026-04-21T08:35:01-04:00', 'position': 6, 'updated_at': '2026-04-21T08:35:04-04:00', 'product_id': 7957511274677, 'variant_ids': [], 'src': 'https://cdn.shopify.com/s/files/1/0417/4721/8582/files/DSC06863.png?v=1776774904', 'width': 3920, 'height': 4900}, {'id': 75011053519029, 'created_at': '2026-04-21T08:35:02-04:00', 'position': 7, 'updated_at': '2026-04-21T08:35:05-04:00', 'product_id': 7957511274677, 'variant_ids': [], 'src': 'https://cdn.shopify.com/s/files/1/0417/4721/8582/files/DSC06865.png?v=1776774905', 'width': 4035, 'height': 5044}]","[{'name': 'Color', 'position': 1, 'values': ['Black', 'Navy', 'Khaki', 'Lavender', 'Mustard']}]",https://anchoredcoffee.com/products/stoked-hat,,,,,,,,,,,
22,52378711785653,Green,Green,,,,True,True,,True,20.00,408,,1,10397304455349,2026-03-24T09:04:14-04:00,2026-10-09T07:37:15-04:00,10397304455349,Stoked Mug - Glass (10 oz),stoked-mug-glass-10-oz,2026-03-24T09:47:56-04:00,2026-03-24T08:12:52-04:00,2026-10-09T07:37:15-04:00,Anchored Coffee,,[],"[{'id': 74794740089013, 'created_at': '2026-03-24T09:11:51-04:00', 'position': 1, 'updated_at': '2026-03-24T09:14:11-04:00', 'product_id': 10397304455349, 'variant_ids': [], 'src': 'https://cdn.shopify.com/s/files/1/0417/4721/8582/files/DSC06803.png?v=1774358051', 'width': 3990, 'height': 4988}, {'id': 74794740285621, 'created_at': '2026-03-24T09:11:53-04:00', 'position': 2, 'updated_at': '2026-03-24T09:14:11-04:00', 'product_id': 10397304455349, 'variant_ids': [], 'src': 'https://cdn.shopify.com/s/files/1/0417/4721/8582/files/DSC06801.png?v=1774358051', 'width': 3990, 'height': 4988}, {'id': 74794740252853, 'created_at': '2026-03-24T09:11:53-04:00', 'position': 3, 'updated_at': '2026-03-24T09:14:11-04:00', 'product_id': 10397304455349, 'variant_ids': [52378711785653], 'src': 'https://cdn.shopify.com/s/files/1/0417/4721/8582/files/DSC06837.jpg?v=1774358051', 'width': 3944, 'height': 4930}, {'id': 74794740154549, 'created_at': '2026-03-24T09:11:52-04:00', 'position': 4, 'updated_at': '2026-03-24T09:14:11-04:00', 'product_id': 10397304455349, 'variant_ids': [52378711818421], 'src': 'https://cdn.shopify.com/s/files/1/0417/4721/8582/files/DSC06814.jpg?v=1774358051', 'width': 3944, 'height': 4930}]","[{'name': 'Colour', 'position': 1, 'values': ['Green', 'Gold']}]",https://anchoredcoffee.com/products/stoked-mug-glass-10-oz,,74794740252853.0,10397304455349.0,3.0,2026-03-24T09:11:53-04:00,2026-03-24T09:14:11-04:00,,3944.0,4930.0,https://cdn.shopify.com/s/files/1/0417/4721/8582/files/DSC06837.jpg?v=1774358051,[52378711785653]
23,52378711818421,Gold,Gold,,,,True,True,,True,20.00,408,,2,10397304455349,2026-03-24T09:04:14-04:00,2026-10-09T07:37:15-04:00,10397304455349,Stoked Mug - Glass (10 oz),stoked-mug-glass-10-oz,2026-03-24T09:47:56-04:00,2026-03-24T08:12:52-04:00,2026-10-09T07:37:15-04:00,Anchored Coffee,,[],"[{'id': 74794740089013, 'created_at': '2026-03-24T09:11:51-04:00', 'position': 1, 'updated_at': '2026-03-24T09:14:11-04:00', 'product_id': 10397304455349, 'variant_ids': [], 'src': 'https://cdn.shopify.com/s/files/1/0417/4721/8582/files/DSC06803.png?v=1774358051', 'width': 3990, 'height': 4988}, {'id': 74794740285621, 'created_at': '2026-03-24T09:11:53-04:00', 'position': 2, 'updated_at': '2026-03-24T09:14:11-04:00', 'product_id': 10397304455349, 'variant_ids': [], 'src': 'https://cdn.shopify.com/s/files/1/0417/4721/8582/files/DSC06801.png?v=1774358051', 'width': 3990, 'height': 4988}, {'id': 74794740252853, 'created_at': '2026-03-24T09:11:53-04:00', 'position': 3, 'updated_at': '2026-03-24T09:14:11-04:00', 'product_id': 10397304455349, 'variant_ids': [52378711785653], 'src': 'https://cdn.shopify.com/s/files/1/0417/4721/8582/files/DSC06837.jpg?v=1774358051', 'width': 3944, 'height': 4930}, {'id': 74794740154549, 'created_at': '2026-03-24T09:11:52-04:00', 'position': 4, 'updated_at': '2026-03-24T09:14:11-04:00', 'product_id': 10397304455349, 'variant_ids': [52378711818421], 'src': 'https://cdn.shopify.com/s/files/1/0417/4721/8582/files/DSC06814.jpg?v=1774358051', 'width': 3944, 'height': 4930}]","[{'name': 'Colour', 'position': 1, 'values': ['Green', 'Gold']}]",https://anchoredcoffee.com/products/stoked-mug-glass-10-oz,,74794740154549.0,10397304455349.0,4.0,2026-03-24T09:11:52-04:00,2026-03-24T09:14:11-04:00,,3944.0,4930.0,https://cdn.shopify.com/s/files/1/0417/4721/8582/files/DSC06814.jpg?v=1774358051,[52378711818421]
24,51534482079925,100g,100g,,,,True,True,,True,18.75,100,,1,10205877534901,2025-08-13T21:57:28-04:00,2026-10-09T07:37:15-04:00,10205877534901,Turmeric Ginger,turmeric-ginger,2026-02-19T11:18:25-05:00,2025-08-13T21:57:28-04:00,2026-10-09T07:37:15-04:00,Anchored Coffee,,[],"[{'id': 73045436563637, 'created_at': '2025-08-13T21:50:38-04:00', 'position': 1, 'updated_at': '2025-08-13T21:50:40-04:00', 'product_id': 10205877534901, 'variant_ids': [], 'src': 'https://cdn.shopify.com/s/files/1/0417/4721/8582/files/AnchoredTea-TurmericGinger-100g.png?v=1755136240', 'width': 2914, 'height': 2914}, {'id': 73045432828085, 'created_at': '2025-08-13T21:49:13-04:00', 'position': 2, 'updated_at': '2025-08-13T21:49:16-04:00', 'product_id': 10205877534901, 'variant_ids': [], 'src': 'https://cdn.shopify.com/s/files/1/0417/4721/8582/files/jakesmallwood_AnchoredTea_15.jpg?v=1755136156', 'width': 4000, 'height': 6000}]","[{'name': 'Size', 'position': 1, 'values': ['100g', '1lb']}]",https://anchoredcoffee.com/products/turmeric-ginger,,,,,,,,,,,
25,51534482112693,1lb,1lb,,,,True,True,,True,75.00,454,,2,10205877534901,2025-08-13T21:57:28-04:00,2026-10-09T07:37:15-04:00,10205877534901,Turmeric Ginger,turmeric-ginger,2026-02-19T11:18:25-05:00,2025-08-13T21:57:28-04:00,2026-10-09T07:37:15-04:00,Anchored Coffee,,[],"[{'id': 73045436563637, 'created_at': '2025-08-13T21:50:38-04:00', 'position': 1, 'updated_at': '2025-08-13T21:50:40-04:00', 'product_id': 10205877534901, 'variant_ids': [], 'src': 'https://cdn.shopify.com/s/files/1/0417/4721/8582/files/AnchoredTea-TurmericGinger-100g.png?v=1755136240', 'width': 2914, 'height': 2914}, {'id': 73045432828085, 'created_at': '2025-08-13T21:49:13-04:00', 'position': 2, 'updated_at': '2025-08-13T21:49:16-04:00', 'product_id': 10205877534901, 'variant_ids': [], 'src': 'https://cdn.shopify.com/s/files/1/0417/4721/8582/files/jakesmallwood_AnchoredTea_15.jpg?v=1755136156', 'width': 4000, 'height': 6000}]","[{'name': 'Size', 'position': 1, 'values': ['100g', '1lb']}]",https://anchoredcoffee.com/products/turmeric-ginger,,,,,,,,,,,
26,51534481555637,100g,100g,,,,True,True,,True,15.00,100,,1,10205877371061,2025-08-13T21:55:44-04:00,2026-10-09T07:37:15-04:00,10205877371061,Hibiscus,hibiscus,2026-02-17T06:10:15-05:00,2025-08-13T21:55:43-04:00,2026-10-09T07:37:15-04:00,Anchored Coffee,,[],"[{'id': 73045436530869, 'created_at': '2025-08-13T21:50:38-04:00', 'position': 1, 'updated_at': '2025-08-13T21:50:40-04:00', 'product_id': 10205877371061, 'variant_ids': [], 'src': 'https://cdn.shopify.com/s/files/1/0417/4721/8582/files/AnchoredTea-Hibiscus-100g.png?v=1755136240', 'width': 2914, 'height': 2914}, {'id': 73045432795317, 'created_at': '2025-08-13T21:49:13-04:00', 'position': 2, 'updated_at': '2025-08-13T21:49:18-04:00', 'product_id': 10205877371061, 'variant_ids': [], 'src': 'https://cdn.shopify.com/s/files/1/0417/4721/8582/files/jakesmallwood_AnchoredTea_13.jpg?v=1755136158', 'width': 4000, 'height': 6000}]","[{'name': 'Size', 'position': 1, 'values': ['100g', '1lb']}]",https://anchoredcoffee.com/products/hibiscus,,,,,,,,,,,
27,51534481588405,1lb,1lb,,,,True,True,,True,60.00,454,,2,10205877371061,2025-08-13T21:55:44-04:00,2026-10-09T07:37:15-04:00,10205877371061,Hibiscus,hibiscus,2026-02-17T06:10:15-05:00,2025-08-13T21:55:43-04:00,2026-10-09T07:37:15-04:00,Anchored Coffee,,[],"[{'id': 73045436530869, 'created_at': '2025-08-13T21:50:38-04:00', 'position': 1, 'updated_at': '2025-08-13T21:50:40-04:00', 'product_id': 10205877371061, 'variant_ids': [], 'src': 'https://cdn.shopify.com/s/files/1/0417/4721/8582/files/AnchoredTea-Hibiscus-100g.png?v=1755136240', 'width': 2914, 'height': 2914}, {'id': 73045432795317, 'created_at': '2025-08-13T21:49:13-04:00', 'position': 2, 'updated_at': '2025-08-13T21:49:18-04:00', 'product_id': 10205877371061, 'variant_ids': [], 'src': 'https://cdn.shopify.com/s/files/1/0417/4721/8582/files/jakesmallwood_AnchoredTea_13.jpg?v=1755136158', 'width': 4000, 'height': 6000}]","[{'name': 'Size', 'position': 1, 'values': ['100g', '1lb']}]",https://anchoredcoffee.com/products/hibiscus,,,,,,,,,,,
28,52030240686261,S,S,,,,True,True,,False,90.00,748,,1,10296724619445,2025-11-18T10:26:36-05:00,2026-10-09T07:37:15-04:00,10296724619445,Anchored x Matty Rink Drink Hoodie,anchored-x-matty-rink-drink-hoodie,2025-11-19T19:23:28-05:00,2025-11-18T10:26:36-05:00,2026-10-09T07:37:15-04:00,Anchored Coffee,,['anchored-x-matty'],"[{'id': 73818749501621, 'created_at': '2025-11-18T10:56:49-05:00', 'position': 1, 'updated_at': '2025-11-18T10:57:25-05:00', 'product_id': 10296724619445, 'variant_ids': [], 'src': 'https://cdn.shopify.com/s/files/1/0417/4721/8582/files/rink-drink-hoodie-front_6660afa7-7408-4644-bf2a-649cda0cc130.png?v=1763481445', 'width': 1000, 'height': 1000}, {'id': 73818749468853, 'created_at': '2025-11-18T10:56:49-05:00', 'position': 2, 'updated_at': '2025-11-18T10:57:25-05:00', 'product_id': 10296724619445, 'variant_ids': [], 'src': 'https://cdn.shopify.com/s/files/1/0417/4721/8582/files/rink-drink-hoodie-front-close_bcd04652-8207-4d32-833a-1f52f3adfd49.jpg?v=1763481445', 'width': 1000, 'height': 1000}, {'id': 73818749403317, 'created_at': '2025-11-18T10:56:49-05:00', 'position': 3, 'updated_at': '2025-11-18T10:57:25-05:00', 'product_id': 10296724619445, 'variant_ids': [], 'src': 'https://cdn.shopify.com/s/files/1/0417/4721/8582/files/rink-drink-hoodie-back-sleeve-close-white_4f4defeb-f4eb-4c64-a304-7de6c5385f17.jpg?v=1763481445', 'width': 1000, 'height': 1000}, {'id': 73818749534389, 'created_at': '2025-11-18T10:56:49-05:00', 'position': 4, 'updated_at': '2025-11-18T10:57:25-05:00', 'product_id': 10296724619445, 'variant_ids': [], 'src': 'https://cdn.shopify.com/s/files/1/0417/4721/8582/files/rink-drink-hoodie-sleeve-close-red_3e3ee049-5096-424b-9ee1-5230cbfd7f5a.jpg?v=1763481445', 'width': 1000, 'height': 1000}, {'id': 73818749436085, 'created_at': '2025-11-18T10:56:49-05:00', 'position': 5, 'updated_at': '2025-11-18T10:57:25-05:00', 'product_id': 10296724619445, 'variant_ids': [], 'src': 'https://cdn.shopify.com/s/files/1/0417/4721/8582/files/rink-drink-hoodie-back_dca8dbb4-a351-425b-bf4b-d104d493eaea.png?v=1763481445', 'width': 1000, 'height': 1000}, {'id': 73818654802101, 'created_at': '2025-11-18T10:27:51-05:00', 'position': 6, 'updated_at': '2025-11-18T10:57:25-05:00', 'product_id': 10296724619445, 'variant_ids': [], 'src': 'https://cdn.shopify.com/s/files/1/0417/4721/8582/files/rink-drink-hoodie-hockey-card.png?v=1763481445', 'width': 1080, 'height': 1350}]","[{'name': 'Size', 'position': 1, 'values': ['S', 'M', 'L', 'XL', '2XL']}]",https://anchoredcoffee.com/products/anchored-x-matty-rink-drink-hoodie,,,,,,,,,,,
29,52030240719029,M,M,,,,True,True,,True,90.00,748,,2,10296724619445,2025-11-18T10:26:36-05:00,2026-10-09T07:37:15-04:00,10296724619445,Anchored x Matty Rink Drink Hoodie,anchored-x-matty-rink-drink-hoodie,2025-11-19T19:23:28-05:00,2025-11-18T10:26:36-05:00,2026-10-09T07:37:15-04:00,Anchored Coffee,,['anchored-x-matty'],"[{'id': 73818749501621, 'created_at': '2025-11-18T10:56:49-05:00', 'position': 1, 'updated_at': '2025-11-18T10:57:25-05:00', 'product_id': 10296724619445, 'variant_ids': [], 'src': 'https://cdn.shopify.com/s/files/1/0417/4721/8582/files/rink-drink-hoodie-front_6660afa7-7408-4644-bf2a-649cda0cc130.png?v=1763481445', 'width': 1000, 'height': 1000}, {'id': 73818749468853, 'created_at': '2025-11-18T10:56:49-05:00', 'position': 2, 'updated_at': '2025-11-18T10:57:25-05:00', 'product_id': 10296724619445, 'variant_ids': [], 'src': 'https://cdn.shopify.com/s/files/1/0417/4721/8582/files/rink-drink-hoodie-front-close_bcd04652-8207-4d32-833a-1f52f3adfd49.jpg?v=1763481445', 'width': 1000, 'height': 1000}, {'id': 73818749403317, 'created_at': '2025-11-18T10:56:49-05:00', 'position': 3, 'updated_at': '2025-11-18T10:57:25-05:00', 'product_id': 10296724619445, 'variant_ids': [], 'src': 'https://cdn.shopify.com/s/files/1/0417/4721/8582/files/rink-drink-hoodie-back-sleeve-close-white_4f4defeb-f4eb-4c64-a304-7de6c5385f17.jpg?v=1763481445', 'width': 1000, 'height': 1000}, {'id': 73818749534389, 'created_at': '2025-11-18T10:56:49-05:00', 'position': 4, 'updated_at': '2025-11-18T10:57:25-05:00', 'product_id': 10296724619445, 'variant_ids': [], 'src': 'https://cdn.shopify.com/s/files/1/0417/4721/8582/files/rink-drink-hoodie-sleeve-close-red_3e3ee049-5096-424b-9ee1-5230cbfd7f5a.jpg?v=1763481445', 'width': 1000, 'height': 1000}, {'id': 73818749436085, 'created_at': '2025-11-18T10:56:49-05:00', 'position': 5, 'updated_at': '2025-11-18T10:57:25-05:00', 'product_id': 10296724619445, 'variant_ids': [], 'src': 'https://cdn.shopify.com/s/files/1/0417/4721/8582/files/rink-drink-hoodie-back_dca8dbb4-a351-425b-bf4b-d104d493eaea.png?v=1763481445', 'width': 1000, 'height': 1000}, {'id': 73818654802101, 'created_at': '2025-11-18T10:27:51-05:00', 'position': 6, 'updated_at': '2025-11-18T10:57:25-05:00', 'product_id': 10296724619445, 'variant_ids': [], 'src': 'https://cdn.shopify.com/s/files/1/0417/4721/8582/files/rink-drink-hoodie-hockey-card.png?v=1763481445', 'width': 1080, 'height': 1350}]","[{'name': 'Size', 'position': 1, 'values': ['S', 'M', 'L', 'XL', '2XL']}]",https://anchoredcoffee.com/products/anchored-x-matty-rink-drink-hoodie,,,,,,,,,,,
30,52030240751797,L,L,,,,True,True,,True,90.00,748,,3,10296724619445,2025-11-18T10:26:36-05:00,2026-10-09T07:37:15-04:00,10296724619445,Anchored x Matty Rink Drink Hoodie,anchored-x-matty-rink-drink-hoodie,2025-11-19T19:23:28-05:00,2025-11-18T10:26:36-05:00,2026-10-09T07:37:15-04:00,Anchored Coffee,,['anchored-x-matty'],"[{'id': 73818749501621, 'created_at': '2025-11-18T10:56:49-05:00', 'position': 1, 'updated_at': '2025-11-18T10:57:25-05:00', 'product_id': 10296724619445, 'variant_ids': [], 'src': 'https://cdn.shopify.com/s/files/1/0417/4721/8582/files/rink-drink-hoodie-front_6660afa7-7408-4644-bf2a-649cda0cc130.png?v=1763481445', 'width': 1000, 'height': 1000}, {'id': 73818749468853, 'created_at': '2025-11-18T10:56:49-05:00', 'position': 2, 'updated_at': '2025-11-18T10:57:25-05:00', 'product_id': 10296724619445, 'variant_ids': [], 'src': 'https://cdn.shopify.com/s/files/1/0417/4721/8582/files/rink-drink-hoodie-front-close_bcd04652-8207-4d32-833a-1f52f3adfd49.jpg?v=1763481445', 'width': 1000, 'height': 1000}, {'id': 73818749403317, 'created_at': '2025-11-18T10:56:49-05:00', 'position': 3, 'updated_at': '2025-11-18T10:57:25-05:00', 'product_id': 10296724619445, 'variant_ids': [], 'src': 'https://cdn.shopify.com/s/files/1/0417/4721/8582/files/rink-drink-hoodie-back-sleeve-close-white_4f4defeb-f4eb-4c64-a304-7de6c5385f17.jpg?v=1763481445', 'width': 1000, 'height': 1000}, {'id': 73818749534389, 'created_at': '2025-11-18T10:56:49-05:00', 'position': 4, 'updated_at': '2025-11-18T10:57:25-05:00', 'product_id': 10296724619445, 'variant_ids': [], 'src': 'https://cdn.shopify.com/s/files/1/0417/4721/8582/files/rink-drink-hoodie-sleeve-close-red_3e3ee049-5096-424b-9ee1-5230cbfd7f5a.jpg?v=1763481445', 'width': 1000, 'height': 1000}, {'id': 73818749436085, 'created_at': '2025-11-18T10:56:49-05:00', 'position': 5, 'updated_at': '2025-11-18T10:57:25-05:00', 'product_id': 10296724619445, 'variant_ids': [], 'src': 'https://cdn.shopify.com/s/files/1/0417/4721/8582/files/rink-drink-hoodie-back_dca8dbb4-a351-425b-bf4b-d104d493eaea.png?v=1763481445', 'width': 1000, 'height': 1000}, {'id': 73818654802101, 'created_at': '2025-11-18T10:27:51-05:00', 'position': 6, 'updated_at': '2025-11-18T10:57:25-05:00', 'product_id': 10296724619445, 'variant_ids': [], 'src': 'https://cdn.shopify.com/s/files/1/0417/4721/8582/files/rink-drink-hoodie-hockey-card.png?v=1763481445', 'width': 1080, 'height': 1350}]","[{'name': 'Size', 'position': 1, 'values': ['S', 'M', 'L', 'XL', '2XL']}]",https://anchoredcoffee.com/products/anchored-x-matty-rink-drink-hoodie,,,,,,,,,,,
31,52030240784565,XL,XL,,,,True,True,,True,90.00,748,,4,10296724619445,2025-11-18T10:26:36-05:00,2026-10-09T07:37:15-04:00,10296724619445,Anchored x Matty Rink Drink Hoodie,anchored-x-matty-rink-drink-hoodie,2025-11-19T19:23:28-05:00,2025-11-18T10:26:36-05:00,2026-10-09T07:37:15-04:00,Anchored Coffee,,['anchored-x-matty'],"[{'id': 73818749501621, 'created_at': '2025-11-18T10:56:49-05:00', 'position': 1, 'updated_at': '2025-11-18T10:57:25-05:00', 'product_id': 10296724619445, 'variant_ids': [], 'src': 'https://cdn.shopify.com/s/files/1/0417/4721/8582/files/rink-drink-hoodie-front_6660afa7-7408-4644-bf2a-649cda0cc130.png?v=1763481445', 'width': 1000, 'height': 1000}, {'id': 73818749468853, 'created_at': '2025-11-18T10:56:49-05:00', 'position': 2, 'updated_at': '2025-11-18T10:57:25-05:00', 'product_id': 10296724619445, 'variant_ids': [], 'src': 'https://cdn.shopify.com/s/files/1/0417/4721/8582/files/rink-drink-hoodie-front-close_bcd04652-8207-4d32-833a-1f52f3adfd49.jpg?v=1763481445', 'width': 1000, 'height': 1000}, {'id': 73818749403317, 'created_at': '2025-11-18T10:56:49-05:00', 'position': 3, 'updated_at': '2025-11-18T10:57:25-05:00', 'product_id': 10296724619445, 'variant_ids': [], 'src': 'https://cdn.shopify.com/s/files/1/0417/4721/8582/files/rink-drink-hoodie-back-sleeve-close-white_4f4defeb-f4eb-4c64-a304-7de6c5385f17.jpg?v=1763481445', 'width': 1000, 'height': 1000}, {'id': 73818749534389, 'created_at': '2025-11-18T10:56:49-05:00', 'position': 4, 'updated_at': '2025-11-18T10:57:25-05:00', 'product_id': 10296724619445, 'variant_ids': [], 'src': 'https://cdn.shopify.com/s/files/1/0417/4721/8582/files/rink-drink-hoodie-sleeve-close-red_3e3ee049-5096-424b-9ee1-5230cbfd7f5a.jpg?v=1763481445', 'width': 1000, 'height': 1000}, {'id': 73818749436085, 'created_at': '2025-11-18T10:56:49-05:00', 'position': 5, 'updated_at': '2025-11-18T10:57:25-05:00', 'product_id': 10296724619445, 'variant_ids': [], 'src': 'https://cdn.shopify.com/s/files/1/0417/4721/8582/files/rink-drink-hoodie-back_dca8dbb4-a351-425b-bf4b-d104d493eaea.png?v=1763481445', 'width': 1000, 'height': 1000}, {'id': 73818654802101, 'created_at': '2025-11-18T10:27:51-05:00', 'position': 6, 'updated_at': '2025-11-18T10:57:25-05:00', 'product_id': 10296724619445, 'variant_ids': [], 'src': 'https://cdn.shopify.com/s/files/1/0417/4721/8582/files/rink-drink-hoodie-hockey-card.png?v=1763481445', 'width': 1080, 'height': 1350}]","[{'name': 'Size', 'position': 1, 'values': ['S', 'M', 'L', 'XL', '2XL']}]",https://anchoredcoffee.com/products/anchored-x-matty-rink-drink-hoodie,,,,,,,,,,,
32,52030240817333,2XL,2XL,,,,True,True,,True,90.00,748,,5,10296724619445,2025-11-18T10:26:36-05:00,2026-10-09T07:37:15-04:00,10296724619445,Anchored x Matty Rink Drink Hoodie,anchored-x-matty-rink-drink-hoodie,2025-11-19T19:23:28-05:00,2025-11-18T10:26:36-05:00,2026-10-09T07:37:15-04:00,Anchored Coffee,,['anchored-x-matty'],"[{'id': 73818749501621, 'created_at': '2025-11-18T10:56:49-05:00', 'position': 1, 'updated_at': '2025-11-18T10:57:25-05:00', 'product_id': 10296724619445, 'variant_ids': [], 'src': 'https://cdn.shopify.com/s/files/1/0417/4721/8582/files/rink-drink-hoodie-front_6660afa7-7408-4644-bf2a-649cda0cc130.png?v=1763481445', 'width': 1000, 'height': 1000}, {'id': 73818749468853, 'created_at': '2025-11-18T10:56:49-05:00', 'position': 2, 'updated_at': '2025-11-18T10:57:25-05:00', 'product_id': 10296724619445, 'variant_ids': [], 'src': 'https://cdn.shopify.com/s/files/1/0417/4721/8582/files/rink-drink-hoodie-front-close_bcd04652-8207-4d32-833a-1f52f3adfd49.jpg?v=1763481445', 'width': 1000, 'height': 1000}, {'id': 73818749403317, 'created_at': '2025-11-18T10:56:49-05:00', 'position': 3, 'updated_at': '2025-11-18T10:57:25-05:00', 'product_id': 10296724619445, 'variant_ids': [], 'src': 'https://cdn.shopify.com/s/files/1/0417/4721/8582/files/rink-drink-hoodie-back-sleeve-close-white_4f4defeb-f4eb-4c64-a304-7de6c5385f17.jpg?v=1763481445', 'width': 1000, 'height': 1000}, {'id': 73818749534389, 'created_at': '2025-11-18T10:56:49-05:00', 'position': 4, 'updated_at': '2025-11-18T10:57:25-05:00', 'product_id': 10296724619445, 'variant_ids': [], 'src': 'https://cdn.shopify.com/s/files/1/0417/4721/8582/files/rink-drink-hoodie-sleeve-close-red_3e3ee049-5096-424b-9ee1-5230cbfd7f5a.jpg?v=1763481445', 'width': 1000, 'height': 1000}, {'id': 73818749436085, 'created_at': '2025-11-18T10:56:49-05:00', 'position': 5, 'updated_at': '2025-11-18T10:57:25-05:00', 'product_id': 10296724619445, 'variant_ids': [], 'src': 'https://cdn.shopify.com/s/files/1/0417/4721/8582/files/rink-drink-hoodie-back_dca8dbb4-a351-425b-bf4b-d104d493eaea.png?v=1763481445', 'width': 1000, 'height': 1000}, {'id': 73818654802101, 'created_at': '2025-11-18T10:27:51-05:00', 'position': 6, 'updated_at': '2025-11-18T10:57:25-05:00', 'product_id': 10296724619445, 'variant_ids': [], 'src': 'https://cdn.shopify.com/s/files/1/0417/4721/8582/files/rink-drink-hoodie-hockey-card.png?v=1763481445', 'width': 1080, 'height': 1350}]","[{'name': 'Size', 'position': 1, 'values': ['S', 'M', 'L', 'XL', '2XL']}]",https://anchoredcoffee.com/products/anchored-x-matty-rink-drink-hoodie,,,,,,,,,,,
33,52030214471861,Default Title,Default Title,,,,True,True,,True,40.00,249,,1,10296721408181,2025-11-18T09:52:05-05:00,2026-10-09T07:37:15-04:00,10296721408181,Anchored X Matty Rink Drink Mug,anchored-x-matty-rink-drink-mug,2025-11-19T19:23:27-05:00,2025-11-18T09:52:04-05:00,2026-10-09T07:37:15-04:00,Anchored Coffee,,['anchored-x-matty'],"[{'id': 73827806806197, 'created_at': '2025-11-19T13:33:29-05:00', 'position': 1, 'updated_at': '2025-11-19T13:33:30-05:00', 'product_id': 10296721408181, 'variant_ids': [], 'src': 'https://cdn.shopify.com/s/files/1/0417/4721/8582/files/rink-drink-transparent.png?v=1763577210', 'width': 2000, 'height': 2000}, {'id': 73827808903349, 'created_at': '2025-11-19T13:33:50-05:00', 'position': 2, 'updated_at': '2025-11-19T13:35:11-05:00', 'product_id': 10296721408181, 'variant_ids': [], 'src': 'https://cdn.shopify.com/s/files/1/0417/4721/8582/files/matty-merch-nov-18-2025-24.jpg?v=1763577311', 'width': 2000, 'height': 2000}, {'id': 73827808673973, 'created_at': '2025-11-19T13:33:50-05:00', 'position': 3, 'updated_at': '2025-11-19T13:35:11-05:00', 'product_id': 10296721408181, 'variant_ids': [], 'src': 'https://cdn.shopify.com/s/files/1/0417/4721/8582/files/matty-merch-nov-18-2025-23.jpg?v=1763577311', 'width': 2000, 'height': 2000}, {'id': 73827808805045, 'created_at': '2025-11-19T13:33:50-05:00', 'position': 4, 'updated_at': '2025-11-19T13:35:11-05:00', 'product_id': 10296721408181, 'variant_ids': [], 'src': 'https://cdn.shopify.com/s/files/1/0417/4721/8582/files/matty-merch-nov-18-2025-22.jpg?v=1763577311', 'width': 2000, 'height': 2000}, {'id': 73827808739509, 'created_at': '2025-11-19T13:33:50-05:00', 'position': 5, 'updated_at': '2025-11-19T13:35:11-05:00', 'product_id': 10296721408181, 'variant_ids': [], 'src': 'https://cdn.shopify.com/s/files/1/0417/4721/8582/files/matty-merch-nov-18-2025-20.jpg?v=1763577311', 'width': 2000, 'height': 2000}, {'id': 73827808706741, 'created_at': '2025-11-19T13:33:50-05:00', 'position': 6, 'updated_at': '2025-11-19T13:33:51-05:00', 'product_id': 10296721408181, 'variant_ids': [], 'src': 'https://cdn.shopify.com/s/files/1/0417/4721/8582/files/matty-merch-nov-18-2025-25.jpg?v=1763577231', 'width': 2000, 'height': 2000}, {'id': 73828194975925, 'created_at': '2025-11-19T15:05:32-05:00', 'position': 7, 'updated_at': '2025-11-19T15:05:33-05:00', 'product_id': 10296721408181, 'variant_ids': [], 'src': 'https://cdn.shopify.com/s/files/1/0417/4721/8582/files/mug-hockey-card_78bc5d77-492f-4b53-b24c-fa155026a1cd.png?v=1763582733', 'width': 1080, 'height': 1350}]","[{'name': 'Title', 'position': 1, 'values': ['Default Title']}]",https://anchoredcoffee.com/products/anchored-x-matty-rink-drink-mug,,,,,,,,,,,
34,52030214078645,Default Title,Default Title,,,,True,True,,True,30.00,249,,1,10296721309877,2025-11-18T09:49:54-05:00,2026-10-09T07:37:15-04:00,10296721309877,Anchored X Matty Rink Drink Tote,anchored-x-matty-rink-drink-tote,2025-11-19T19:23:26-05:00,2025-11-18T09:49:54-05:00,2026-10-09T07:37:15-04:00,Anchored Coffee,,['anchored-x-matty'],"[{'id': 73818540212405, 'created_at': '2025-11-18T09:56:19-05:00', 'position': 1, 'updated_at': '2025-11-18T09:56:37-05:00', 'product_id': 10296721309877, 'variant_ids': [], 'src': 'https://cdn.shopify.com/s/files/1/0417/4721/8582/files/rink_drink_tote_product_front_94c8e921-9f9b-45b6-99d7-4565f0406fe0.png?v=1763477797', 'width': 1000, 'height': 1000}, {'id': 73818540114101, 'created_at': '2025-11-18T09:56:19-05:00', 'position': 2, 'updated_at': '2025-11-18T09:56:37-05:00', 'product_id': 10296721309877, 'variant_ids': [], 'src': 'https://cdn.shopify.com/s/files/1/0417/4721/8582/files/rink_drink_tote_product_back_2ab44f0c-2be3-4ade-a308-0b8286556fd7.png?v=1763477797', 'width': 1000, 'height': 1000}, {'id': 73818540146869, 'created_at': '2025-11-18T09:56:19-05:00', 'position': 3, 'updated_at': '2025-11-18T09:56:37-05:00', 'product_id': 10296721309877, 'variant_ids': [], 'src': 'https://cdn.shopify.com/s/files/1/0417/4721/8582/files/rink_drink_tote_product_close_logo_550c5668-3a76-44e2-a512-8c9d73fe1b4a.jpg?v=1763477797', 'width': 1000, 'height': 1000}, {'id': 73818540179637, 'created_at': '2025-11-18T09:56:19-05:00', 'position': 4, 'updated_at': '2025-11-18T09:56:37-05:00', 'product_id': 10296721309877, 'variant_ids': [], 'src': 'https://cdn.shopify.com/s/files/1/0417/4721/8582/files/rink_drink_tote_product_close_word_fdd494d1-ce2e-44f4-a233-aea0b24ce4dc.jpg?v=1763477797', 'width': 1000, 'height': 1000}, {'id': 73818540245173, 'created_at': '2025-11-18T09:56:19-05:00', 'position': 5, 'updated_at': '2025-11-18T09:56:20-05:00', 'product_id': 10296721309877, 'variant_ids': [], 'src': 'https://cdn.shopify.com/s/files/1/0417/4721/8582/files/rink_drink_tote_product_tag_a3b7aabc-c874-4ad2-8962-0e9605fc7d66.jpg?v=1763477780', 'width': 1000, 'height': 1000}, {'id': 73818534084789, 'created_at': '2025-11-18T09:50:47-05:00', 'position': 6, 'updated_at': '2025-11-18T09:51:08-05:00', 'product_id': 10296721309877, 'variant_ids': [], 'src': 'https://cdn.shopify.com/s/files/1/0417/4721/8582/files/rink-drink-tote-hockey-card.png?v=1763477468', 'width': 1080, 'height': 1350}]","[{'name': 'Title', 'position': 1, 'values': ['Default Title']}]",https://anchoredcoffee.com/products/anchored-x-matty-rink-drink-tote,,,,,,,,,,,
35,52030213914805,Default Title,Default Title,,,,True,True,,True,22.00,113,,1,10296721244341,2025-11-18T09:49:08-05:00,2026-10-09T07:37:15-04:00,10296721244341,Anchored X Matty Rink Drink Hockey Puck,anchored-x-matty-rink-drink-hockey-puck,2025-11-19T19:23:26-05:00,2025-11-18T09:49:08-05:00,2026-10-09T07:37:15-04:00,Anchored Coffee,,['anchored-x-matty'],"[{'id': 73818532774069, 'created_at': '2025-11-18T09:48:41-05:00', 'position': 1, 'updated_at': '2025-11-18T09:48:42-05:00', 'product_id': 10296721244341, 'variant_ids': [], 'src': 'https://cdn.shopify.com/s/files/1/0417/4721/8582/files/rink-drink-hockey-puck-product_1.webp?v=1763477322', 'width': 713, 'height': 713}, {'id': 73818532806837, 'created_at': '2025-11-18T09:48:44-05:00', 'position': 2, 'updated_at': '2025-11-18T09:48:46-05:00', 'product_id': 10296721244341, 'variant_ids': [], 'src': 'https://cdn.shopify.com/s/files/1/0417/4721/8582/files/rink_drink_puck_life_ref.webp?v=1763477326', 'width': 713, 'height': 713}, {'id': 73818532839605, 'created_at': '2025-11-18T09:48:48-05:00', 'position': 3, 'updated_at': '2025-11-18T09:48:49-05:00', 'product_id': 10296721244341, 'variant_ids': [], 'src': 'https://cdn.shopify.com/s/files/1/0417/4721/8582/files/rink-drink-puck-life-bench.webp?v=1763477329', 'width': 713, 'height': 713}, {'id': 73818532872373, 'created_at': '2025-11-18T09:48:50-05:00', 'position': 4, 'updated_at': '2025-11-18T09:48:52-05:00', 'product_id': 10296721244341, 'variant_ids': [], 'src': 'https://cdn.shopify.com/s/files/1/0417/4721/8582/files/rink-drink-puck-life-cards.webp?v=1763477332', 'width': 713, 'height': 713}, {'id': 73828193239221, 'created_at': '2025-11-19T15:05:07-05:00', 'position': 5, 'updated_at': '2025-11-19T15:05:09-05:00', 'product_id': 10296721244341, 'variant_ids': [], 'src': 'https://cdn.shopify.com/s/files/1/0417/4721/8582/files/puck-hockey-card.png?v=1763582709', 'width': 1080, 'height': 1350}]","[{'name': 'Title', 'position': 1, 'values': ['Default Title']}]",https://anchoredcoffee.com/products/anchored-x-matty-rink-drink-hockey-puck,,,,,,,,,,,
36,52030213128373,S,S,,,,True,True,,True,45.00,204,,1,10296720818357,2025-11-18T09:45:42-05:00,2026-10-09T07:37:15-04:00,10296720818357,Anchored x Matty Rink Drink T-Shirt,anchored-x-matty-rink-drink-t-shirt,2025-11-19T19:23:25-05:00,2025-11-18T09:45:42-05:00,2026-10-09T07:37:15-04:00,Anchored Coffee,,['anchored-x-matty'],"[{'id': 73818530709685, 'created_at': '2025-11-18T09:47:04-05:00', 'position': 1, 'updated_at': '2025-11-18T09:47:45-05:00', 'product_id': 10296720818357, 'variant_ids': [], 'src': 'https://cdn.shopify.com/s/files/1/0417/4721/8582/files/rink-drink-tshirt-front.png?v=1763477265', 'width': 1000, 'height': 1000}, {'id': 73818530676917, 'created_at': '2025-11-18T09:47:04-05:00', 'position': 2, 'updated_at': '2025-11-18T09:47:45-05:00', 'product_id': 10296720818357, 'variant_ids': [], 'src': 'https://cdn.shopify.com/s/files/1/0417/4721/8582/files/rink-drink-tshirt-back.png?v=1763477265', 'width': 1000, 'height': 1000}, {'id': 73818530644149, 'created_at': '2025-11-18T09:47:04-05:00', 'position': 3, 'updated_at': '2025-11-18T09:47:45-05:00', 'product_id': 10296720818357, 'variant_ids': [], 'src': 'https://cdn.shopify.com/s/files/1/0417/4721/8582/files/rink-drink-tshirt-close-back.jpg?v=1763477265', 'width': 1000, 'height': 1000}, {'id': 73818530611381, 'created_at': '2025-11-18T09:47:03-05:00', 'position': 4, 'updated_at': '2025-11-18T09:47:45-05:00', 'product_id': 10296720818357, 'variant_ids': [], 'src': 'https://cdn.shopify.com/s/files/1/0417/4721/8582/files/rink-drink-tshirt-close-front.jpg?v=1763477265', 'width': 1000, 'height': 1000}, {'id': 73818530119861, 'created_at': '2025-11-18T09:46:36-05:00', 'position': 5, 'updated_at': '2025-11-18T09:47:45-05:00', 'product_id': 10296720818357, 'variant_ids': [], 'src': 'https://cdn.shopify.com/s/files/1/0417/4721/8582/files/rink-drink-tee-hockey-card.png?v=1763477265', 'width': 1080, 'height': 1350}]","[{'name': 'Size', 'position': 1, 'values': ['S', 'M', 'L', 'XL', '2XL']}]",https://anchoredcoffee.com/products/anchored-x-matty-rink-drink-t-shirt,,,,,,,,,,,
37,52030213161141,M,M,,,,True,True,,True,45.00,204,,2,10296720818357,2025-11-18T09:45:42-05:00,2026-10-09T07:37:15-04:00,10296720818357,Anchored x Matty Rink Drink T-Shirt,anchored-x-matty-rink-drink-t-shirt,2025-11-19T19:23:25-05:00,2025-11-18T09:45:42-05:00,2026-10-09T07:37:15-04:00,Anchored Coffee,,['anchored-x-matty'],"[{'id': 73818530709685, 'created_at': '2025-11-18T09:47:04-05:00', 'position': 1, 'updated_at': '2025-11-18T09:47:45-05:00', 'product_id': 10296720818357, 'variant_ids': [], 'src': 'https://cdn.shopify.com/s/files/1/0417/4721/8582/files/rink-drink-tshirt-front.png?v=1763477265', 'width': 1000, 'height': 1000}, {'id': 73818530676917, 'created_at': '2025-11-18T09:47:04-05:00', 'position': 2, 'updated_at': '2025-11-18T09:47:45-05:00', 'product_id': 10296720818357, 'variant_ids': [], 'src': 'https://cdn.shopify.com/s/files/1/0417/4721/8582/files/rink-drink-tshirt-back.png?v=1763477265', 'width': 1000, 'height': 1000}, {'id': 73818530644149, 'created_at': '2025-11-18T09:47:04-05:00', 'position': 3, 'updated_at': '2025-11-18T09:47:45-05:00', 'product_id': 10296720818357, 'variant_ids': [], 'src': 'https://cdn.shopify.com/s/files/1/0417/4721/8582/files/rink-drink-tshirt-close-back.jpg?v=1763477265', 'width': 1000, 'height': 1000}, {'id': 73818530611381, 'created_at': '2025-11-18T09:47:03-05:00', 'position': 4, 'updated_at': '2025-11-18T09:47:45-05:00', 'product_id': 10296720818357, 'variant_ids': [], 'src': 'https://cdn.shopify.com/s/files/1/0417/4721/8582/files/rink-drink-tshirt-close-front.jpg?v=1763477265', 'width': 1000, 'height': 1000}, {'id': 73818530119861, 'created_at': '2025-11-18T09:46:36-05:00', 'position': 5, 'updated_at': '2025-11-18T09:47:45-05:00', 'product_id': 10296720818357, 'variant_ids': [], 'src': 'https://cdn.shopify.com/s/files/1/0417/4721/8582/files/rink-drink-tee-hockey-card.png?v=1763477265', 'width': 1080, 'height': 1350}]","[{'name': 'Size', 'position': 1, 'values': ['S', 'M', 'L', 'XL', '2XL']}]",https://anchoredcoffee.com/products/anchored-x-matty-rink-drink-t-shirt,,,,,,,,,,,
38,52030213193909,L,L,,,,True,True,,False,45.00,204,,3,10296720818357,2025-11-18T09:45:42-05:00,2026-10-09T07:37:15-04:00,10296720818357,Anchored x Matty Rink Drink T-Shirt,anchored-x-matty-rink-drink-t-shirt,2025-11-19T19:23:25-05:00,2025-11-18T09:45:42-05:00,2026-10-09T07:37:15-04:00,Anchored Coffee,,['anchored-x-matty'],"[{'id': 73818530709685, 'created_at': '2025-11-18T09:47:04-05:00', 'position': 1, 'updated_at': '2025-11-18T09:47:45-05:00', 'product_id': 10296720818357, 'variant_ids': [], 'src': 'https://cdn.shopify.com/s/files/1/0417/4721/8582/files/rink-drink-tshirt-front.png?v=1763477265', 'width': 1000, 'height': 1000}, {'id': 73818530676917, 'created_at': '2025-11-18T09:47:04-05:00', 'position': 2, 'updated_at': '2025-11-18T09:47:45-05:00', 'product_id': 10296720818357, 'variant_ids': [], 'src': 'https://cdn.shopify.com/s/files/1/0417/4721/8582/files/rink-drink-tshirt-back.png?v=1763477265', 'width': 1000, 'height': 1000}, {'id': 73818530644149, 'created_at': '2025-11-18T09:47:04-05:00', 'position': 3, 'updated_at': '2025-11-18T09:47:45-05:00', 'product_id': 10296720818357, 'variant_ids': [], 'src': 'https://cdn.shopify.com/s/files/1/0417/4721/8582/files/rink-drink-tshirt-close-back.jpg?v=1763477265', 'width': 1000, 'height': 1000}, {'id': 73818530611381, 'created_at': '2025-11-18T09:47:03-05:00', 'position': 4, 'updated_at': '2025-11-18T09:47:45-05:00', 'product_id': 10296720818357, 'variant_ids': [], 'src': 'https://cdn.shopify.com/s/files/1/0417/4721/8582/files/rink-drink-tshirt-close-front.jpg?v=1763477265', 'width': 1000, 'height': 1000}, {'id': 73818530119861, 'created_at': '2025-11-18T09:46:36-05:00', 'position': 5, 'updated_at': '2025-11-18T09:47:45-05:00', 'product_id': 10296720818357, 'variant_ids': [], 'src': 'https://cdn.shopify.com/s/files/1/0417/4721/8582/files/rink-drink-tee-hockey-card.png?v=1763477265', 'width': 1080, 'height': 1350}]","[{'name': 'Size', 'position': 1, 'values': ['S', 'M', 'L', 'XL', '2XL']}]",https://anchoredcoffee.com/products/anchored-x-matty-rink-drink-t-shirt,,,,,,,,,,,
39,52030213226677,XL,XL,,,,True,True,,False,45.00,204,,4,10296720818357,2025-11-18T09:45:42-05:00,2026-10-09T07:37:15-04:00,10296720818357,Anchored x Matty Rink Drink T-Shirt,anchored-x-matty-rink-drink-t-shirt,2025-11-19T19:23:25-05:00,2025-11-18T09:45:42-05:00,2026-10-09T07:37:15-04:00,Anchored Coffee,,['anchored-x-matty'],"[{'id': 73818530709685, 'created_at': '2025-11-18T09:47:04-05:00', 'position': 1, 'updated_at': '2025-11-18T09:47:45-05:00', 'product_id': 10296720818357, 'variant_ids': [], 'src': 'https://cdn.shopify.com/s/files/1/0417/4721/8582/files/rink-drink-tshirt-front.png?v=1763477265', 'width': 1000, 'height': 1000}, {'id': 73818530676917, 'created_at': '2025-11-18T09:47:04-05:00', 'position': 2, 'updated_at': '2025-11-18T09:47:45-05:00', 'product_id': 10296720818357, 'variant_ids': [], 'src': 'https://cdn.shopify.com/s/files/1/0417/4721/8582/files/rink-drink-tshirt-back.png?v=1763477265', 'width': 1000, 'height': 1000}, {'id': 73818530644149, 'created_at': '2025-11-18T09:47:04-05:00', 'position': 3, 'updated_at': '2025-11-18T09:47:45-05:00', 'product_id': 10296720818357, 'variant_ids': [], 'src': 'https://cdn.shopify.com/s/files/1/0417/4721/8582/files/rink-drink-tshirt-close-back.jpg?v=1763477265', 'width': 1000, 'height': 1000}, {'id': 73818530611381, 'created_at': '2025-11-18T09:47:03-05:00', 'position': 4, 'updated_at': '2025-11-18T09:47:45-05:00', 'product_id': 10296720818357, 'variant_ids': [], 'src': 'https://cdn.shopify.com/s/files/1/0417/4721/8582/files/rink-drink-tshirt-close-front.jpg?v=1763477265', 'width': 1000, 'height': 1000}, {'id': 73818530119861, 'created_at': '2025-11-18T09:46:36-05:00', 'position': 5, 'updated_at': '2025-11-18T09:47:45-05:00', 'product_id': 10296720818357, 'variant_ids': [], 'src': 'https://cdn.shopify.com/s/files/1/0417/4721/8582/files/rink-drink-tee-hockey-card.png?v=1763477265', 'width': 1080, 'height': 1350}]","[{'name': 'Size', 'position': 1, 'values': ['S', 'M', 'L', 'XL', '2XL']}]",https://anchoredcoffee.com/products/anchored-x-matty-rink-drink-t-shirt,,,,,,,,,,,
40,52030213259445,2XL,2XL,,,,True,True,,True,45.00,204,,5,10296720818357,2025-11-18T09:45:42-05:00,2026-10-09T07:37:15-04:00,10296720818357,Anchored x Matty Rink Drink T-Shirt,anchored-x-matty-rink-drink-t-shirt,2025-11-19T19:23:25-05:00,2025-11-18T09:45:42-05:00,2026-10-09T07:37:15-04:00,Anchored Coffee,,['anchored-x-matty'],"[{'id': 73818530709685, 'created_at': '2025-11-18T09:47:04-05:00', 'position': 1, 'updated_at': '2025-11-18T09:47:45-05:00', 'product_id': 10296720818357, 'variant_ids': [], 'src': 'https://cdn.shopify.com/s/files/1/0417/4721/8582/files/rink-drink-tshirt-front.png?v=1763477265', 'width': 1000, 'height': 1000}, {'id': 73818530676917, 'created_at': '2025-11-18T09:47:04-05:00', 'position': 2, 'updated_at': '2025-11-18T09:47:45-05:00', 'product_id': 10296720818357, 'variant_ids': [], 'src': 'https://cdn.shopify.com/s/files/1/0417/4721/8582/files/rink-drink-tshirt-back.png?v=1763477265', 'width': 1000, 'height': 1000}, {'id': 73818530644149, 'created_at': '2025-11-18T09:47:04-05:00', 'position': 3, 'updated_at': '2025-11-18T09:47:45-05:00', 'product_id': 10296720818357, 'variant_ids': [], 'src': 'https://cdn.shopify.com/s/files/1/0417/4721/8582/files/rink-drink-tshirt-close-back.jpg?v=1763477265', 'width': 1000, 'height': 1000}, {'id': 73818530611381, 'created_at': '2025-11-18T09:47:03-05:00', 'position': 4, 'updated_at': '2025-11-18T09:47:45-05:00', 'product_id': 10296720818357, 'variant_ids': [], 'src': 'https://cdn.shopify.com/s/files/1/0417/4721/8582/files/rink-drink-tshirt-close-front.jpg?v=1763477265', 'width': 1000, 'height': 1000}, {'id': 73818530119861, 'created_at': '2025-11-18T09:46:36-05:00', 'position': 5, 'updated_at': '2025-11-18T09:47:45-05:00', 'product_id': 10296720818357, 'variant_ids': [], 'src': 'https://cdn.shopify.com/s/files/1/0417/4721/8582/files/rink-drink-tee-hockey-card.png?v=1763477265', 'width': 1080, 'height': 1350}]","[{'name': 'Size', 'position': 1, 'values': ['S', 'M', 'L', 'XL', '2XL']}]",https://anchoredcoffee.com/products/anchored-x-matty-rink-drink-t-shirt,,,,,,,,,,,
41,52030212440245,Default Title,Default Title,,,,True,True,,False,40.00,91,,1,10296720326837,2025-11-18T09:42:37-05:00,2026-10-09T07:37:15-04:00,10296720326837,Anchored X Matty Rink Drink Hat,anchored-x-matty-rink-drink-hat,2025-11-19T19:23:25-05:00,2025-11-18T09:42:37-05:00,2026-10-09T07:37:15-04:00,Anchored Coffee,,['anchored-x-matty'],"[{'id': 73818519896245, 'created_at': '2025-11-18T09:41:57-05:00', 'position': 1, 'updated_at': '2025-11-18T09:45:07-05:00', 'product_id': 10296720326837, 'variant_ids': [], 'src': 'https://cdn.shopify.com/s/files/1/0417/4721/8582/files/rink_drink_hat_product_front.png?v=1763477107', 'width': 1000, 'height': 1000}, {'id': 73818519863477, 'created_at': '2025-11-18T09:41:57-05:00', 'position': 2, 'updated_at': '2025-11-18T09:45:07-05:00', 'product_id': 10296720326837, 'variant_ids': [], 'src': 'https://cdn.shopify.com/s/files/1/0417/4721/8582/files/rink_drink_hat_product_close.jpg?v=1763477107', 'width': 1000, 'height': 1000}, {'id': 73818519929013, 'created_at': '2025-11-18T09:41:57-05:00', 'position': 3, 'updated_at': '2025-11-18T09:45:07-05:00', 'product_id': 10296720326837, 'variant_ids': [], 'src': 'https://cdn.shopify.com/s/files/1/0417/4721/8582/files/rink_drink_hat_product_inside.jpg?v=1763477107', 'width': 1000, 'height': 1000}, {'id': 73818519961781, 'created_at': '2025-11-18T09:41:57-05:00', 'position': 4, 'updated_at': '2025-11-18T09:45:07-05:00', 'product_id': 10296720326837, 'variant_ids': [], 'src': 'https://cdn.shopify.com/s/files/1/0417/4721/8582/files/rink_drink_hat_product_tag.jpg?v=1763477107', 'width': 1000, 'height': 1000}, {'id': 73818520354997, 'created_at': '2025-11-18T09:42:06-05:00', 'position': 5, 'updated_at': '2025-11-18T09:45:07-05:00', 'product_id': 10296720326837, 'variant_ids': [], 'src': 'https://cdn.shopify.com/s/files/1/0417/4721/8582/files/rink-drink-hat-hockey-card.png?v=1763477107', 'width': 1080, 'height': 1350}, {'id': 73818519830709, 'created_at': '2025-11-18T09:41:57-05:00', 'position': 6, 'updated_at': '2025-11-18T09:45:07-05:00', 'product_id': 10296720326837, 'variant_ids': [], 'src': 'https://cdn.shopify.com/s/files/1/0417/4721/8582/files/rink_drink_hat_product_back.png?v=1763477107', 'width': 1000, 'height': 1000}]","[{'name': 'Title', 'position': 1, 'values': ['Default Title']}]",https://anchoredcoffee.com/products/anchored-x-matty-rink-drink-hat,,,,,,,,,,,
42,52030211883189,S,S,,,,True,True,,True,150.00,680,,1,10296720031925,2025-11-18T09:40:19-05:00,2026-10-09T07:37:15-04:00,10296720031925,Anchored x Matty Rink Drink Jersey,anchored-x-matty-rink-drink-jersey,2025-11-19T19:23:24-05:00,2025-11-18T09:40:18-05:00,2026-10-09T07:37:15-04:00,Anchored Coffee,,['anchored-x-matty'],"[{'id': 73818507837621, 'created_at': '2025-11-18T09:36:02-05:00', 'position': 1, 'updated_at': '2025-11-18T09:36:04-05:00', 'product_id': 10296720031925, 'variant_ids': [], 'src': 'https://cdn.shopify.com/s/files/1/0417/4721/8582/files/rink-drink-jersey-front.png?v=1763476564', 'width': 1000, 'height': 1000}, {'id': 73818502725813, 'created_at': '2025-11-18T09:35:19-05:00', 'position': 2, 'updated_at': '2025-11-18T09:38:07-05:00', 'product_id': 10296720031925, 'variant_ids': [], 'src': 'https://cdn.shopify.com/s/files/1/0417/4721/8582/files/hockey-jersey-hockey-card.png?v=1763476687', 'width': 1080, 'height': 1350}, {'id': 73818507968693, 'created_at': '2025-11-18T09:36:02-05:00', 'position': 3, 'updated_at': '2025-11-18T09:36:04-05:00', 'product_id': 10296720031925, 'variant_ids': [], 'src': 'https://cdn.shopify.com/s/files/1/0417/4721/8582/files/rink-drink-jersey-82-close.jpg?v=1763476564', 'width': 1000, 'height': 1000}, {'id': 73818507903157, 'created_at': '2025-11-18T09:36:02-05:00', 'position': 4, 'updated_at': '2025-11-18T09:36:04-05:00', 'product_id': 10296720031925, 'variant_ids': [], 'src': 'https://cdn.shopify.com/s/files/1/0417/4721/8582/files/rink-drink-jersey-a-close.jpg?v=1763476564', 'width': 1000, 'height': 1000}, {'id': 73818507935925, 'created_at': '2025-11-18T09:36:02-05:00', 'position': 5, 'updated_at': '2025-11-18T09:36:04-05:00', 'product_id': 10296720031925, 'variant_ids': [], 'src': 'https://cdn.shopify.com/s/files/1/0417/4721/8582/files/rink-drink-jersey-front-close.jpg?v=1763476564', 'width': 1000, 'height': 1000}, {'id': 73818507804853, 'created_at': '2025-11-18T09:36:02-05:00', 'position': 6, 'updated_at': '2025-11-18T09:36:04-05:00', 'product_id': 10296720031925, 'variant_ids': [], 'src': 'https://cdn.shopify.com/s/files/1/0417/4721/8582/files/rink-drink-jersey-hem-close.jpg?v=1763476564', 'width': 1000, 'height': 1000}, {'id': 73818507772085, 'created_at': '2025-11-18T09:36:02-05:00', 'position': 7, 'updated_at': '2025-11-18T09:36:04-05:00', 'product_id': 10296720031925, 'variant_ids': [], 'src': 'https://cdn.shopify.com/s/files/1/0417/4721/8582/files/rink-drink-jersey-lace-close.jpg?v=1763476564', 'width': 1000, 'height': 1000}, {'id': 73818507870389, 'created_at': '2025-11-18T09:36:02-05:00', 'position': 8, 'updated_at': '2025-11-18T09:36:04-05:00', 'product_id': 10296720031925, 'variant_ids': [], 'src': 'https://cdn.shopify.com/s/files/1/0417/4721/8582/files/rink-drink-jersey-shoulder-close.jpg?v=1763476564', 'width': 1000, 'height': 1000}, {'id': 73818507739317, 'created_at': '2025-11-18T09:36:02-05:00', 'position': 9, 'updated_at': '2025-11-18T09:36:04-05:00', 'product_id': 10296720031925, 'variant_ids': [], 'src': 'https://cdn.shopify.com/s/files/1/0417/4721/8582/files/rink-drink-jersey-sleeve-close.jpg?v=1763476564', 'width': 1000, 'height': 1000}, {'id': 73818508001461, 'created_at': '2025-11-18T09:36:02-05:00', 'position': 10, 'updated_at': '2025-11-18T09:36:04-05:00', 'product_id': 10296720031925, 'variant_ids': [], 'src': 'https://cdn.shopify.com/s/files/1/0417/4721/8582/files/rink-drink-jersey-back.png?v=1763476564', 'width': 1000, 'height': 1000}]","[{'name': 'Size', 'position': 1, 'values': ['S', 'M', 'L', 'XL', '2XL']}]",https://anchoredcoffee.com/products/anchored-x-matty-rink-drink-jersey,,,,,,,,,,,
43,52030211915957,M,M,,,,True,True,,True,150.00,680,,2,10296720031925,2025-11-18T09:40:19-05:00,2026-10-09T07:37:15-04:00,10296720031925,Anchored x Matty Rink Drink Jersey,anchored-x-matty-rink-drink-jersey,2025-11-19T19:23:24-05:00,2025-11-18T09:40:18-05:00,2026-10-09T07:37:15-04:00,Anchored Coffee,,['anchored-x-matty'],"[{'id': 73818507837621, 'created_at': '2025-11-18T09:36:02-05:00', 'position': 1, 'updated_at': '2025-11-18T09:36:04-05:00', 'product_id': 10296720031925, 'variant_ids': [], 'src': 'https://cdn.shopify.com/s/files/1/0417/4721/8582/files/rink-drink-jersey-front.png?v=1763476564', 'width': 1000, 'height': 1000}, {'id': 73818502725813, 'created_at': '2025-11-18T09:35:19-05:00', 'position': 2, 'updated_at': '2025-11-18T09:38:07-05:00', 'product_id': 10296720031925, 'variant_ids': [], 'src': 'https://cdn.shopify.com/s/files/1/0417/4721/8582/files/hockey-jersey-hockey-card.png?v=1763476687', 'width': 1080, 'height': 1350}, {'id': 73818507968693, 'created_at': '2025-11-18T09:36:02-05:00', 'position': 3, 'updated_at': '2025-11-18T09:36:04-05:00', 'product_id': 10296720031925, 'variant_ids': [], 'src': 'https://cdn.shopify.com/s/files/1/0417/4721/8582/files/rink-drink-jersey-82-close.jpg?v=1763476564', 'width': 1000, 'height': 1000}, {'id': 73818507903157, 'created_at': '2025-11-18T09:36:02-05:00', 'position': 4, 'updated_at': '2025-11-18T09:36:04-05:00', 'product_id': 10296720031925, 'variant_ids': [], 'src': 'https://cdn.shopify.com/s/files/1/0417/4721/8582/files/rink-drink-jersey-a-close.jpg?v=1763476564', 'width': 1000, 'height': 1000}, {'id': 73818507935925, 'created_at': '2025-11-18T09:36:02-05:00', 'position': 5, 'updated_at': '2025-11-18T09:36:04-05:00', 'product_id': 10296720031925, 'variant_ids': [], 'src': 'https://cdn.shopify.com/s/files/1/0417/4721/8582/files/rink-drink-jersey-front-close.jpg?v=1763476564', 'width': 1000, 'height': 1000}, {'id': 73818507804853, 'created_at': '2025-11-18T09:36:02-05:00', 'position': 6, 'updated_at': '2025-11-18T09:36:04-05:00', 'product_id': 10296720031925, 'variant_ids': [], 'src': 'https://cdn.shopify.com/s/files/1/0417/4721/8582/files/rink-drink-jersey-hem-close.jpg?v=1763476564', 'width': 1000, 'height': 1000}, {'id': 73818507772085, 'created_at': '2025-11-18T09:36:02-05:00', 'position': 7, 'updated_at': '2025-11-18T09:36:04-05:00', 'product_id': 10296720031925, 'variant_ids': [], 'src': 'https://cdn.shopify.com/s/files/1/0417/4721/8582/files/rink-drink-jersey-lace-close.jpg?v=1763476564', 'width': 1000, 'height': 1000}, {'id': 73818507870389, 'created_at': '2025-11-18T09:36:02-05:00', 'position': 8, 'updated_at': '2025-11-18T09:36:04-05:00', 'product_id': 10296720031925, 'variant_ids': [], 'src': 'https://cdn.shopify.com/s/files/1/0417/4721/8582/files/rink-drink-jersey-shoulder-close.jpg?v=1763476564', 'width': 1000, 'height': 1000}, {'id': 73818507739317, 'created_at': '2025-11-18T09:36:02-05:00', 'position': 9, 'updated_at': '2025-11-18T09:36:04-05:00', 'product_id': 10296720031925, 'variant_ids': [], 'src': 'https://cdn.shopify.com/s/files/1/0417/4721/8582/files/rink-drink-jersey-sleeve-close.jpg?v=1763476564', 'width': 1000, 'height': 1000}, {'id': 73818508001461, 'created_at': '2025-11-18T09:36:02-05:00', 'position': 10, 'updated_at': '2025-11-18T09:36:04-05:00', 'product_id': 10296720031925, 'variant_ids': [], 'src': 'https://cdn.shopify.com/s/files/1/0417/4721/8582/files/rink-drink-jersey-back.png?v=1763476564', 'width': 1000, 'height': 1000}]","[{'name': 'Size', 'position': 1, 'values': ['S', 'M', 'L', 'XL', '2XL']}]",https://anchoredcoffee.com/products/anchored-x-matty-rink-drink-jersey,,,,,,,,,,,
44,52030211948725,L,L,,,,True,True,,True,150.00,680,,3,10296720031925,2025-11-18T09:40:19-05:00,2026-10-09T07:37:15-04:00,10296720031925,Anchored x Matty Rink Drink Jersey,anchored-x-matty-rink-drink-jersey,2025-11-19T19:23:24-05:00,2025-11-18T09:40:18-05:00,2026-10-09T07:37:15-04:00,Anchored Coffee,,['anchored-x-matty'],"[{'id': 73818507837621, 'created_at': '2025-11-18T09:36:02-05:00', 'position': 1, 'updated_at': '2025-11-18T09:36:04-05:00', 'product_id': 10296720031925, 'variant_ids': [], 'src': 'https://cdn.shopify.com/s/files/1/0417/4721/8582/files/rink-drink-jersey-front.png?v=1763476564', 'width': 1000, 'height': 1000}, {'id': 73818502725813, 'created_at': '2025-11-18T09:35:19-05:00', 'position': 2, 'updated_at': '2025-11-18T09:38:07-05:00', 'product_id': 10296720031925, 'variant_ids': [], 'src': 'https://cdn.shopify.com/s/files/1/0417/4721/8582/files/hockey-jersey-hockey-card.png?v=1763476687', 'width': 1080, 'height': 1350}, {'id': 73818507968693, 'created_at': '2025-11-18T09:36:02-05:00', 'position': 3, 'updated_at': '2025-11-18T09:36:04-05:00', 'product_id': 10296720031925, 'variant_ids': [], 'src': 'https://cdn.shopify.com/s/files/1/0417/4721/8582/files/rink-drink-jersey-82-close.jpg?v=1763476564', 'width': 1000, 'height': 1000}, {'id': 73818507903157, 'created_at': '2025-11-18T09:36:02-05:00', 'position': 4, 'updated_at': '2025-11-18T09:36:04-05:00', 'product_id': 10296720031925, 'variant_ids': [], 'src': 'https://cdn.shopify.com/s/files/1/0417/4721/8582/files/rink-drink-jersey-a-close.jpg?v=1763476564', 'width': 1000, 'height': 1000}, {'id': 73818507935925, 'created_at': '2025-11-18T09:36:02-05:00', 'position': 5, 'updated_at': '2025-11-18T09:36:04-05:00', 'product_id': 10296720031925, 'variant_ids': [], 'src': 'https://cdn.shopify.com/s/files/1/0417/4721/8582/files/rink-drink-jersey-front-close.jpg?v=1763476564', 'width': 1000, 'height': 1000}, {'id': 73818507804853, 'created_at': '2025-11-18T09:36:02-05:00', 'position': 6, 'updated_at': '2025-11-18T09:36:04-05:00', 'product_id': 10296720031925, 'variant_ids': [], 'src': 'https://cdn.shopify.com/s/files/1/0417/4721/8582/files/rink-drink-jersey-hem-close.jpg?v=1763476564', 'width': 1000, 'height': 1000}, {'id': 73818507772085, 'created_at': '2025-11-18T09:36:02-05:00', 'position': 7, 'updated_at': '2025-11-18T09:36:04-05:00', 'product_id': 10296720031925, 'variant_ids': [], 'src': 'https://cdn.shopify.com/s/files/1/0417/4721/8582/files/rink-drink-jersey-lace-close.jpg?v=1763476564', 'width': 1000, 'height': 1000}, {'id': 73818507870389, 'created_at': '2025-11-18T09:36:02-05:00', 'position': 8, 'updated_at': '2025-11-18T09:36:04-05:00', 'product_id': 10296720031925, 'variant_ids': [], 'src': 'https://cdn.shopify.com/s/files/1/0417/4721/8582/files/rink-drink-jersey-shoulder-close.jpg?v=1763476564', 'width': 1000, 'height': 1000}, {'id': 73818507739317, 'created_at': '2025-11-18T09:36:02-05:00', 'position': 9, 'updated_at': '2025-11-18T09:36:04-05:00', 'product_id': 10296720031925, 'variant_ids': [], 'src': 'https://cdn.shopify.com/s/files/1/0417/4721/8582/files/rink-drink-jersey-sleeve-close.jpg?v=1763476564', 'width': 1000, 'height': 1000}, {'id': 73818508001461, 'created_at': '2025-11-18T09:36:02-05:00', 'position': 10, 'updated_at': '2025-11-18T09:36:04-05:00', 'product_id': 10296720031925, 'variant_ids': [], 'src': 'https://cdn.shopify.com/s/files/1/0417/4721/8582/files/rink-drink-jersey-back.png?v=1763476564', 'width': 1000, 'height': 1000}]","[{'name': 'Size', 'position': 1, 'values': ['S', 'M', 'L', 'XL', '2XL']}]",https://anchoredcoffee.com/products/anchored-x-matty-rink-drink-jersey,,,,,,,,,,,
45,52030211981493,XL,XL,,,,True,True,,True,150.00,680,,4,10296720031925,2025-11-18T09:40:19-05:00,2026-10-09T07:37:15-04:00,10296720031925,Anchored x Matty Rink Drink Jersey,anchored-x-matty-rink-drink-jersey,2025-11-19T19:23:24-05:00,2025-11-18T09:40:18-05:00,2026-10-09T07:37:15-04:00,Anchored Coffee,,['anchored-x-matty'],"[{'id': 73818507837621, 'created_at': '2025-11-18T09:36:02-05:00', 'position': 1, 'updated_at': '2025-11-18T09:36:04-05:00', 'product_id': 10296720031925, 'variant_ids': [], 'src': 'https://cdn.shopify.com/s/files/1/0417/4721/8582/files/rink-drink-jersey-front.png?v=1763476564', 'width': 1000, 'height': 1000}, {'id': 73818502725813, 'created_at': '2025-11-18T09:35:19-05:00', 'position': 2, 'updated_at': '2025-11-18T09:38:07-05:00', 'product_id': 10296720031925, 'variant_ids': [], 'src': 'https://cdn.shopify.com/s/files/1/0417/4721/8582/files/hockey-jersey-hockey-card.png?v=1763476687', 'width': 1080, 'height': 1350}, {'id': 73818507968693, 'created_at': '2025-11-18T09:36:02-05:00', 'position': 3, 'updated_at': '2025-11-18T09:36:04-05:00', 'product_id': 10296720031925, 'variant_ids': [], 'src': 'https://cdn.shopify.com/s/files/1/0417/4721/8582/files/rink-drink-jersey-82-close.jpg?v=1763476564', 'width': 1000, 'height': 1000}, {'id': 73818507903157, 'created_at': '2025-11-18T09:36:02-05:00', 'position': 4, 'updated_at': '2025-11-18T09:36:04-05:00', 'product_id': 10296720031925, 'variant_ids': [], 'src': 'https://cdn.shopify.com/s/files/1/0417/4721/8582/files/rink-drink-jersey-a-close.jpg?v=1763476564', 'width': 1000, 'height': 1000}, {'id': 73818507935925, 'created_at': '2025-11-18T09:36:02-05:00', 'position': 5, 'updated_at': '2025-11-18T09:36:04-05:00', 'product_id': 10296720031925, 'variant_ids': [], 'src': 'https://cdn.shopify.com/s/files/1/0417/4721/8582/files/rink-drink-jersey-front-close.jpg?v=1763476564', 'width': 1000, 'height': 1000}, {'id': 73818507804853, 'created_at': '2025-11-18T09:36:02-05:00', 'position': 6, 'updated_at': '2025-11-18T09:36:04-05:00', 'product_id': 10296720031925, 'variant_ids': [], 'src': 'https://cdn.shopify.com/s/files/1/0417/4721/8582/files/rink-drink-jersey-hem-close.jpg?v=1763476564', 'width': 1000, 'height': 1000}, {'id': 73818507772085, 'created_at': '2025-11-18T09:36:02-05:00', 'position': 7, 'updated_at': '2025-11-18T09:36:04-05:00', 'product_id': 10296720031925, 'variant_ids': [], 'src': 'https://cdn.shopify.com/s/files/1/0417/4721/8582/files/rink-drink-jersey-lace-close.jpg?v=1763476564', 'width': 1000, 'height': 1000}, {'id': 73818507870389, 'created_at': '2025-11-18T09:36:02-05:00', 'position': 8, 'updated_at': '2025-11-18T09:36:04-05:00', 'product_id': 10296720031925, 'variant_ids': [], 'src': 'https://cdn.shopify.com/s/files/1/0417/4721/8582/files/rink-drink-jersey-shoulder-close.jpg?v=1763476564', 'width': 1000, 'height': 1000}, {'id': 73818507739317, 'created_at': '2025-11-18T09:36:02-05:00', 'position': 9, 'updated_at': '2025-11-18T09:36:04-05:00', 'product_id': 10296720031925, 'variant_ids': [], 'src': 'https://cdn.shopify.com/s/files/1/0417/4721/8582/files/rink-drink-jersey-sleeve-close.jpg?v=1763476564', 'width': 1000, 'height': 1000}, {'id': 73818508001461, 'created_at': '2025-11-18T09:36:02-05:00', 'position': 10, 'updated_at': '2025-11-18T09:36:04-05:00', 'product_id': 10296720031925, 'variant_ids': [], 'src': 'https://cdn.shopify.com/s/files/1/0417/4721/8582/files/rink-drink-jersey-back.png?v=1763476564', 'width': 1000, 'height': 1000}]","[{'name': 'Size', 'position': 1, 'values': ['S', 'M', 'L', 'XL', '2XL']}]",https://anchoredcoffee.com/products/anchored-x-matty-rink-drink-jersey,,,,,,,,,,,
46,52030212014261,2XL,2XL,,,,True,True,,True,150.00,680,,5,10296720031925,2025-11-18T09:40:19-05:00,2026-10-09T07:37:15-04:00,10296720031925,Anchored x Matty Rink Drink Jersey,anchored-x-matty-rink-drink-jersey,2025-11-19T19:23:24-05:00,2025-11-18T09:40:18-05:00,2026-10-09T07:37:15-04:00,Anchored Coffee,,['anchored-x-matty'],"[{'id': 73818507837621, 'created_at': '2025-11-18T09:36:02-05:00', 'position': 1, 'updated_at': '2025-11-18T09:36:04-05:00', 'product_id': 10296720031925, 'variant_ids': [], 'src': 'https://cdn.shopify.com/s/files/1/0417/4721/8582/files/rink-drink-jersey-front.png?v=1763476564', 'width': 1000, 'height': 1000}, {'id': 73818502725813, 'created_at': '2025-11-18T09:35:19-05:00', 'position': 2, 'updated_at': '2025-11-18T09:38:07-05:00', 'product_id': 10296720031925, 'variant_ids': [], 'src': 'https://cdn.shopify.com/s/files/1/0417/4721/8582/files/hockey-jersey-hockey-card.png?v=1763476687', 'width': 1080, 'height': 1350}, {'id': 73818507968693, 'created_at': '2025-11-18T09:36:02-05:00', 'position': 3, 'updated_at': '2025-11-18T09:36:04-05:00', 'product_id': 10296720031925, 'variant_ids': [], 'src': 'https://cdn.shopify.com/s/files/1/0417/4721/8582/files/rink-drink-jersey-82-close.jpg?v=1763476564', 'width': 1000, 'height': 1000}, {'id': 73818507903157, 'created_at': '2025-11-18T09:36:02-05:00', 'position': 4, 'updated_at': '2025-11-18T09:36:04-05:00', 'product_id': 10296720031925, 'variant_ids': [], 'src': 'https://cdn.shopify.com/s/files/1/0417/4721/8582/files/rink-drink-jersey-a-close.jpg?v=1763476564', 'width': 1000, 'height': 1000}, {'id': 73818507935925, 'created_at': '2025-11-18T09:36:02-05:00', 'position': 5, 'updated_at': '2025-11-18T09:36:04-05:00', 'product_id': 10296720031925, 'variant_ids': [], 'src': 'https://cdn.shopify.com/s/files/1/0417/4721/8582/files/rink-drink-jersey-front-close.jpg?v=1763476564', 'width': 1000, 'height': 1000}, {'id': 73818507804853, 'created_at': '2025-11-18T09:36:02-05:00', 'position': 6, 'updated_at': '2025-11-18T09:36:04-05:00', 'product_id': 10296720031925, 'variant_ids': [], 'src': 'https://cdn.shopify.com/s/files/1/0417/4721/8582/files/rink-drink-jersey-hem-close.jpg?v=1763476564', 'width': 1000, 'height': 1000}, {'id': 73818507772085, 'created_at': '2025-11-18T09:36:02-05:00', 'position': 7, 'updated_at': '2025-11-18T09:36:04-05:00', 'product_id': 10296720031925, 'variant_ids': [], 'src': 'https://cdn.shopify.com/s/files/1/0417/4721/8582/files/rink-drink-jersey-lace-close.jpg?v=1763476564', 'width': 1000, 'height': 1000}, {'id': 73818507870389, 'created_at': '2025-11-18T09:36:02-05:00', 'position': 8, 'updated_at': '2025-11-18T09:36:04-05:00', 'product_id': 10296720031925, 'variant_ids': [], 'src': 'https://cdn.shopify.com/s/files/1/0417/4721/8582/files/rink-drink-jersey-shoulder-close.jpg?v=1763476564', 'width': 1000, 'height': 1000}, {'id': 73818507739317, 'created_at': '2025-11-18T09:36:02-05:00', 'position': 9, 'updated_at': '2025-11-18T09:36:04-05:00', 'product_id': 10296720031925, 'variant_ids': [], 'src': 'https://cdn.shopify.com/s/files/1/0417/4721/8582/files/rink-drink-jersey-sleeve-close.jpg?v=1763476564', 'width': 1000, 'height': 1000}, {'id': 73818508001461, 'created_at': '2025-11-18T09:36:02-05:00', 'position': 10, 'updated_at': '2025-11-18T09:36:04-05:00', 'product_id': 10296720031925, 'variant_ids': [], 'src': 'https://cdn.shopify.com/s/files/1/0417/4721/8582/files/rink-drink-jersey-back.png?v=1763476564', 'width': 1000, 'height': 1000}]","[{'name': 'Size', 'position': 1, 'values': ['S', 'M', 'L', 'XL', '2XL']}]",https://anchoredcoffee.com/products/anchored-x-matty-rink-drink-jersey,,,,,,,,,,,
47,52030210638005,Default Title,Default Title,,,,True,True,,True,40.00,68,,1,10296719704245,2025-11-18T09:34:36-05:00,2026-10-09T07:37:15-04:00,10296719704245,Anchored X Matty Rink Drink Toque,anchored-x-matty-rink-drink-toque,2025-11-19T19:23:23-05:00,2025-11-18T09:34:34-05:00,2026-10-09T07:37:15-04:00,Anchored Coffee,,['anchored-x-matty'],"[{'id': 73818453246133, 'created_at': '2025-11-18T09:31:29-05:00', 'position': 1, 'updated_at': '2025-11-18T09:31:31-05:00', 'product_id': 10296719704245, 'variant_ids': [], 'src': 'https://cdn.shopify.com/s/files/1/0417/4721/8582/files/rink_drink_beanie_product_front.png?v=1763476291', 'width': 1000, 'height': 1000}, {'id': 73818453278901, 'created_at': '2025-11-18T09:31:29-05:00', 'position': 2, 'updated_at': '2025-11-18T09:31:31-05:00', 'product_id': 10296719704245, 'variant_ids': [], 'src': 'https://cdn.shopify.com/s/files/1/0417/4721/8582/files/rink_drink_beanie_product_lable.jpg?v=1763476291', 'width': 1000, 'height': 1000}, {'id': 73818453213365, 'created_at': '2025-11-18T09:31:29-05:00', 'position': 3, 'updated_at': '2025-11-18T09:31:31-05:00', 'product_id': 10296719704245, 'variant_ids': [], 'src': 'https://cdn.shopify.com/s/files/1/0417/4721/8582/files/rink_drink_beanie_product_front_pompom.jpg?v=1763476291', 'width': 1000, 'height': 1000}, {'id': 73818453311669, 'created_at': '2025-11-18T09:31:29-05:00', 'position': 4, 'updated_at': '2025-11-18T09:31:31-05:00', 'product_id': 10296719704245, 'variant_ids': [], 'src': 'https://cdn.shopify.com/s/files/1/0417/4721/8582/files/rink_drink_toque_life_close.jpg?v=1763476291', 'width': 1000, 'height': 1000}, {'id': 73818453344437, 'created_at': '2025-11-18T09:31:29-05:00', 'position': 5, 'updated_at': '2025-11-18T09:31:31-05:00', 'product_id': 10296719704245, 'variant_ids': [], 'src': 'https://cdn.shopify.com/s/files/1/0417/4721/8582/files/rink_drink_toque_life_model.jpg?v=1763476291', 'width': 1000, 'height': 1000}, {'id': 73828197007541, 'created_at': '2025-11-19T15:06:13-05:00', 'position': 6, 'updated_at': '2025-11-19T15:06:14-05:00', 'product_id': 10296719704245, 'variant_ids': [], 'src': 'https://cdn.shopify.com/s/files/1/0417/4721/8582/files/toque-hockey-card.png?v=1763582774', 'width': 1080, 'height': 1350}]","[{'name': 'Title', 'position': 1, 'values': ['Default Title']}]",https://anchoredcoffee.com/products/anchored-x-matty-rink-drink-toque,,,,,,,,,,,
48,51954099159221,Default Title,Default Title,,,,True,False,,False,80.00,68,,1,10280146141365,2025-11-06T11:38:26-05:00,2026-10-09T07:37:15-04:00,10280146141365,Anchored X Lebicar Art Print,arvin-goods-x-anchored-coffee-art-print,2025-11-06T20:28:51-05:00,2025-11-06T11:38:26-05:00,2026-10-09T07:37:15-04:00,Anchored Coffee Dartmouth,Clothing,"['Clothing', 'goodies']","[{'id': 73740417368245, 'created_at': '2025-11-06T12:04:01-05:00', 'position': 1, 'updated_at': '2025-11-06T12:04:03-05:00', 'product_id': 10280146141365, 'variant_ids': [], 'src': 'https://cdn.shopify.com/s/files/1/0417/4721/8582/files/lebicar-print.png?v=1762448643', 'width': 1200, 'height': 1500}]","[{'name': 'Title', 'position': 1, 'values': ['Default Title']}]",https://anchoredcoffee.com/products/arvin-goods-x-anchored-coffee-art-print,,,,,,,,,,,
49,51954081366197,Default Title,Default Title,,,,True,True,,True,18.00,91,,1,10280140636341,2025-11-06T11:24:36-05:00,2026-10-09T07:37:15-04:00,10280140636341,Anchored X Lebicar Crew Socks,anchored-x-lebicar-socks,2025-11-06T20:28:50-05:00,2025-11-06T11:24:36-05:00,2026-10-09T07:37:15-04:00,Anchored Coffee,,[],"[{'id': 73740311953589, 'created_at': '2025-11-06T11:35:28-05:00', 'position': 1, 'updated_at': '2025-11-06T11:35:41-05:00', 'product_id': 10280140636341, 'variant_ids': [], 'src': 'https://cdn.shopify.com/s/files/1/0417/4721/8582/files/DSC03083.jpg?v=1762446941', 'width': 4000, 'height': 5000}, {'id': 73740311855285, 'created_at': '2025-11-06T11:35:28-05:00', 'position': 2, 'updated_at': '2025-11-06T11:35:41-05:00', 'product_id': 10280140636341, 'variant_ids': [], 'src': 'https://cdn.shopify.com/s/files/1/0417/4721/8582/files/DSC03955.png?v=1762446941', 'width': 3412, 'height': 3412}, {'id': 73740311888053, 'created_at': '2025-11-06T11:35:28-05:00', 'position': 3, 'updated_at': '2025-11-06T11:35:41-05:00', 'product_id': 10280140636341, 'variant_ids': [], 'src': 'https://cdn.shopify.com/s/files/1/0417/4721/8582/files/DSC03956.png?v=1762446941', 'width': 3289, 'height': 3289}, {'id': 73740311920821, 'created_at': '2025-11-06T11:35:28-05:00', 'position': 4, 'updated_at': '2025-11-06T11:35:41-05:00', 'product_id': 10280140636341, 'variant_ids': [], 'src': 'https://cdn.shopify.com/s/files/1/0417/4721/8582/files/DSC03960.png?v=1762446941', 'width': 3244, 'height': 3244}]","[{'name': 'Title', 'position': 1, 'values': ['Default Title']}]",https://anchoredcoffee.com/products/anchored-x-lebicar-socks,,,,,,,,,,,
50,51954072027317,Small,Small,,,,True,True,,True,40.00,227,,1,10280136278197,2025-11-06T11:14:16-05:00,2026-10-09T07:37:15-04:00,10280136278197,Anchored X Lebicar T-Shirt,anchored-x-lebicar-t-shirt,2025-11-06T20:28:50-05:00,2025-11-06T11:14:16-05:00,2026-10-09T07:37:15-04:00,Anchored Coffee,,[],"[{'id': 73740268634293, 'created_at': '2025-11-06T11:22:58-05:00', 'position': 1, 'updated_at': '2025-11-06T11:23:00-05:00', 'product_id': 10280136278197, 'variant_ids': [], 'src': 'https://cdn.shopify.com/s/files/1/0417/4721/8582/files/DSC02981.jpg?v=1762446180', 'width': 3310, 'height': 4137}, {'id': 73740268765365, 'created_at': '2025-11-06T11:22:58-05:00', 'position': 2, 'updated_at': '2025-11-06T11:23:11-05:00', 'product_id': 10280136278197, 'variant_ids': [], 'src': 'https://cdn.shopify.com/s/files/1/0417/4721/8582/files/DSC03994.png?v=1762446191', 'width': 3215, 'height': 3215}, {'id': 73740268667061, 'created_at': '2025-11-06T11:22:58-05:00', 'position': 3, 'updated_at': '2025-11-06T11:23:11-05:00', 'product_id': 10280136278197, 'variant_ids': [], 'src': 'https://cdn.shopify.com/s/files/1/0417/4721/8582/files/DSC02970.jpg?v=1762446191', 'width': 3282, 'height': 4103}, {'id': 73740268699829, 'created_at': '2025-11-06T11:22:58-05:00', 'position': 4, 'updated_at': '2025-11-06T11:23:11-05:00', 'product_id': 10280136278197, 'variant_ids': [], 'src': 'https://cdn.shopify.com/s/files/1/0417/4721/8582/files/DSC03993.png?v=1762446191', 'width': 4000, 'height': 4000}, {'id': 73740268732597, 'created_at': '2025-11-06T11:22:58-05:00', 'position': 5, 'updated_at': '2025-11-06T11:23:11-05:00', 'product_id': 10280136278197, 'variant_ids': [], 'src': 'https://cdn.shopify.com/s/files/1/0417/4721/8582/files/DSC03999.png?v=1762446191', 'width': 4604, 'height': 4604}]","[{'name': 'Size', 'position': 1, 'values': ['Small', 'Medium', 'Large', 'X Large', 'XX Large']}]",https://anchoredcoffee.com/products/anchored-x-lebicar-t-shirt,,,,,,,,,,,
51,51954072060085,Medium,Medium,,,,True,True,,True,40.00,227,,2,10280136278197,2025-11-06T11:14:16-05:00,2026-10-09T07:37:15-04:00,10280136278197,Anchored X Lebicar T-Shirt,anchored-x-lebicar-t-shirt,2025-11-06T20:28:50-05:00,2025-11-06T11:14:16-05:00,2026-10-09T07:37:15-04:00,Anchored Coffee,,[],"[{'id': 73740268634293, 'created_at': '2025-11-06T11:22:58-05:00', 'position': 1, 'updated_at': '2025-11-06T11:23:00-05:00', 'product_id': 10280136278197, 'variant_ids': [], 'src': 'https://cdn.shopify.com/s/files/1/0417/4721/8582/files/DSC02981.jpg?v=1762446180', 'width': 3310, 'height': 4137}, {'id': 73740268765365, 'created_at': '2025-11-06T11:22:58-05:00', 'position': 2, 'updated_at': '2025-11-06T11:23:11-05:00', 'product_id': 10280136278197, 'variant_ids': [], 'src': 'https://cdn.shopify.com/s/files/1/0417/4721/8582/files/DSC03994.png?v=1762446191', 'width': 3215, 'height': 3215}, {'id': 73740268667061, 'created_at': '2025-11-06T11:22:58-05:00', 'position': 3, 'updated_at': '2025-11-06T11:23:11-05:00', 'product_id': 10280136278197, 'variant_ids': [], 'src': 'https://cdn.shopify.com/s/files/1/0417/4721/8582/files/DSC02970.jpg?v=1762446191', 'width': 3282, 'height': 4103}, {'id': 73740268699829, 'created_at': '2025-11-06T11:22:58-05:00', 'position': 4, 'updated_at': '2025-11-06T11:23:11-05:00', 'product_id': 10280136278197, 'variant_ids': [], 'src': 'https://cdn.shopify.com/s/files/1/0417/4721/8582/files/DSC03993.png?v=1762446191', 'width': 4000, 'height': 4000}, {'id': 73740268732597, 'created_at': '2025-11-06T11:22:58-05:00', 'position': 5, 'updated_at': '2025-11-06T11:23:11-05:00', 'product_id': 10280136278197, 'variant_ids': [], 'src': 'https://cdn.shopify.com/s/files/1/0417/4721/8582/files/DSC03999.png?v=1762446191', 'width': 4604, 'height': 4604}]","[{'name': 'Size', 'position': 1, 'values': ['Small', 'Medium', 'Large', 'X Large', 'XX Large']}]",https://anchoredcoffee.com/products/anchored-x-lebicar-t-shirt,,,,,,,,,,,
52,51954072092853,Large,Large,,,,True,True,,True,40.00,227,,3,10280136278197,2025-11-06T11:14:16-05:00,2026-10-09T07:37:15-04:00,10280136278197,Anchored X Lebicar T-Shirt,anchored-x-lebicar-t-shirt,2025-11-06T20:28:50-05:00,2025-11-06T11:14:16-05:00,2026-10-09T07:37:15-04:00,Anchored Coffee,,[],"[{'id': 73740268634293, 'created_at': '2025-11-06T11:22:58-05:00', 'position': 1, 'updated_at': '2025-11-06T11:23:00-05:00', 'product_id': 10280136278197, 'variant_ids': [], 'src': 'https://cdn.shopify.com/s/files/1/0417/4721/8582/files/DSC02981.jpg?v=1762446180', 'width': 3310, 'height': 4137}, {'id': 73740268765365, 'created_at': '2025-11-06T11:22:58-05:00', 'position': 2, 'updated_at': '2025-11-06T11:23:11-05:00', 'product_id': 10280136278197, 'variant_ids': [], 'src': 'https://cdn.shopify.com/s/files/1/0417/4721/8582/files/DSC03994.png?v=1762446191', 'width': 3215, 'height': 3215}, {'id': 73740268667061, 'created_at': '2025-11-06T11:22:58-05:00', 'position': 3, 'updated_at': '2025-11-06T11:23:11-05:00', 'product_id': 10280136278197, 'variant_ids': [], 'src': 'https://cdn.shopify.com/s/files/1/0417/4721/8582/files/DSC02970.jpg?v=1762446191', 'width': 3282, 'height': 4103}, {'id': 73740268699829, 'created_at': '2025-11-06T11:22:58-05:00', 'position': 4, 'updated_at': '2025-11-06T11:23:11-05:00', 'product_id': 10280136278197, 'variant_ids': [], 'src': 'https://cdn.shopify.com/s/files/1/0417/4721/8582/files/DSC03993.png?v=1762446191', 'width': 4000, 'height': 4000}, {'id': 73740268732597, 'created_at': '2025-11-06T11:22:58-05:00', 'position': 5, 'updated_at': '2025-11-06T11:23:11-05:00', 'product_id': 10280136278197, 'variant_ids': [], 'src': 'https://cdn.shopify.com/s/files/1/0417/4721/8582/files/DSC03999.png?v=1762446191', 'width': 4604, 'height': 4604}]","[{'name': 'Size', 'position': 1, 'values': ['Small', 'Medium', 'Large', 'X Large', 'XX Large']}]",https://anchoredcoffee.com/products/anchored-x-lebicar-t-shirt,,,,,,,,,,,
53,51954072125621,X Large,X Large,,,,True,True,,True,40.00,227,,4,10280136278197,2025-11-06T11:14:16-05:00,2026-10-09T07:37:15-04:00,10280136278197,Anchored X Lebicar T-Shirt,anchored-x-lebicar-t-shirt,2025-11-06T20:28:50-05:00,2025-11-06T11:14:16-05:00,2026-10-09T07:37:15-04:00,Anchored Coffee,,[],"[{'id': 73740268634293, 'created_at': '2025-11-06T11:22:58-05:00', 'position': 1, 'updated_at': '2025-11-06T11:23:00-05:00', 'product_id': 10280136278197, 'variant_ids': [], 'src': 'https://cdn.shopify.com/s/files/1/0417/4721/8582/files/DSC02981.jpg?v=1762446180', 'width': 3310, 'height': 4137}, {'id': 73740268765365, 'created_at': '2025-11-06T11:22:58-05:00', 'position': 2, 'updated_at': '2025-11-06T11:23:11-05:00', 'product_id': 10280136278197, 'variant_ids': [], 'src': 'https://cdn.shopify.com/s/files/1/0417/4721/8582/files/DSC03994.png?v=1762446191', 'width': 3215, 'height': 3215}, {'id': 73740268667061, 'created_at': '2025-11-06T11:22:58-05:00', 'position': 3, 'updated_at': '2025-11-06T11:23:11-05:00', 'product_id': 10280136278197, 'variant_ids': [], 'src': 'https://cdn.shopify.com/s/files/1/0417/4721/8582/files/DSC02970.jpg?v=1762446191', 'width': 3282, 'height': 4103}, {'id': 73740268699829, 'created_at': '2025-11-06T11:22:58-05:00', 'position': 4, 'updated_at': '2025-11-06T11:23:11-05:00', 'product_id': 10280136278197, 'variant_ids': [], 'src': 'https://cdn.shopify.com/s/files/1/0417/4721/8582/files/DSC03993.png?v=1762446191', 'width': 4000, 'height': 4000}, {'id': 73740268732597, 'created_at': '2025-11-06T11:22:58-05:00', 'position': 5, 'updated_at': '2025-11-06T11:23:11-05:00', 'product_id': 10280136278197, 'variant_ids': [], 'src': 'https://cdn.shopify.com/s/files/1/0417/4721/8582/files/DSC03999.png?v=1762446191', 'width': 4604, 'height': 4604}]","[{'name': 'Size', 'position': 1, 'values': ['Small', 'Medium', 'Large', 'X Large', 'XX Large']}]",https://anchoredcoffee.com/products/anchored-x-lebicar-t-shirt,,,,,,,,,,,
54,51954072158389,XX Large,XX Large,,,,True,True,,False,40.00,227,,5,10280136278197,2025-11-06T11:14:16-05:00,2026-10-09T07:37:15-04:00,10280136278197,Anchored X Lebicar T-Shirt,anchored-x-lebicar-t-shirt,2025-11-06T20:28:50-05:00,2025-11-06T11:14:16-05:00,2026-10-09T07:37:15-04:00,Anchored Coffee,,[],"[{'id': 73740268634293, 'created_at': '2025-11-06T11:22:58-05:00', 'position': 1, 'updated_at': '2025-11-06T11:23:00-05:00', 'product_id': 10280136278197, 'variant_ids': [], 'src': 'https://cdn.shopify.com/s/files/1/0417/4721/8582/files/DSC02981.jpg?v=1762446180', 'width': 3310, 'height': 4137}, {'id': 73740268765365, 'created_at': '2025-11-06T11:22:58-05:00', 'position': 2, 'updated_at': '2025-11-06T11:23:11-05:00', 'product_id': 10280136278197, 'variant_ids': [], 'src': 'https://cdn.shopify.com/s/files/1/0417/4721/8582/files/DSC03994.png?v=1762446191', 'width': 3215, 'height': 3215}, {'id': 73740268667061, 'created_at': '2025-11-06T11:22:58-05:00', 'position': 3, 'updated_at': '2025-11-06T11:23:11-05:00', 'product_id': 10280136278197, 'variant_ids': [], 'src': 'https://cdn.shopify.com/s/files/1/0417/4721/8582/files/DSC02970.jpg?v=1762446191', 'width': 3282, 'height': 4103}, {'id': 73740268699829, 'created_at': '2025-11-06T11:22:58-05:00', 'position': 4, 'updated_at': '2025-11-06T11:23:11-05:00', 'product_id': 10280136278197, 'variant_ids': [], 'src': 'https://cdn.shopify.com/s/files/1/0417/4721/8582/files/DSC03993.png?v=1762446191', 'width': 4000, 'height': 4000}, {'id': 73740268732597, 'created_at': '2025-11-06T11:22:58-05:00', 'position': 5, 'updated_at': '2025-11-06T11:23:11-05:00', 'product_id': 10280136278197, 'variant_ids': [], 'src': 'https://cdn.shopify.com/s/files/1/0417/4721/8582/files/DSC03999.png?v=1762446191', 'width': 4604, 'height': 4604}]","[{'name': 'Size', 'position': 1, 'values': ['Small', 'Medium', 'Large', 'X Large', 'XX Large']}]",https://anchoredcoffee.com/products/anchored-x-lebicar-t-shirt,,,,,,,,,,,
55,51954057150645,Small,Small,,,,True,True,,False,76.00,748,,1,10280133886133,2025-11-06T10:53:22-05:00,2026-10-09T07:37:15-04:00,10280133886133,Anchored X Lebicar Hoodie,anchored-x-lebicar-hoodie,2025-11-06T20:28:49-05:00,2025-11-06T10:53:22-05:00,2026-10-09T07:37:15-04:00,Anchored Coffee,,[],"[{'id': 73740459376821, 'created_at': '2025-11-06T12:13:51-05:00', 'position': 1, 'updated_at': '2025-11-06T12:14:27-05:00', 'product_id': 10280133886133, 'variant_ids': [], 'src': 'https://cdn.shopify.com/s/files/1/0417/4721/8582/files/DSC02986_1.jpg?v=1762449267', 'width': 4000, 'height': 5000}, {'id': 73740208308405, 'created_at': '2025-11-06T10:54:47-05:00', 'position': 2, 'updated_at': '2025-11-06T12:14:27-05:00', 'product_id': 10280133886133, 'variant_ids': [], 'src': 'https://cdn.shopify.com/s/files/1/0417/4721/8582/files/DSC03005.jpg?v=1762449267', 'width': 3756, 'height': 4695}, {'id': 73740208275637, 'created_at': '2025-11-06T10:54:47-05:00', 'position': 3, 'updated_at': '2025-11-06T12:14:27-05:00', 'product_id': 10280133886133, 'variant_ids': [], 'src': 'https://cdn.shopify.com/s/files/1/0417/4721/8582/files/DSC03007.jpg?v=1762449267', 'width': 3534, 'height': 4418}, {'id': 73740209389749, 'created_at': '2025-11-06T10:55:35-05:00', 'position': 4, 'updated_at': '2025-11-06T12:14:27-05:00', 'product_id': 10280133886133, 'variant_ids': [], 'src': 'https://cdn.shopify.com/s/files/1/0417/4721/8582/files/DSC04002_Large_7ab0c329-fbe7-4693-8de6-6f3cd24bec34.jpg?v=1762449267', 'width': 1280, 'height': 1280}, {'id': 73740209356981, 'created_at': '2025-11-06T10:55:35-05:00', 'position': 5, 'updated_at': '2025-11-06T12:14:27-05:00', 'product_id': 10280133886133, 'variant_ids': [], 'src': 'https://cdn.shopify.com/s/files/1/0417/4721/8582/files/DSC04010_Large_2a920201-cc98-4d13-ba0a-2f2cb670f974.jpg?v=1762449267', 'width': 1280, 'height': 1280}, {'id': 73740208341173, 'created_at': '2025-11-06T10:54:47-05:00', 'position': 6, 'updated_at': '2025-11-06T12:14:27-05:00', 'product_id': 10280133886133, 'variant_ids': [], 'src': 'https://cdn.shopify.com/s/files/1/0417/4721/8582/files/DSC03029.jpg?v=1762449267', 'width': 4000, 'height': 5000}]","[{'name': 'Size', 'position': 1, 'values': ['Small', 'Medium', 'Large', 'X Large', 'XX Large']}]",https://anchoredcoffee.com/products/anchored-x-lebicar-hoodie,,,,,,,,,,,
56,51954057183413,Medium,Medium,,,,True,True,,False,76.00,748,,2,10280133886133,2025-11-06T10:53:22-05:00,2026-10-09T07:37:15-04:00,10280133886133,Anchored X Lebicar Hoodie,anchored-x-lebicar-hoodie,2025-11-06T20:28:49-05:00,2025-11-06T10:53:22-05:00,2026-10-09T07:37:15-04:00,Anchored Coffee,,[],"[{'id': 73740459376821, 'created_at': '2025-11-06T12:13:51-05:00', 'position': 1, 'updated_at': '2025-11-06T12:14:27-05:00', 'product_id': 10280133886133, 'variant_ids': [], 'src': 'https://cdn.shopify.com/s/files/1/0417/4721/8582/files/DSC02986_1.jpg?v=1762449267', 'width': 4000, 'height': 5000}, {'id': 73740208308405, 'created_at': '2025-11-06T10:54:47-05:00', 'position': 2, 'updated_at': '2025-11-06T12:14:27-05:00', 'product_id': 10280133886133, 'variant_ids': [], 'src': 'https://cdn.shopify.com/s/files/1/0417/4721/8582/files/DSC03005.jpg?v=1762449267', 'width': 3756, 'height': 4695}, {'id': 73740208275637, 'created_at': '2025-11-06T10:54:47-05:00', 'position': 3, 'updated_at': '2025-11-06T12:14:27-05:00', 'product_id': 10280133886133, 'variant_ids': [], 'src': 'https://cdn.shopify.com/s/files/1/0417/4721/8582/files/DSC03007.jpg?v=1762449267', 'width': 3534, 'height': 4418}, {'id': 73740209389749, 'created_at': '2025-11-06T10:55:35-05:00', 'position': 4, 'updated_at': '2025-11-06T12:14:27-05:00', 'product_id': 10280133886133, 'variant_ids': [], 'src': 'https://cdn.shopify.com/s/files/1/0417/4721/8582/files/DSC04002_Large_7ab0c329-fbe7-4693-8de6-6f3cd24bec34.jpg?v=1762449267', 'width': 1280, 'height': 1280}, {'id': 73740209356981, 'created_at': '2025-11-06T10:55:35-05:00', 'position': 5, 'updated_at': '2025-11-06T12:14:27-05:00', 'product_id': 10280133886133, 'variant_ids': [], 'src': 'https://cdn.shopify.com/s/files/1/0417/4721/8582/files/DSC04010_Large_2a920201-cc98-4d13-ba0a-2f2cb670f974.jpg?v=1762449267', 'width': 1280, 'height': 1280}, {'id': 73740208341173, 'created_at': '2025-11-06T10:54:47-05:00', 'position': 6, 'updated_at': '2025-11-06T12:14:27-05:00', 'product_id': 10280133886133, 'variant_ids': [], 'src': 'https://cdn.shopify.com/s/files/1/0417/4721/8582/files/DSC03029.jpg?v=1762449267', 'width': 4000, 'height': 5000}]","[{'name': 'Size', 'position': 1, 'values': ['Small', 'Medium', 'Large', 'X Large', 'XX Large']}]",https://anchoredcoffee.com/products/anchored-x-lebicar-hoodie,,,,,,,,,,,
57,51954057216181,Large,Large,,,,True,True,,False,76.00,748,,3,10280133886133,2025-11-06T10:53:22-05:00,2026-10-09T07:37:15-04:00,10280133886133,Anchored X Lebicar Hoodie,anchored-x-lebicar-hoodie,2025-11-06T20:28:49-05:00,2025-11-06T10:53:22-05:00,2026-10-09T07:37:15-04:00,Anchored Coffee,,[],"[{'id': 73740459376821, 'created_at': '2025-11-06T12:13:51-05:00', 'position': 1, 'updated_at': '2025-11-06T12:14:27-05:00', 'product_id': 10280133886133, 'variant_ids': [], 'src': 'https://cdn.shopify.com/s/files/1/0417/4721/8582/files/DSC02986_1.jpg?v=1762449267', 'width': 4000, 'height': 5000}, {'id': 73740208308405, 'created_at': '2025-11-06T10:54:47-05:00', 'position': 2, 'updated_at': '2025-11-06T12:14:27-05:00', 'product_id': 10280133886133, 'variant_ids': [], 'src': 'https://cdn.shopify.com/s/files/1/0417/4721/8582/files/DSC03005.jpg?v=1762449267', 'width': 3756, 'height': 4695}, {'id': 73740208275637, 'created_at': '2025-11-06T10:54:47-05:00', 'position': 3, 'updated_at': '2025-11-06T12:14:27-05:00', 'product_id': 10280133886133, 'variant_ids': [], 'src': 'https://cdn.shopify.com/s/files/1/0417/4721/8582/files/DSC03007.jpg?v=1762449267', 'width': 3534, 'height': 4418}, {'id': 73740209389749, 'created_at': '2025-11-06T10:55:35-05:00', 'position': 4, 'updated_at': '2025-11-06T12:14:27-05:00', 'product_id': 10280133886133, 'variant_ids': [], 'src': 'https://cdn.shopify.com/s/files/1/0417/4721/8582/files/DSC04002_Large_7ab0c329-fbe7-4693-8de6-6f3cd24bec34.jpg?v=1762449267', 'width': 1280, 'height': 1280}, {'id': 73740209356981, 'created_at': '2025-11-06T10:55:35-05:00', 'position': 5, 'updated_at': '2025-11-06T12:14:27-05:00', 'product_id': 10280133886133, 'variant_ids': [], 'src': 'https://cdn.shopify.com/s/files/1/0417/4721/8582/files/DSC04010_Large_2a920201-cc98-4d13-ba0a-2f2cb670f974.jpg?v=1762449267', 'width': 1280, 'height': 1280}, {'id': 73740208341173, 'created_at': '2025-11-06T10:54:47-05:00', 'position': 6, 'updated_at': '2025-11-06T12:14:27-05:00', 'product_id': 10280133886133, 'variant_ids': [], 'src': 'https://cdn.shopify.com/s/files/1/0417/4721/8582/files/DSC03029.jpg?v=1762449267', 'width': 4000, 'height': 5000}]","[{'name': 'Size', 'position': 1, 'values': ['Small', 'Medium', 'Large', 'X Large', 'XX Large']}]",https://anchoredcoffee.com/products/anchored-x-lebicar-hoodie,,,,,,,,,,,
58,51954057248949,X Large,X Large,,,,True,True,,False,76.00,748,,4,10280133886133,2025-11-06T10:53:22-05:00,2026-10-09T07:37:15-04:00,10280133886133,Anchored X Lebicar Hoodie,anchored-x-lebicar-hoodie,2025-11-06T20:28:49-05:00,2025-11-06T10:53:22-05:00,2026-10-09T07:37:15-04:00,Anchored Coffee,,[],"[{'id': 73740459376821, 'created_at': '2025-11-06T12:13:51-05:00', 'position': 1, 'updated_at': '2025-11-06T12:14:27-05:00', 'product_id': 10280133886133, 'variant_ids': [], 'src': 'https://cdn.shopify.com/s/files/1/0417/4721/8582/files/DSC02986_1.jpg?v=1762449267', 'width': 4000, 'height': 5000}, {'id': 73740208308405, 'created_at': '2025-11-06T10:54:47-05:00', 'position': 2, 'updated_at': '2025-11-06T12:14:27-05:00', 'product_id': 10280133886133, 'variant_ids': [], 'src': 'https://cdn.shopify.com/s/files/1/0417/4721/8582/files/DSC03005.jpg?v=1762449267', 'width': 3756, 'height': 4695}, {'id': 73740208275637, 'created_at': '2025-11-06T10:54:47-05:00', 'position': 3, 'updated_at': '2025-11-06T12:14:27-05:00', 'product_id': 10280133886133, 'variant_ids': [], 'src': 'https://cdn.shopify.com/s/files/1/0417/4721/8582/files/DSC03007.jpg?v=1762449267', 'width': 3534, 'height': 4418}, {'id': 73740209389749, 'created_at': '2025-11-06T10:55:35-05:00', 'position': 4, 'updated_at': '2025-11-06T12:14:27-05:00', 'product_id': 10280133886133, 'variant_ids': [], 'src': 'https://cdn.shopify.com/s/files/1/0417/4721/8582/files/DSC04002_Large_7ab0c329-fbe7-4693-8de6-6f3cd24bec34.jpg?v=1762449267', 'width': 1280, 'height': 1280}, {'id': 73740209356981, 'created_at': '2025-11-06T10:55:35-05:00', 'position': 5, 'updated_at': '2025-11-06T12:14:27-05:00', 'product_id': 10280133886133, 'variant_ids': [], 'src': 'https://cdn.shopify.com/s/files/1/0417/4721/8582/files/DSC04010_Large_2a920201-cc98-4d13-ba0a-2f2cb670f974.jpg?v=1762449267', 'width': 1280, 'height': 1280}, {'id': 73740208341173, 'created_at': '2025-11-06T10:54:47-05:00', 'position': 6, 'updated_at': '2025-11-06T12:14:27-05:00', 'product_id': 10280133886133, 'variant_ids': [], 'src': 'https://cdn.shopify.com/s/files/1/0417/4721/8582/files/DSC03029.jpg?v=1762449267', 'width': 4000, 'height': 5000}]","[{'name': 'Size', 'position': 1, 'values': ['Small', 'Medium', 'Large', 'X Large', 'XX Large']}]",https://anchoredcoffee.com/products/anchored-x-lebicar-hoodie,,,,,,,,,,,
59,51954057281717,XX Large,XX Large,,,,True,True,,False,76.00,748,,5,10280133886133,2025-11-06T10:53:22-05:00,2026-10-09T07:37:15-04:00,10280133886133,Anchored X Lebicar Hoodie,anchored-x-lebicar-hoodie,2025-11-06T20:28:49-05:00,2025-11-06T10:53:22-05:00,2026-10-09T07:37:15-04:00,Anchored Coffee,,[],"[{'id': 73740459376821, 'created_at': '2025-11-06T12:13:51-05:00', 'position': 1, 'updated_at': '2025-11-06T12:14:27-05:00', 'product_id': 10280133886133, 'variant_ids': [], 'src': 'https://cdn.shopify.com/s/files/1/0417/4721/8582/files/DSC02986_1.jpg?v=1762449267', 'width': 4000, 'height': 5000}, {'id': 73740208308405, 'created_at': '2025-11-06T10:54:47-05:00', 'position': 2, 'updated_at': '2025-11-06T12:14:27-05:00', 'product_id': 10280133886133, 'variant_ids': [], 'src': 'https://cdn.shopify.com/s/files/1/0417/4721/8582/files/DSC03005.jpg?v=1762449267', 'width': 3756, 'height': 4695}, {'id': 73740208275637, 'created_at': '2025-11-06T10:54:47-05:00', 'position': 3, 'updated_at': '2025-11-06T12:14:27-05:00', 'product_id': 10280133886133, 'variant_ids': [], 'src': 'https://cdn.shopify.com/s/files/1/0417/4721/8582/files/DSC03007.jpg?v=1762449267', 'width': 3534, 'height': 4418}, {'id': 73740209389749, 'created_at': '2025-11-06T10:55:35-05:00', 'position': 4, 'updated_at': '2025-11-06T12:14:27-05:00', 'product_id': 10280133886133, 'variant_ids': [], 'src': 'https://cdn.shopify.com/s/files/1/0417/4721/8582/files/DSC04002_Large_7ab0c329-fbe7-4693-8de6-6f3cd24bec34.jpg?v=1762449267', 'width': 1280, 'height': 1280}, {'id': 73740209356981, 'created_at': '2025-11-06T10:55:35-05:00', 'position': 5, 'updated_at': '2025-11-06T12:14:27-05:00', 'product_id': 10280133886133, 'variant_ids': [], 'src': 'https://cdn.shopify.com/s/files/1/0417/4721/8582/files/DSC04010_Large_2a920201-cc98-4d13-ba0a-2f2cb670f974.jpg?v=1762449267', 'width': 1280, 'height': 1280}, {'id': 73740208341173, 'created_at': '2025-11-06T10:54:47-05:00', 'position': 6, 'updated_at': '2025-11-06T12:14:27-05:00', 'product_id': 10280133886133, 'variant_ids': [], 'src': 'https://cdn.shopify.com/s/files/1/0417/4721/8582/files/DSC03029.jpg?v=1762449267', 'width': 4000, 'height': 5000}]","[{'name': 'Size', 'position': 1, 'values': ['Small', 'Medium', 'Large', 'X Large', 'XX Large']}]",https://anchoredcoffee.com/products/anchored-x-lebicar-hoodie,,,,,,,,,,,
60,51953990074549,Default Title,Default Title,,,,True,True,,True,42.00,295,,1,10280094073013,2025-11-06T09:43:35-05:00,2026-10-09T07:37:15-04:00,10280094073013,Anchored X Lebicar Yeti Mug,anchored-x-lebicar-yeti-mug,2025-11-06T20:28:49-05:00,2025-11-06T09:43:35-05:00,2026-10-09T07:37:15-04:00,Anchored Coffee,Accessories,['goodies'],"[{'id': 73740319129781, 'created_at': '2025-11-06T11:42:43-05:00', 'position': 1, 'updated_at': '2025-11-06T11:42:53-05:00', 'product_id': 10280094073013, 'variant_ids': [], 'src': 'https://cdn.shopify.com/s/files/1/0417/4721/8582/files/DSC03068_43393b28-4f0d-4adf-ad26-86e1ef8f43bf.jpg?v=1762447373', 'width': 3829, 'height': 4786}, {'id': 73740341444789, 'created_at': '2025-11-06T11:50:43-05:00', 'position': 2, 'updated_at': '2025-11-06T11:50:45-05:00', 'product_id': 10280094073013, 'variant_ids': [], 'src': 'https://cdn.shopify.com/s/files/1/0417/4721/8582/files/DSC03064_9daec432-0739-47f8-b5d2-22c722a10b21.jpg?v=1762447845', 'width': 3222, 'height': 4027}]","[{'name': 'Title', 'position': 1, 'values': ['Default Title']}]",https://anchoredcoffee.com/products/anchored-x-lebicar-yeti-mug,,,,,,,,,,,
61,51953973952693,Default Title,Default Title,,,,True,True,,True,27.00,340,,1,10280090042549,2025-11-06T09:10:30-05:00,2026-10-09T07:37:15-04:00,10280090042549,Lebicar X Anchored,lebicar-x-anchored,2025-11-06T20:28:48-05:00,2025-11-06T09:10:30-05:00,2026-10-09T07:37:15-04:00,Anchored Coffee,,[],"[{'id': 73739853594805, 'created_at': '2025-11-06T09:11:42-05:00', 'position': 1, 'updated_at': '2025-11-06T09:11:44-05:00', 'product_id': 10280090042549, 'variant_ids': [], 'src': 'https://cdn.shopify.com/s/files/1/0417/4721/8582/files/lebicar-product-photo.png?v=1762438304', 'width': 2914, 'height': 2914}]","[{'name': 'Title', 'position': 1, 'values': ['Default Title']}]",https://anchoredcoffee.com/products/lebicar-x-anchored,,,,,,,,,,,
62,51896391401653,Default Title,Default Title,,,,True,True,,True,28.00,272,,1,10259674628277,2025-10-15T10:23:22-04:00,2026-10-09T07:37:15-04:00,10259674628277,Dartmouth Tote - Black,dartmouth-tote-black,2025-10-15T10:33:13-04:00,2025-10-15T10:23:22-04:00,2026-10-09T07:37:15-04:00,Anchored Coffee,Accessories,[],"[{'id': 73582059913397, 'created_at': '2025-10-15T10:19:42-04:00', 'position': 1, 'updated_at': '2025-10-15T10:19:45-04:00', 'product_id': 10259674628277, 'variant_ids': [], 'src': 'https://cdn.shopify.com/s/files/1/0417/4721/8582/files/DSC02588-Enhanced-NR.png?v=1760537985', 'width': 3749, 'height': 3749}, {'id': 73582057226421, 'created_at': '2025-10-15T10:18:56-04:00', 'position': 2, 'updated_at': '2025-10-15T10:18:58-04:00', 'product_id': 10259674628277, 'variant_ids': [], 'src': 'https://cdn.shopify.com/s/files/1/0417/4721/8582/files/DSC02605.jpg?v=1760537938', 'width': 4000, 'height': 4000}, {'id': 73582057488565, 'created_at': '2025-10-15T10:18:58-04:00', 'position': 3, 'updated_at': '2025-10-15T10:19:01-04:00', 'product_id': 10259674628277, 'variant_ids': [], 'src': 'https://cdn.shopify.com/s/files/1/0417/4721/8582/files/DSC02611.jpg?v=1760537941', 'width': 3759, 'height': 5638}]","[{'name': 'Title', 'position': 1, 'values': ['Default Title']}]",https://anchoredcoffee.com/products/dartmouth-tote-black,,,,,,,,,,,
63,43411382108341,340g / Whole Bean,340g,Whole Bean,,,True,False,,True,27.00,340,,1,7591786315957,2023-12-16T14:18:43-05:00,2026-10-09T07:37:15-04:00,7591786315957,PROCRETE - Anchored x Pro Skates,procrete-anchored-x-pro-skates,2025-10-06T11:22:08-04:00,2023-12-16T14:18:43-05:00,2026-10-09T07:37:15-04:00,Anchored Coffee Dartmouth,Coffee,"['Blend', 'Coffee-Sub', 'Faire', 'Medium Roast', 'New']","[{'id': 36467033211061, 'created_at': '2023-12-16T14:23:11-05:00', 'position': 1, 'updated_at': '2023-12-16T14:23:12-05:00', 'product_id': 7591786315957, 'variant_ids': [], 'src': 'https://cdn.shopify.com/s/files/1/0417/4721/8582/files/Procrete_pack.png?v=1702754592', 'width': 2500, 'height': 2500}]","[{'name': 'Size', 'position': 1, 'values': ['340g']}, {'name': 'Grind', 'position': 2, 'values': ['Whole Bean']}]",https://anchoredcoffee.com/products/procrete-anchored-x-pro-skates,,,,,,,,,,,
64,45486895825077,Framed (black),Framed (black),,,,True,True,,False,90.00,0,,1,8257663336629,2025-06-11T13:17:35-04:00,2026-10-09T07:37:15-04:00,8257663336629,Cowboy Tears Prints,cowboy-tears-prints,2025-08-27T12:17:28-04:00,2025-06-11T13:08:18-04:00,2026-10-09T07:37:15-04:00,Anchored Coffee,Clothing,[],"[{'id': 40694500065461, 'created_at': '2025-06-11T13:13:56-04:00', 'position': 1, 'updated_at': '2025-06-11T13:14:36-04:00', 'product_id': 8257663336629, 'variant_ids': [], 'src': 'https://cdn.shopify.com/s/files/1/0417/4721/8582/files/DrilloMerch-FramedPrint.png?v=1749662076', 'width': 3655, 'height': 3655}, {'id': 40694500098229, 'created_at': '2025-06-11T13:13:56-04:00', 'position': 2, 'updated_at': '2025-06-11T13:14:36-04:00', 'product_id': 8257663336629, 'variant_ids': [], 'src': 'https://cdn.shopify.com/s/files/1/0417/4721/8582/files/DrilloMerch-UnframedPrint.png?v=1749662076', 'width': 3655, 'height': 3655}, {'id': 40694500982965, 'created_at': '2025-06-11T13:14:28-04:00', 'position': 3, 'updated_at': '2025-06-11T13:14:29-04:00', 'product_id': 8257663336629, 'variant_ids': [], 'src': 'https://cdn.shopify.com/s/files/1/0417/4721/8582/files/jakesmallwood_AnchoredCoffee_Drillo_57.jpg?v=1749662069', 'width': 3727, 'height': 4658}]","[{'name': 'Framing Options', 'position': 1, 'values': ['Framed (black)', 'Print Only']}]",https://anchoredcoffee.com/products/cowboy-tears-prints,,,,,,,,,,,
65,45486895857845,Print Only,Print Only,,,,True,True,,False,45.00,0,,2,8257663336629,2025-06-11T13:17:35-04:00,2026-10-09T07:37:15-04:00,8257663336629,Cowboy Tears Prints,cowboy-tears-prints,2025-08-27T12:17:28-04:00,2025-06-11T13:08:18-04:00,2026-10-09T07:37:15-04:00,Anchored Coffee,Clothing,[],"[{'id': 40694500065461, 'created_at': '2025-06-11T13:13:56-04:00', 'position': 1, 'updated_at': '2025-06-11T13:14:36-04:00', 'product_id': 8257663336629, 'variant_ids': [], 'src': 'https://cdn.shopify.com/s/files/1/0417/4721/8582/files/DrilloMerch-FramedPrint.png?v=1749662076', 'width': 3655, 'height': 3655}, {'id': 40694500098229, 'created_at': '2025-06-11T13:13:56-04:00', 'position': 2, 'updated_at': '2025-06-11T13:14:36-04:00', 'product_id': 8257663336629, 'variant_ids': [], 'src': 'https://cdn.shopify.com/s/files/1/0417/4721/8582/files/DrilloMerch-UnframedPrint.png?v=1749662076', 'width': 3655, 'height': 3655}, {'id': 40694500982965, 'created_at': '2025-06-11T13:14:28-04:00', 'position': 3, 'updated_at': '2025-06-11T13:14:29-04:00', 'product_id': 8257663336629, 'variant_ids': [], 'src': 'https://cdn.shopify.com/s/files/1/0417/4721/8582/files/jakesmallwood_AnchoredCoffee_Drillo_57.jpg?v=1749662069', 'width': 3727, 'height': 4658}]","[{'name': 'Framing Options', 'position': 1, 'values': ['Framed (black)', 'Print Only']}]",https://anchoredcoffee.com/products/cowboy-tears-prints,,,,,,,,,,,
66,51534483390645,40g,40g,,,,True,True,,True,12.00,40,,1,10205877960885,2025-08-13T22:00:53-04:00,2026-10-09T07:37:15-04:00,10205877960885,Chamomile,chamomile,2025-08-15T08:06:43-04:00,2025-08-13T22:00:53-04:00,2026-10-09T07:37:15-04:00,Anchored Coffee,,[],"[{'id': 73045436596405, 'created_at': '2025-08-13T21:50:38-04:00', 'position': 1, 'updated_at': '2025-08-13T21:50:41-04:00', 'product_id': 10205877960885, 'variant_ids': [], 'src': 'https://cdn.shopify.com/s/files/1/0417/4721/8582/files/AnchoredTea-Chamomile-40g.png?v=1755136241', 'width': 2914, 'height': 2914}, {'id': 73045432729781, 'created_at': '2025-08-13T21:49:13-04:00', 'position': 2, 'updated_at': '2025-08-13T21:49:17-04:00', 'product_id': 10205877960885, 'variant_ids': [], 'src': 'https://cdn.shopify.com/s/files/1/0417/4721/8582/files/jakesmallwood_AnchoredTea_09.jpg?v=1755136157', 'width': 4000, 'height': 6000}]","[{'name': 'Size', 'position': 1, 'values': ['40g', '200g']}]",https://anchoredcoffee.com/products/chamomile,,,,,,,,,,,
67,51534483423413,200g,200g,,,,True,True,,True,48.00,200,,2,10205877960885,2025-08-13T22:00:53-04:00,2026-10-09T07:37:15-04:00,10205877960885,Chamomile,chamomile,2025-08-15T08:06:43-04:00,2025-08-13T22:00:53-04:00,2026-10-09T07:37:15-04:00,Anchored Coffee,,[],"[{'id': 73045436596405, 'created_at': '2025-08-13T21:50:38-04:00', 'position': 1, 'updated_at': '2025-08-13T21:50:41-04:00', 'product_id': 10205877960885, 'variant_ids': [], 'src': 'https://cdn.shopify.com/s/files/1/0417/4721/8582/files/AnchoredTea-Chamomile-40g.png?v=1755136241', 'width': 2914, 'height': 2914}, {'id': 73045432729781, 'created_at': '2025-08-13T21:49:13-04:00', 'position': 2, 'updated_at': '2025-08-13T21:49:17-04:00', 'product_id': 10205877960885, 'variant_ids': [], 'src': 'https://cdn.shopify.com/s/files/1/0417/4721/8582/files/jakesmallwood_AnchoredTea_09.jpg?v=1755136157', 'width': 4000, 'height': 6000}]","[{'name': 'Size', 'position': 1, 'values': ['40g', '200g']}]",https://anchoredcoffee.com/products/chamomile,,,,,,,,,,,
68,51534482866357,40g,40g,,,,True,True,,True,12.00,40,,1,10205877829813,2025-08-13T21:59:11-04:00,2026-10-09T07:37:15-04:00,10205877829813,Peppermint,peppermint,2025-08-15T08:06:42-04:00,2025-08-13T21:59:10-04:00,2026-10-09T07:37:15-04:00,Anchored Coffee,,[],"[{'id': 73045436629173, 'created_at': '2025-08-13T21:50:38-04:00', 'position': 1, 'updated_at': '2025-08-13T21:50:41-04:00', 'product_id': 10205877829813, 'variant_ids': [], 'src': 'https://cdn.shopify.com/s/files/1/0417/4721/8582/files/AnchoredTea-Peppermint-40g.png?v=1755136241', 'width': 2914, 'height': 2914}, {'id': 73045432697013, 'created_at': '2025-08-13T21:49:13-04:00', 'position': 2, 'updated_at': '2025-08-13T21:49:17-04:00', 'product_id': 10205877829813, 'variant_ids': [], 'src': 'https://cdn.shopify.com/s/files/1/0417/4721/8582/files/jakesmallwood_AnchoredTea_07.jpg?v=1755136157', 'width': 4000, 'height': 6000}]","[{'name': 'Size', 'position': 1, 'values': ['40g', '200g']}]",https://anchoredcoffee.com/products/peppermint,,,,,,,,,,,
69,51534482899125,200g,200g,,,,True,True,,True,48.00,200,,2,10205877829813,2025-08-13T21:59:11-04:00,2026-10-09T07:37:15-04:00,10205877829813,Peppermint,peppermint,2025-08-15T08:06:42-04:00,2025-08-13T21:59:10-04:00,2026-10-09T07:37:15-04:00,Anchored Coffee,,[],"[{'id': 73045436629173, 'created_at': '2025-08-13T21:50:38-04:00', 'position': 1, 'updated_at': '2025-08-13T21:50:41-04:00', 'product_id': 10205877829813, 'variant_ids': [], 'src': 'https://cdn.shopify.com/s/files/1/0417/4721/8582/files/AnchoredTea-Peppermint-40g.png?v=1755136241', 'width': 2914, 'height': 2914}, {'id': 73045432697013, 'created_at': '2025-08-13T21:49:13-04:00', 'position': 2, 'updated_at': '2025-08-13T21:49:17-04:00', 'product_id': 10205877829813, 'variant_ids': [], 'src': 'https://cdn.shopify.com/s/files/1/0417/4721/8582/files/jakesmallwood_AnchoredTea_07.jpg?v=1755136157', 'width': 4000, 'height': 6000}]","[{'name': 'Size', 'position': 1, 'values': ['40g', '200g']}]",https://anchoredcoffee.com/products/peppermint,,,,,,,,,,,
70,51534479229109,100g,100g,,,,True,True,,True,20.25,100,,1,10205877174453,2025-08-13T21:53:39-04:00,2026-10-09T07:37:15-04:00,10205877174453,Chai,chai,2025-08-15T08:06:40-04:00,2025-08-13T21:53:39-04:00,2026-10-09T07:37:15-04:00,Anchored Coffee,,[],"[{'id': 73045436399797, 'created_at': '2025-08-13T21:50:37-04:00', 'position': 1, 'updated_at': '2025-08-13T21:50:40-04:00', 'product_id': 10205877174453, 'variant_ids': [], 'src': 'https://cdn.shopify.com/s/files/1/0417/4721/8582/files/AnchoredTea-Chai-100g.png?v=1755136240', 'width': 2914, 'height': 2914}, {'id': 73045432631477, 'created_at': '2025-08-13T21:49:13-04:00', 'position': 2, 'updated_at': '2025-08-13T21:49:16-04:00', 'product_id': 10205877174453, 'variant_ids': [], 'src': 'https://cdn.shopify.com/s/files/1/0417/4721/8582/files/jakesmallwood_AnchoredTea_03.jpg?v=1755136156', 'width': 4000, 'height': 6000}]","[{'name': 'Size', 'position': 1, 'values': ['100g', '1lb']}]",https://anchoredcoffee.com/products/chai,,,,,,,,,,,
71,51534479261877,1lb,1lb,,,,True,True,,True,81.00,454,,2,10205877174453,2025-08-13T21:53:39-04:00,2026-10-09T07:37:15-04:00,10205877174453,Chai,chai,2025-08-15T08:06:40-04:00,2025-08-13T21:53:39-04:00,2026-10-09T07:37:15-04:00,Anchored Coffee,,[],"[{'id': 73045436399797, 'created_at': '2025-08-13T21:50:37-04:00', 'position': 1, 'updated_at': '2025-08-13T21:50:40-04:00', 'product_id': 10205877174453, 'variant_ids': [], 'src': 'https://cdn.shopify.com/s/files/1/0417/4721/8582/files/AnchoredTea-Chai-100g.png?v=1755136240', 'width': 2914, 'height': 2914}, {'id': 73045432631477, 'created_at': '2025-08-13T21:49:13-04:00', 'position': 2, 'updated_at': '2025-08-13T21:49:16-04:00', 'product_id': 10205877174453, 'variant_ids': [], 'src': 'https://cdn.shopify.com/s/files/1/0417/4721/8582/files/jakesmallwood_AnchoredTea_03.jpg?v=1755136156', 'width': 4000, 'height': 6000}]","[{'name': 'Size', 'position': 1, 'values': ['100g', '1lb']}]",https://anchoredcoffee.com/products/chai,,,,,,,,,,,
72,51534478999733,100g,100g,,,,True,True,,True,20.25,100,,1,10205877010613,2025-08-13T21:51:44-04:00,2026-10-09T07:37:15-04:00,10205877010613,Jade Cloud,jade-cloud,2025-08-15T08:06:40-04:00,2025-08-13T21:51:44-04:00,2026-10-09T07:37:15-04:00,Anchored Coffee,,[],"[{'id': 73045436661941, 'created_at': '2025-08-13T21:50:38-04:00', 'position': 1, 'updated_at': '2025-08-13T21:50:41-04:00', 'product_id': 10205877010613, 'variant_ids': [], 'src': 'https://cdn.shopify.com/s/files/1/0417/4721/8582/files/AnchoredTea-JadeCloud-100g.png?v=1755136241', 'width': 2914, 'height': 2914}, {'id': 73045432762549, 'created_at': '2025-08-13T21:49:13-04:00', 'position': 2, 'updated_at': '2025-08-13T21:49:16-04:00', 'product_id': 10205877010613, 'variant_ids': [], 'src': 'https://cdn.shopify.com/s/files/1/0417/4721/8582/files/jakesmallwood_AnchoredTea_11.jpg?v=1755136156', 'width': 4000, 'height': 6000}]","[{'name': 'Size', 'position': 1, 'values': ['100g', '1lb']}]",https://anchoredcoffee.com/products/jade-cloud,,,,,,,,,,,
73,51534479032501,1lb,1lb,,,,True,True,,True,55.00,454,,2,10205877010613,2025-08-13T21:51:44-04:00,2026-10-09T07:37:15-04:00,10205877010613,Jade Cloud,jade-cloud,2025-08-15T08:06:40-04:00,2025-08-13T21:51:44-04:00,2026-10-09T07:37:15-04:00,Anchored Coffee,,[],"[{'id': 73045436661941, 'created_at': '2025-08-13T21:50:38-04:00', 'position': 1, 'updated_at': '2025-08-13T21:50:41-04:00', 'product_id': 10205877010613, 'variant_ids': [], 'src': 'https://cdn.shopify.com/s/files/1/0417/4721/8582/files/AnchoredTea-JadeCloud-100g.png?v=1755136241', 'width': 2914, 'height': 2914}, {'id': 73045432762549, 'created_at': '2025-08-13T21:49:13-04:00', 'position': 2, 'updated_at': '2025-08-13T21:49:16-04:00', 'product_id': 10205877010613, 'variant_ids': [], 'src': 'https://cdn.shopify.com/s/files/1/0417/4721/8582/files/jakesmallwood_AnchoredTea_11.jpg?v=1755136156', 'width': 4000, 'height': 6000}]","[{'name': 'Size', 'position': 1, 'values': ['100g', '1lb']}]",https://anchoredcoffee.com/products/jade-cloud,,,,,,,,,,,
0,62104709595506,300g / Whole Bean,300g,Whole Bean,,DCS1063,True,False,,True,42.00,315,58.00,1,15131175223666,2026-07-22T12:49:30-04:00,2026-10-09T07:37:15-04:00,15131175223666,Guatemala La Hermosa Sidra | Superbrew,guatemala-la-hermosa-sidra-superbrew,2026-10-06T14:03:35-04:00,2026-07-22T12:49:29-04:00,2026-10-09T07:37:15-04:00,Detour Coffee Roasters,COFFEE,"['active', 'coffee', 'filter', 'label- Superbrew Series', 'label-Limited', 'single origin', 'Single Origin DH']","[{'id': 62365718741362, 'created_at': '2026-07-22T12:56:50-04:00', 'position': 1, 'updated_at': '2026-07-22T12:56:52-04:00', 'product_id': 15131175223666, 'variant_ids': [62104709595506, 62104709628274], 'src': 'https://cdn.shopify.com/s/files/1/1004/9428/files/SO_CoffeeBag_FincaLaHermosa-Superseries.png?v=1784739412', 'width': 2048, 'height': 2048}, {'id': 62365718675826, 'created_at': '2026-07-22T12:56:50-04:00', 'position': 2, 'updated_at': '2026-07-22T12:56:52-04:00', 'product_id': 15131175223666, 'variant_ids': [62104709661042], 'src': 'https://cdn.shopify.com/s/files/1/1004/9428/files/DT-Coffee-1kg_FincaLaHermosa-Superseries.png?v=1784739412', 'width': 2048, 'height': 2048}, {'id': 62365718708594, 'created_at': '2026-07-22T12:56:50-04:00', 'position': 3, 'updated_at': '2026-07-22T12:56:52-04:00', 'product_id': 15131175223666, 'variant_ids': [62104709693810], 'src': 'https://cdn.shopify.com/s/files/1/1004/9428/files/DT-Coffee-bulk_FincaLaHermosa-Superseries.png?v=1784739412', 'width': 2048, 'height': 2048}]","[{'name': 'Bag Size', 'position': 1, 'values': ['300g', '1Kg', '2.27Kg']}, {'name': 'Type', 'position': 2, 'values': ['Whole Bean', 'Medium Filter Grind']}]",https://detourcoffee.com/products/guatemala-la-hermosa-sidra-superbrew,,62365718741362.0,15131175223666.0,1.0,2026-07-22T12:56:50-04:00,2026-07-22T12:56:52-04:00,,2048.0,2048.0,https://cdn.shopify.com/s/files/1/1004/9428/files/SO_CoffeeBag_FincaLaHermosa-Superseries.png?v=1784739412,"[62104709595506, 62104709628274]"
1,62104709628274,300g / Medium Filter Grind,300g,Medium Filter Grind,,DCG1071,True,False,,True,42.00,315,58.00,2,15131175223666,2026-07-22T12:49:30-04:00,2026-10-09T07:37:15-04:00,15131175223666,Guatemala La Hermosa Sidra | Superbrew,guatemala-la-hermosa-sidra-superbrew,2026-10-06T14:03:35-04:00,2026-07-22T12:49:29-04:00,2026-10-09T07:37:15-04:00,Detour Coffee Roasters,COFFEE,"['active', 'coffee', 'filter', 'label- Superbrew Series', 'label-Limited', 'single origin', 'Single Origin DH']","[{'id': 62365718741362, 'created_at': '2026-07-22T12:56:50-04:00', 'position': 1, 'updated_at': '2026-07-22T12:56:52-04:00', 'product_id': 15131175223666, 'variant_ids': [62104709595506, 62104709628274], 'src': 'https://cdn.shopify.com/s/files/1/1004/9428/files/SO_CoffeeBag_FincaLaHermosa-Superseries.png?v=1784739412', 'width': 2048, 'height': 2048}, {'id': 62365718675826, 'created_at': '2026-07-22T12:56:50-04:00', 'position': 2, 'updated_at': '2026-07-22T12:56:52-04:00', 'product_id': 15131175223666, 'variant_ids': [62104709661042], 'src': 'https://cdn.shopify.com/s/files/1/1004/9428/files/DT-Coffee-1kg_FincaLaHermosa-Superseries.png?v=1784739412', 'width': 2048, 'height': 2048}, {'id': 62365718708594, 'created_at': '2026-07-22T12:56:50-04:00', 'position': 3, 'updated_at': '2026-07-22T12:56:52-04:00', 'product_id': 15131175223666, 'variant_ids': [62104709693810], 'src': 'https://cdn.shopify.com/s/files/1/1004/9428/files/DT-Coffee-bulk_FincaLaHermosa-Superseries.png?v=1784739412', 'width': 2048, 'height': 2048}]","[{'name': 'Bag Size', 'position': 1, 'values': ['300g', '1Kg', '2.27Kg']}, {'name': 'Type', 'position': 2, 'values': ['Whole Bean', 'Medium Filter Grind']}]",https://detourcoffee.com/products/guatemala-la-hermosa-sidra-superbrew,,62365718741362.0,15131175223666.0,1.0,2026-07-22T12:56:50-04:00,2026-07-22T12:56:52-04:00,,2048.0,2048.0,https://cdn.shopify.com/s/files/1/1004/9428/files/SO_CoffeeBag_FincaLaHermosa-Superseries.png?v=1784739412,"[62104709595506, 62104709628274]"
2,62104709661042,1Kg / Whole Bean,1Kg,Whole Bean,,DCS4061,True,False,,False,188.00,1015,200.00,3,15131175223666,2026-07-22T12:49:30-04:00,2026-10-09T07:37:15-04:00,15131175223666,Guatemala La Hermosa Sidra | Superbrew,guatemala-la-hermosa-sidra-superbrew,2026-10-06T14:03:35-04:00,2026-07-22T12:49:29-04:00,2026-10-09T07:37:15-04:00,Detour Coffee Roasters,COFFEE,"['active', 'coffee', 'filter', 'label- Superbrew Series', 'label-Limited', 'single origin', 'Single Origin DH']","[{'id': 62365718741362, 'created_at': '2026-07-22T12:56:50-04:00', 'position': 1, 'updated_at': '2026-07-22T12:56:52-04:00', 'product_id': 15131175223666, 'variant_ids': [62104709595506, 62104709628274], 'src': 'https://cdn.shopify.com/s/files/1/1004/9428/files/SO_CoffeeBag_FincaLaHermosa-Superseries.png?v=1784739412', 'width': 2048, 'height': 2048}, {'id': 62365718675826, 'created_at': '2026-07-22T12:56:50-04:00', 'position': 2, 'updated_at': '2026-07-22T12:56:52-04:00', 'product_id': 15131175223666, 'variant_ids': [62104709661042], 'src': 'https://cdn.shopify.com/s/files/1/1004/9428/files/DT-Coffee-1kg_FincaLaHermosa-Superseries.png?v=1784739412', 'width': 2048, 'height': 2048}, {'id': 62365718708594, 'created_at': '2026-07-22T12:56:50-04:00', 'position': 3, 'updated_at': '2026-07-22T12:56:52-04:00', 'product_id': 15131175223666, 'variant_ids': [62104709693810], 'src': 'https://cdn.shopify.com/s/files/1/1004/9428/files/DT-Coffee-bulk_FincaLaHermosa-Superseries.png?v=1784739412', 'width': 2048, 'height': 2048}]","[{'name': 'Bag Size', 'position': 1, 'values': ['300g', '1Kg', '2.27Kg']}, {'name': 'Type', 'position': 2, 'values': ['Whole Bean', 'Medium Filter Grind']}]",https://detourcoffee.com/products/guatemala-la-hermosa-sidra-superbrew,,62365718675826.0,15131175223666.0,2.0,2026-07-22T12:56:50-04:00,2026-07-22T12:56:52-04:00,,2048.0,2048.0,https://cdn.shopify.com/s/files/1/1004/9428/files/DT-Coffee-1kg_FincaLaHermosa-Superseries.png?v=1784739412,[62104709661042]
3,62104709693810,2.27Kg / Whole Bean,2.27Kg,Whole Bean,,DCS6061,True,False,,False,375.00,315,400.00,4,15131175223666,2026-07-22T12:49:30-04:00,2026-10-09T07:37:15-04:00,15131175223666,Guatemala La Hermosa Sidra | Superbrew,guatemala-la-hermosa-sidra-superbrew,2026-10-06T14:03:35-04:00,2026-07-22T12:49:29-04:00,2026-10-09T07:37:15-04:00,Detour Coffee Roasters,COFFEE,"['active', 'coffee', 'filter', 'label- Superbrew Series', 'label-Limited', 'single origin', 'Single Origin DH']","[{'id': 62365718741362, 'created_at': '2026-07-22T12:56:50-04:00', 'position': 1, 'updated_at': '2026-07-22T12:56:52-04:00', 'product_id': 15131175223666, 'variant_ids': [62104709595506, 62104709628274], 'src': 'https://cdn.shopify.com/s/files/1/1004/9428/files/SO_CoffeeBag_FincaLaHermosa-Superseries.png?v=1784739412', 'width': 2048, 'height': 2048}, {'id': 62365718675826, 'created_at': '2026-07-22T12:56:50-04:00', 'position': 2, 'updated_at': '2026-07-22T12:56:52-04:00', 'product_id': 15131175223666, 'variant_ids': [62104709661042], 'src': 'https://cdn.shopify.com/s/files/1/1004/9428/files/DT-Coffee-1kg_FincaLaHermosa-Superseries.png?v=1784739412', 'width': 2048, 'height': 2048}, {'id': 62365718708594, 'created_at': '2026-07-22T12:56:50-04:00', 'position': 3, 'updated_at': '2026-07-22T12:56:52-04:00', 'product_id': 15131175223666, 'variant_ids': [62104709693810], 'src': 'https://cdn.shopify.com/s/files/1/1004/9428/files/DT-Coffee-bulk_FincaLaHermosa-Superseries.png?v=1784739412', 'width': 2048, 'height': 2048}]","[{'name': 'Bag Size', 'position': 1, 'values': ['300g', '1Kg', '2.27Kg']}, {'name': 'Type', 'position': 2, 'values': ['Whole Bean', 'Medium Filter Grind']}]",https://detourcoffee.com/products/guatemala-la-hermosa-sidra-superbrew,,62365718708594.0,15131175223666.0,3.0,2026-07-22T12:56:50-04:00,2026-07-22T12:56:52-04:00,,2048.0,2048.0,https://cdn.shopify.com/s/files/1/1004/9428/files/DT-Coffee-bulk_FincaLaHermosa-Superseries.png?v=1784739412,[62104709693810]
4,62416186442098,300g / Whole Bean,300g,Whole Bean,,DCS1079,True,False,,True,25.00,315,0.00,1,15213163151730,2026-09-28T12:42:36-04:00,2026-10-09T07:37:15-04:00,15213163151730,Brazil Valdeir Tomazini,brazil-valdeir-tomazini,2026-10-01T09:19:46-04:00,2026-09-28T12:42:35-04:00,2026-10-09T07:37:15-04:00,Detour Coffee Roasters,COFFEE,"['active', 'coffee', 'filter', 'label-New', 'single origin', 'Single Origin DH']","[{'id': 63114008330610, 'created_at': '2026-09-30T14:47:11-04:00', 'position': 1, 'updated_at': '2026-09-30T14:47:13-04:00', 'product_id': 15213163151730, 'variant_ids': [62416186442098, 62416186474866], 'src': 'https://cdn.shopify.com/s/files/1/1004/9428/files/SO_CoffeeBag_ValdeirTomazini_Brazil.png?v=1790794033', 'width': 2048, 'height': 2048}, {'id': 63114008265074, 'created_at': '2026-09-30T14:47:11-04:00', 'position': 2, 'updated_at': '2026-09-30T14:47:13-04:00', 'product_id': 15213163151730, 'variant_ids': [62416186507634], 'src': 'https://cdn.shopify.com/s/files/1/1004/9428/files/DT-Coffee-1kg_ValdeirTomazini_Brazil.png?v=1790794033', 'width': 2048, 'height': 2048}, {'id': 63114008297842, 'created_at': '2026-09-30T14:47:11-04:00', 'position': 3, 'updated_at': '2026-09-30T14:47:13-04:00', 'product_id': 15213163151730, 'variant_ids': [62416186540402], 'src': 'https://cdn.shopify.com/s/files/1/1004/9428/files/DT-Coffee-bulk_ValdeirTomazini_Brazil.png?v=1790794033', 'width': 2048, 'height': 2048}]","[{'name': 'Bag Size', 'position': 1, 'values': ['300g', '1Kg', '2.27Kg']}, {'name': 'Type', 'position': 2, 'values': ['Whole Bean', 'Medium Filter Grind']}]",https://detourcoffee.com/products/brazil-valdeir-tomazini,,63114008330610.0,15213163151730.0,1.0,2026-09-30T14:47:11-04:00,2026-09-30T14:47:13-04:00,,2048.0,2048.0,https://cdn.shopify.com/s/files/1/1004/9428/files/SO_CoffeeBag_ValdeirTomazini_Brazil.png?v=1790794033,"[62416186442098, 62416186474866]"
5,62416186474866,300g / Medium Filter Grind,300g,Medium Filter Grind,,DCG1076,True,False,,True,25.00,315,0.00,2,15213163151730,2026-09-28T12:42:36-04:00,2026-10-09T07:37:15-04:00,15213163151730,Brazil Valdeir Tomazini,brazil-valdeir-tomazini,2026-10-01T09:19:46-04:00,2026-09-28T12:42:35-04:00,2026-10-09T07:37:15-04:00,Detour Coffee Roasters,COFFEE,"['active', 'coffee', 'filter', 'label-New', 'single origin', 'Single Origin DH']","[{'id': 63114008330610, 'created_at': '2026-09-30T14:47:11-04:00', 'position': 1, 'updated_at': '2026-09-30T14:47:13-04:00', 'product_id': 15213163151730, 'variant_ids': [62416186442098, 62416186474866], 'src': 'https://cdn.shopify.com/s/files/1/1004/9428/files/SO_CoffeeBag_ValdeirTomazini_Brazil.png?v=1790794033', 'width': 2048, 'height': 2048}, {'id': 63114008265074, 'created_at': '2026-09-30T14:47:11-04:00', 'position': 2, 'updated_at': '2026-09-30T14:47:13-04:00', 'product_id': 15213163151730, 'variant_ids': [62416186507634], 'src': 'https://cdn.shopify.com/s/files/1/1004/9428/files/DT-Coffee-1kg_ValdeirTomazini_Brazil.png?v=1790794033', 'width': 2048, 'height': 2048}, {'id': 63114008297842, 'created_at': '2026-09-30T14:47:11-04:00', 'position': 3, 'updated_at': '2026-09-30T14:47:13-04:00', 'product_id': 15213163151730, 'variant_ids': [62416186540402], 'src': 'https://cdn.shopify.com/s/files/1/1004/9428/files/DT-Coffee-bulk_ValdeirTomazini_Brazil.png?v=1790794033', 'width': 2048, 'height': 2048}]","[{'name': 'Bag Size', 'position': 1, 'values': ['300g', '1Kg', '2.27Kg']}, {'name': 'Type', 'position': 2, 'values': ['Whole Bean', 'Medium Filter Grind']}]",https://detourcoffee.com/products/brazil-valdeir-tomazini,,63114008330610.0,15213163151730.0,1.0,2026-09-30T14:47:11-04:00,2026-09-30T14:47:13-04:00,,2048.0,2048.0,https://cdn.shopify.com/s/files/1/1004/9428/files/SO_CoffeeBag_ValdeirTomazini_Brazil.png?v=1790794033,"[62416186442098, 62416186474866]"
6,62416186507634,1Kg / Whole Bean,1Kg,Whole Bean,,DCS4077,True,False,,True,80.00,1015,82.00,3,15213163151730,2026-09-28T12:42:36-04:00,2026-10-09T07:37:15-04:00,15213163151730,Brazil Valdeir Tomazini,brazil-valdeir-tomazini,2026-10-01T09:19:46-04:00,2026-09-28T12:42:35-04:00,2026-10-09T07:37:15-04:00,Detour Coffee Roasters,COFFEE,"['active', 'coffee', 'filter', 'label-New', 'single origin', 'Single Origin DH']","[{'id': 63114008330610, 'created_at': '2026-09-30T14:47:11-04:00', 'position': 1, 'updated_at': '2026-09-30T14:47:13-04:00', 'product_id': 15213163151730, 'variant_ids': [62416186442098, 62416186474866], 'src': 'https://cdn.shopify.com/s/files/1/1004/9428/files/SO_CoffeeBag_ValdeirTomazini_Brazil.png?v=1790794033', 'width': 2048, 'height': 2048}, {'id': 63114008265074, 'created_at': '2026-09-30T14:47:11-04:00', 'position': 2, 'updated_at': '2026-09-30T14:47:13-04:00', 'product_id': 15213163151730, 'variant_ids': [62416186507634], 'src': 'https://cdn.shopify.com/s/files/1/1004/9428/files/DT-Coffee-1kg_ValdeirTomazini_Brazil.png?v=1790794033', 'width': 2048, 'height': 2048}, {'id': 63114008297842, 'created_at': '2026-09-30T14:47:11-04:00', 'position': 3, 'updated_at': '2026-09-30T14:47:13-04:00', 'product_id': 15213163151730, 'variant_ids': [62416186540402], 'src': 'https://cdn.shopify.com/s/files/1/1004/9428/files/DT-Coffee-bulk_ValdeirTomazini_Brazil.png?v=1790794033', 'width': 2048, 'height': 2048}]","[{'name': 'Bag Size', 'position': 1, 'values': ['300g', '1Kg', '2.27Kg']}, {'name': 'Type', 'position': 2, 'values': ['Whole Bean', 'Medium Filter Grind']}]",https://detourcoffee.com/products/brazil-valdeir-tomazini,,63114008265074.0,15213163151730.0,2.0,2026-09-30T14:47:11-04:00,2026-09-30T14:47:13-04:00,,2048.0,2048.0,https://cdn.shopify.com/s/files/1/1004/9428/files/DT-Coffee-1kg_ValdeirTomazini_Brazil.png?v=1790794033,[62416186507634]
7,62416186540402,2.27Kg / Whole Bean,2.27Kg,Whole Bean,,DCS6079,True,False,,True,164.00,2315,187.00,4,15213163151730,2026-09-28T12:42:36-04:00,2026-10-09T07:37:15-04:00,15213163151730,Brazil Valdeir Tomazini,brazil-valdeir-tomazini,2026-10-01T09:19:46-04:00,2026-09-28T12:42:35-04:00,2026-10-09T07:37:15-04:00,Detour Coffee Roasters,COFFEE,"['active', 'coffee', 'filter', 'label-New', 'single origin', 'Single Origin DH']","[{'id': 63114008330610, 'created_at': '2026-09-30T14:47:11-04:00', 'position': 1, 'updated_at': '2026-09-30T14:47:13-04:00', 'product_id': 15213163151730, 'variant_ids': [62416186442098, 62416186474866], 'src': 'https://cdn.shopify.com/s/files/1/1004/9428/files/SO_CoffeeBag_ValdeirTomazini_Brazil.png?v=1790794033', 'width': 2048, 'height': 2048}, {'id': 63114008265074, 'created_at': '2026-09-30T14:47:11-04:00', 'position': 2, 'updated_at': '2026-09-30T14:47:13-04:00', 'product_id': 15213163151730, 'variant_ids': [62416186507634], 'src': 'https://cdn.shopify.com/s/files/1/1004/9428/files/DT-Coffee-1kg_ValdeirTomazini_Brazil.png?v=1790794033', 'width': 2048, 'height': 2048}, {'id': 63114008297842, 'created_at': '2026-09-30T14:47:11-04:00', 'position': 3, 'updated_at': '2026-09-30T14:47:13-04:00', 'product_id': 15213163151730, 'variant_ids': [62416186540402], 'src': 'https://cdn.shopify.com/s/files/1/1004/9428/files/DT-Coffee-bulk_ValdeirTomazini_Brazil.png?v=1790794033', 'width': 2048, 'height': 2048}]","[{'name': 'Bag Size', 'position': 1, 'values': ['300g', '1Kg', '2.27Kg']}, {'name': 'Type', 'position': 2, 'values': ['Whole Bean', 'Medium Filter Grind']}]",https://detourcoffee.com/products/brazil-valdeir-tomazini,,63114008297842.0,15213163151730.0,3.0,2026-09-30T14:47:11-04:00,2026-09-30T14:47:13-04:00,,2048.0,2048.0,https://cdn.shopify.com/s/files/1/1004/9428/files/DT-Coffee-bulk_ValdeirTomazini_Brazil.png?v=1790794033,[62416186540402]
8,62427862761842,300g / Whole Bean,300g,Whole Bean,,DCS1080,True,False,,True,40.00,0,0.00,1,15215587459442,2026-09-30T12:19:48-04:00,2026-10-09T07:37:15-04:00,15215587459442,Colombia El Granja Paraiso Orange Bourbon Superbrew,colombia-el-granja-paraiso-orange-bourbon-superbrew,2026-10-01T09:00:10-04:00,2026-09-30T12:19:47-04:00,2026-10-09T07:37:15-04:00,Detour Coffee Roasters,COFFEE,"['active', 'coffee', 'colombia', 'filter', 'label- Superbrew Series', 'label-New', 'single origin', 'Single Origin DH']","[{'id': 63114002989426, 'created_at': '2026-09-30T14:45:28-04:00', 'position': 1, 'updated_at': '2026-09-30T14:45:30-04:00', 'product_id': 15215587459442, 'variant_ids': [62427862761842, 62427862794610], 'src': 'https://cdn.shopify.com/s/files/1/1004/9428/files/SO_CoffeeBag_GranjaParaiso92OrangeBourbon_Colombia.png?v=1790793930', 'width': 2048, 'height': 2048}, {'id': 63114002923890, 'created_at': '2026-09-30T14:45:28-04:00', 'position': 2, 'updated_at': '2026-09-30T14:45:30-04:00', 'product_id': 15215587459442, 'variant_ids': [62427862827378], 'src': 'https://cdn.shopify.com/s/files/1/1004/9428/files/DT-Coffee-1kg_GranjaParaiso92OrangeBourbon_Colombia.png?v=1790793930', 'width': 2048, 'height': 2048}, {'id': 63114002956658, 'created_at': '2026-09-30T14:45:28-04:00', 'position': 3, 'updated_at': '2026-09-30T14:45:30-04:00', 'product_id': 15215587459442, 'variant_ids': [62427862860146], 'src': 'https://cdn.shopify.com/s/files/1/1004/9428/files/DT-Coffee-bulk_GranjaParaiso92OrangeBourbon_Colombia.png?v=1790793930', 'width': 2048, 'height': 2048}]","[{'name': 'Bag Size', 'position': 1, 'values': ['300g', '1Kg', '2.27Kg']}, {'name': 'Type', 'position': 2, 'values': ['Whole Bean', 'Medium Filter Grind']}]",https://detourcoffee.com/products/colombia-el-granja-paraiso-orange-bourbon-superbrew,,63114002989426.0,15215587459442.0,1.0,2026-09-30T14:45:28-04:00,2026-09-30T14:45:30-04:00,,2048.0,2048.0,https://cdn.shopify.com/s/files/1/1004/9428/files/SO_CoffeeBag_GranjaParaiso92OrangeBourbon_Colombia.png?v=1790793930,"[62427862761842, 62427862794610]"
9,62427862794610,300g / Medium Filter Grind,300g,Medium Filter Grind,,DCG1078,True,False,,True,40.00,0,0.00,2,15215587459442,2026-09-30T12:19:48-04:00,2026-10-09T07:37:15-04:00,15215587459442,Colombia El Granja Paraiso Orange Bourbon Superbrew,colombia-el-granja-paraiso-orange-bourbon-superbrew,2026-10-01T09:00:10-04:00,2026-09-30T12:19:47-04:00,2026-10-09T07:37:15-04:00,Detour Coffee Roasters,COFFEE,"['active', 'coffee', 'colombia', 'filter', 'label- Superbrew Series', 'label-New', 'single origin', 'Single Origin DH']","[{'id': 63114002989426, 'created_at': '2026-09-30T14:45:28-04:00', 'position': 1, 'updated_at': '2026-09-30T14:45:30-04:00', 'product_id': 15215587459442, 'variant_ids': [62427862761842, 62427862794610], 'src': 'https://cdn.shopify.com/s/files/1/1004/9428/files/SO_CoffeeBag_GranjaParaiso92OrangeBourbon_Colombia.png?v=1790793930', 'width': 2048, 'height': 2048}, {'id': 63114002923890, 'created_at': '2026-09-30T14:45:28-04:00', 'position': 2, 'updated_at': '2026-09-30T14:45:30-04:00', 'product_id': 15215587459442, 'variant_ids': [62427862827378], 'src': 'https://cdn.shopify.com/s/files/1/1004/9428/files/DT-Coffee-1kg_GranjaParaiso92OrangeBourbon_Colombia.png?v=1790793930', 'width': 2048, 'height': 2048}, {'id': 63114002956658, 'created_at': '2026-09-30T14:45:28-04:00', 'position': 3, 'updated_at': '2026-09-30T14:45:30-04:00', 'product_id': 15215587459442, 'variant_ids': [62427862860146], 'src': 'https://cdn.shopify.com/s/files/1/1004/9428/files/DT-Coffee-bulk_GranjaParaiso92OrangeBourbon_Colombia.png?v=1790793930', 'width': 2048, 'height': 2048}]","[{'name': 'Bag Size', 'position': 1, 'values': ['300g', '1Kg', '2.27Kg']}, {'name': 'Type', 'position': 2, 'values': ['Whole Bean', 'Medium Filter Grind']}]",https://detourcoffee.com/products/colombia-el-granja-paraiso-orange-bourbon-superbrew,,63114002989426.0,15215587459442.0,1.0,2026-09-30T14:45:28-04:00,2026-09-30T14:45:30-04:00,,2048.0,2048.0,https://cdn.shopify.com/s/files/1/1004/9428/files/SO_CoffeeBag_GranjaParaiso92OrangeBourbon_Colombia.png?v=1790793930,"[62427862761842, 62427862794610]"
10,62427862827378,1Kg / Whole Bean,1Kg,Whole Bean,,DCS4078,True,False,,True,128.00,0,132.00,3,15215587459442,2026-09-30T12:19:48-04:00,2026-10-09T07:37:15-04:00,15215587459442,Colombia El Granja Paraiso Orange Bourbon Superbrew,colombia-el-granja-paraiso-orange-bourbon-superbrew,2026-10-01T09:00:10-04:00,2026-09-30T12:19:47-04:00,2026-10-09T07:37:15-04:00,Detour Coffee Roasters,COFFEE,"['active', 'coffee', 'colombia', 'filter', 'label- Superbrew Series', 'label-New', 'single origin', 'Single Origin DH']","[{'id': 63114002989426, 'created_at': '2026-09-30T14:45:28-04:00', 'position': 1, 'updated_at': '2026-09-30T14:45:30-04:00', 'product_id': 15215587459442, 'variant_ids': [62427862761842, 62427862794610], 'src': 'https://cdn.shopify.com/s/files/1/1004/9428/files/SO_CoffeeBag_GranjaParaiso92OrangeBourbon_Colombia.png?v=1790793930', 'width': 2048, 'height': 2048}, {'id': 63114002923890, 'created_at': '2026-09-30T14:45:28-04:00', 'position': 2, 'updated_at': '2026-09-30T14:45:30-04:00', 'product_id': 15215587459442, 'variant_ids': [62427862827378], 'src': 'https://cdn.shopify.com/s/files/1/1004/9428/files/DT-Coffee-1kg_GranjaParaiso92OrangeBourbon_Colombia.png?v=1790793930', 'width': 2048, 'height': 2048}, {'id': 63114002956658, 'created_at': '2026-09-30T14:45:28-04:00', 'position': 3, 'updated_at': '2026-09-30T14:45:30-04:00', 'product_id': 15215587459442, 'variant_ids': [62427862860146], 'src': 'https://cdn.shopify.com/s/files/1/1004/9428/files/DT-Coffee-bulk_GranjaParaiso92OrangeBourbon_Colombia.png?v=1790793930', 'width': 2048, 'height': 2048}]","[{'name': 'Bag Size', 'position': 1, 'values': ['300g', '1Kg', '2.27Kg']}, {'name': 'Type', 'position': 2, 'values': ['Whole Bean', 'Medium Filter Grind']}]",https://detourcoffee.com/products/colombia-el-granja-paraiso-orange-bourbon-superbrew,,63114002923890.0,15215587459442.0,2.0,2026-09-30T14:45:28-04:00,2026-09-30T14:45:30-04:00,,2048.0,2048.0,https://cdn.shopify.com/s/files/1/1004/9428/files/DT-Coffee-1kg_GranjaParaiso92OrangeBourbon_Colombia.png?v=1790793930,[62427862827378]
11,62427862860146,2.27Kg / Whole Bean,2.27Kg,Whole Bean,,DCS6080,True,False,,True,290.00,0,300.00,4,15215587459442,2026-09-30T12:19:48-04:00,2026-10-09T07:37:15-04:00,15215587459442,Colombia El Granja Paraiso Orange Bourbon Superbrew,colombia-el-granja-paraiso-orange-bourbon-superbrew,2026-10-01T09:00:10-04:00,2026-09-30T12:19:47-04:00,2026-10-09T07:37:15-04:00,Detour Coffee Roasters,COFFEE,"['active', 'coffee', 'colombia', 'filter', 'label- Superbrew Series', 'label-New', 'single origin', 'Single Origin DH']","[{'id': 63114002989426, 'created_at': '2026-09-30T14:45:28-04:00', 'position': 1, 'updated_at': '2026-09-30T14:45:30-04:00', 'product_id': 15215587459442, 'variant_ids': [62427862761842, 62427862794610], 'src': 'https://cdn.shopify.com/s/files/1/1004/9428/files/SO_CoffeeBag_GranjaParaiso92OrangeBourbon_Colombia.png?v=1790793930', 'width': 2048, 'height': 2048}, {'id': 63114002923890, 'created_at': '2026-09-30T14:45:28-04:00', 'position': 2, 'updated_at': '2026-09-30T14:45:30-04:00', 'product_id': 15215587459442, 'variant_ids': [62427862827378], 'src': 'https://cdn.shopify.com/s/files/1/1004/9428/files/DT-Coffee-1kg_GranjaParaiso92OrangeBourbon_Colombia.png?v=1790793930', 'width': 2048, 'height': 2048}, {'id': 63114002956658, 'created_at': '2026-09-30T14:45:28-04:00', 'position': 3, 'updated_at': '2026-09-30T14:45:30-04:00', 'product_id': 15215587459442, 'variant_ids': [62427862860146], 'src': 'https://cdn.shopify.com/s/files/1/1004/9428/files/DT-Coffee-bulk_GranjaParaiso92OrangeBourbon_Colombia.png?v=1790793930', 'width': 2048, 'height': 2048}]","[{'name': 'Bag Size', 'position': 1, 'values': ['300g', '1Kg', '2.27Kg']}, {'name': 'Type', 'position': 2, 'values': ['Whole Bean', 'Medium Filter Grind']}]",https://detourcoffee.com/products/colombia-el-granja-paraiso-orange-bourbon-superbrew,,63114002956658.0,15215587459442.0,3.0,2026-09-30T14:45:28-04:00,2026-09-30T14:45:30-04:00,,2048.0,2048.0,https://cdn.shopify.com/s/files/1/1004/9428/files/DT-Coffee-bulk_GranjaParaiso92OrangeBourbon_Colombia.png?v=1790793930,[62427862860146]
12,62416193519986,300g / Whole Bean,300g,Whole Bean,,DCB1023,True,False,,True,25.00,0,0.00,1,15213165904242,2026-09-28T12:44:10-04:00,2026-10-09T07:37:15-04:00,15213165904242,Carnavalito Espresso | Artist Collab x Jean-Michel Blais,carnavalito-espresso-artist-collab-x-jean-michel-blais,2026-09-30T10:10:32-04:00,2026-09-28T12:44:10-04:00,2026-10-09T07:37:15-04:00,Detour Coffee Roasters,COFFEE,"['active', 'coffee', 'espresso', 'filter', 'Holiday', 'label-Limited', 'label-New', 'single origin']","[{'id': 63091186401650, 'created_at': '2026-09-28T12:45:17-04:00', 'position': 1, 'updated_at': '2026-09-28T12:45:19-04:00', 'product_id': 15213165904242, 'variant_ids': [62416193519986, 62416193552754], 'src': 'https://cdn.shopify.com/s/files/1/1004/9428/files/YR_CoffeeBag_Carnavalito.png?v=1790613919', 'width': 2048, 'height': 2048}, {'id': 63091186336114, 'created_at': '2026-09-28T12:45:17-04:00', 'position': 2, 'updated_at': '2026-09-28T12:45:19-04:00', 'product_id': 15213165904242, 'variant_ids': [62416193585522], 'src': 'https://cdn.shopify.com/s/files/1/1004/9428/files/DT-Coffee-1kg_Carnavalito.png?v=1790613919', 'width': 2048, 'height': 2048}, {'id': 63091186368882, 'created_at': '2026-09-28T12:45:17-04:00', 'position': 3, 'updated_at': '2026-09-28T12:45:19-04:00', 'product_id': 15213165904242, 'variant_ids': [62416193618290], 'src': 'https://cdn.shopify.com/s/files/1/1004/9428/files/DT-Coffee-bulk_Carnavalito.png?v=1790613919', 'width': 2048, 'height': 2048}]","[{'name': 'Bag Size', 'position': 1, 'values': ['300g', '1Kg', '2.27Kg']}, {'name': 'Type', 'position': 2, 'values': ['Whole Bean', 'Medium Filter Grind']}]",https://detourcoffee.com/products/carnavalito-espresso-artist-collab-x-jean-michel-blais,,63091186401650.0,15213165904242.0,1.0,2026-09-28T12:45:17-04:00,2026-09-28T12:45:19-04:00,,2048.0,2048.0,https://cdn.shopify.com/s/files/1/1004/9428/files/YR_CoffeeBag_Carnavalito.png?v=1790613919,"[62416193519986, 62416193552754]"
13,62416193552754,300g / Medium Filter Grind,300g,Medium Filter Grind,,DCG1077,True,False,,True,25.00,0,0.00,2,15213165904242,2026-09-28T12:44:10-04:00,2026-10-09T07:37:15-04:00,15213165904242,Carnavalito Espresso | Artist Collab x Jean-Michel Blais,carnavalito-espresso-artist-collab-x-jean-michel-blais,2026-09-30T10:10:32-04:00,2026-09-28T12:44:10-04:00,2026-10-09T07:37:15-04:00,Detour Coffee Roasters,COFFEE,"['active', 'coffee', 'espresso', 'filter', 'Holiday', 'label-Limited', 'label-New', 'single origin']","[{'id': 63091186401650, 'created_at': '2026-09-28T12:45:17-04:00', 'position': 1, 'updated_at': '2026-09-28T12:45:19-04:00', 'product_id': 15213165904242, 'variant_ids': [62416193519986, 62416193552754], 'src': 'https://cdn.shopify.com/s/files/1/1004/9428/files/YR_CoffeeBag_Carnavalito.png?v=1790613919', 'width': 2048, 'height': 2048}, {'id': 63091186336114, 'created_at': '2026-09-28T12:45:17-04:00', 'position': 2, 'updated_at': '2026-09-28T12:45:19-04:00', 'product_id': 15213165904242, 'variant_ids': [62416193585522], 'src': 'https://cdn.shopify.com/s/files/1/1004/9428/files/DT-Coffee-1kg_Carnavalito.png?v=1790613919', 'width': 2048, 'height': 2048}, {'id': 63091186368882, 'created_at': '2026-09-28T12:45:17-04:00', 'position': 3, 'updated_at': '2026-09-28T12:45:19-04:00', 'product_id': 15213165904242, 'variant_ids': [62416193618290], 'src': 'https://cdn.shopify.com/s/files/1/1004/9428/files/DT-Coffee-bulk_Carnavalito.png?v=1790613919', 'width': 2048, 'height': 2048}]","[{'name': 'Bag Size', 'position': 1, 'values': ['300g', '1Kg', '2.27Kg']}, {'name': 'Type', 'position': 2, 'values': ['Whole Bean', 'Medium Filter Grind']}]",https://detourcoffee.com/products/carnavalito-espresso-artist-collab-x-jean-michel-blais,,63091186401650.0,15213165904242.0,1.0,2026-09-28T12:45:17-04:00,2026-09-28T12:45:19-04:00,,2048.0,2048.0,https://cdn.shopify.com/s/files/1/1004/9428/files/YR_CoffeeBag_Carnavalito.png?v=1790613919,"[62416193519986, 62416193552754]"
14,62416193585522,1Kg / Whole Bean,1Kg,Whole Bean,,DCB4023,True,False,,True,80.00,0,82.00,3,15213165904242,2026-09-28T12:44:10-04:00,2026-10-09T07:37:15-04:00,15213165904242,Carnavalito Espresso | Artist Collab x Jean-Michel Blais,carnavalito-espresso-artist-collab-x-jean-michel-blais,2026-09-30T10:10:32-04:00,2026-09-28T12:44:10-04:00,2026-10-09T07:37:15-04:00,Detour Coffee Roasters,COFFEE,"['active', 'coffee', 'espresso', 'filter', 'Holiday', 'label-Limited', 'label-New', 'single origin']","[{'id': 63091186401650, 'created_at': '2026-09-28T12:45:17-04:00', 'position': 1, 'updated_at': '2026-09-28T12:45:19-04:00', 'product_id': 15213165904242, 'variant_ids': [62416193519986, 62416193552754], 'src': 'https://cdn.shopify.com/s/files/1/1004/9428/files/YR_CoffeeBag_Carnavalito.png?v=1790613919', 'width': 2048, 'height': 2048}, {'id': 63091186336114, 'created_at': '2026-09-28T12:45:17-04:00', 'position': 2, 'updated_at': '2026-09-28T12:45:19-04:00', 'product_id': 15213165904242, 'variant_ids': [62416193585522], 'src': 'https://cdn.shopify.com/s/files/1/1004/9428/files/DT-Coffee-1kg_Carnavalito.png?v=1790613919', 'width': 2048, 'height': 2048}, {'id': 63091186368882, 'created_at': '2026-09-28T12:45:17-04:00', 'position': 3, 'updated_at': '2026-09-28T12:45:19-04:00', 'product_id': 15213165904242, 'variant_ids': [62416193618290], 'src': 'https://cdn.shopify.com/s/files/1/1004/9428/files/DT-Coffee-bulk_Carnavalito.png?v=1790613919', 'width': 2048, 'height': 2048}]","[{'name': 'Bag Size', 'position': 1, 'values': ['300g', '1Kg', '2.27Kg']}, {'name': 'Type', 'position': 2, 'values': ['Whole Bean', 'Medium Filter Grind']}]",https://detourcoffee.com/products/carnavalito-espresso-artist-collab-x-jean-michel-blais,,63091186336114.0,15213165904242.0,2.0,2026-09-28T12:45:17-04:00,2026-09-28T12:45:19-04:00,,2048.0,2048.0,https://cdn.shopify.com/s/files/1/1004/9428/files/DT-Coffee-1kg_Carnavalito.png?v=1790613919,[62416193585522]
15,62416193618290,2.27Kg / Whole Bean,2.27Kg,Whole Bean,,DCB6023,True,False,,True,164.00,0,187.00,4,15213165904242,2026-09-28T12:44:10-04:00,2026-10-09T07:37:15-04:00,15213165904242,Carnavalito Espresso | Artist Collab x Jean-Michel Blais,carnavalito-espresso-artist-collab-x-jean-michel-blais,2026-09-30T10:10:32-04:00,2026-09-28T12:44:10-04:00,2026-10-09T07:37:15-04:00,Detour Coffee Roasters,COFFEE,"['active', 'coffee', 'espresso', 'filter', 'Holiday', 'label-Limited', 'label-New', 'single origin']","[{'id': 63091186401650, 'created_at': '2026-09-28T12:45:17-04:00', 'position': 1, 'updated_at': '2026-09-28T12:45:19-04:00', 'product_id': 15213165904242, 'variant_ids': [62416193519986, 62416193552754], 'src': 'https://cdn.shopify.com/s/files/1/1004/9428/files/YR_CoffeeBag_Carnavalito.png?v=1790613919', 'width': 2048, 'height': 2048}, {'id': 63091186336114, 'created_at': '2026-09-28T12:45:17-04:00', 'position': 2, 'updated_at': '2026-09-28T12:45:19-04:00', 'product_id': 15213165904242, 'variant_ids': [62416193585522], 'src': 'https://cdn.shopify.com/s/files/1/1004/9428/files/DT-Coffee-1kg_Carnavalito.png?v=1790613919', 'width': 2048, 'height': 2048}, {'id': 63091186368882, 'created_at': '2026-09-28T12:45:17-04:00', 'position': 3, 'updated_at': '2026-09-28T12:45:19-04:00', 'product_id': 15213165904242, 'variant_ids': [62416193618290], 'src': 'https://cdn.shopify.com/s/files/1/1004/9428/files/DT-Coffee-bulk_Carnavalito.png?v=1790613919', 'width': 2048, 'height': 2048}]","[{'name': 'Bag Size', 'position': 1, 'values': ['300g', '1Kg', '2.27Kg']}, {'name': 'Type', 'position': 2, 'values': ['Whole Bean', 'Medium Filter Grind']}]",https://detourcoffee.com/products/carnavalito-espresso-artist-collab-x-jean-michel-blais,,63091186368882.0,15213165904242.0,3.0,2026-09-28T12:45:17-04:00,2026-09-28T12:45:19-04:00,,2048.0,2048.0,https://cdn.shopify.com/s/files/1/1004/9428/files/DT-Coffee-bulk_Carnavalito.png?v=1790613919,[62416193618290]
16,62392251810162,300g / Whole Bean,300g,Whole Bean,,DCS1078,True,False,,True,25.00,0,0.00,1,15206844858738,2026-09-22T13:02:24-04:00,2026-10-09T07:37:15-04:00,15206844858738,India Hulikere Estate Espresso,india-hilikere-estate-espresso,2026-09-25T09:05:59-04:00,2026-09-22T13:02:24-04:00,2026-10-09T07:37:15-04:00,Detour Coffee Roasters,COFFEE,"['active', 'coffee', 'espresso', 'filter', 'single origin', 'Single Origin DH']","[{'id': 63031673258354, 'created_at': '2026-09-22T13:04:41-04:00', 'position': 1, 'updated_at': '2026-09-22T13:04:42-04:00', 'product_id': 15206844858738, 'variant_ids': [62392251810162], 'src': 'https://cdn.shopify.com/s/files/1/1004/9428/files/SO_CoffeeBag_Hulikere.png?v=1790096682', 'width': 2048, 'height': 2048}, {'id': 63031673192818, 'created_at': '2026-09-22T13:04:41-04:00', 'position': 2, 'updated_at': '2026-09-22T13:04:42-04:00', 'product_id': 15206844858738, 'variant_ids': [62392251875698], 'src': 'https://cdn.shopify.com/s/files/1/1004/9428/files/DT-Coffee-1kg_Hulikere.png?v=1790096682', 'width': 2048, 'height': 2048}, {'id': 63031673225586, 'created_at': '2026-09-22T13:04:41-04:00', 'position': 3, 'updated_at': '2026-09-22T13:04:42-04:00', 'product_id': 15206844858738, 'variant_ids': [62392251908466], 'src': 'https://cdn.shopify.com/s/files/1/1004/9428/files/DT-Coffee-bulk_Hulikere.png?v=1790096682', 'width': 2048, 'height': 2048}]","[{'name': 'Bag Size', 'position': 1, 'values': ['300g', '1Kg', '2.27Kg']}, {'name': 'Type', 'position': 2, 'values': ['Whole Bean']}]",https://detourcoffee.com/products/india-hilikere-estate-espresso,,63031673258354.0,15206844858738.0,1.0,2026-09-22T13:04:41-04:00,2026-09-22T13:04:42-04:00,,2048.0,2048.0,https://cdn.shopify.com/s/files/1/1004/9428/files/SO_CoffeeBag_Hulikere.png?v=1790096682,[62392251810162]
17,62392251875698,1Kg / Whole Bean,1Kg,Whole Bean,,DCS4076,True,False,,True,80.00,0,82.00,2,15206844858738,2026-09-22T13:02:24-04:00,2026-10-09T07:37:15-04:00,15206844858738,India Hulikere Estate Espresso,india-hilikere-estate-espresso,2026-09-25T09:05:59-04:00,2026-09-22T13:02:24-04:00,2026-10-09T07:37:15-04:00,Detour Coffee Roasters,COFFEE,"['active', 'coffee', 'espresso', 'filter', 'single origin', 'Single Origin DH']","[{'id': 63031673258354, 'created_at': '2026-09-22T13:04:41-04:00', 'position': 1, 'updated_at': '2026-09-22T13:04:42-04:00', 'product_id': 15206844858738, 'variant_ids': [62392251810162], 'src': 'https://cdn.shopify.com/s/files/1/1004/9428/files/SO_CoffeeBag_Hulikere.png?v=1790096682', 'width': 2048, 'height': 2048}, {'id': 63031673192818, 'created_at': '2026-09-22T13:04:41-04:00', 'position': 2, 'updated_at': '2026-09-22T13:04:42-04:00', 'product_id': 15206844858738, 'variant_ids': [62392251875698], 'src': 'https://cdn.shopify.com/s/files/1/1004/9428/files/DT-Coffee-1kg_Hulikere.png?v=1790096682', 'width': 2048, 'height': 2048}, {'id': 63031673225586, 'created_at': '2026-09-22T13:04:41-04:00', 'position': 3, 'updated_at': '2026-09-22T13:04:42-04:00', 'product_id': 15206844858738, 'variant_ids': [62392251908466], 'src': 'https://cdn.shopify.com/s/files/1/1004/9428/files/DT-Coffee-bulk_Hulikere.png?v=1790096682', 'width': 2048, 'height': 2048}]","[{'name': 'Bag Size', 'position': 1, 'values': ['300g', '1Kg', '2.27Kg']}, {'name': 'Type', 'position': 2, 'values': ['Whole Bean']}]",https://detourcoffee.com/products/india-hilikere-estate-espresso,,63031673192818.0,15206844858738.0,2.0,2026-09-22T13:04:41-04:00,2026-09-22T13:04:42-04:00,,2048.0,2048.0,https://cdn.shopify.com/s/files/1/1004/9428/files/DT-Coffee-1kg_Hulikere.png?v=1790096682,[62392251875698]
18,62392251908466,2.27Kg / Whole Bean,2.27Kg,Whole Bean,,DCS6078,True,False,,True,165.00,0,189.00,3,15206844858738,2026-09-22T13:02:24-04:00,2026-10-09T07:37:15-04:00,15206844858738,India Hulikere Estate Espresso,india-hilikere-estate-espresso,2026-09-25T09:05:59-04:00,2026-09-22T13:02:24-04:00,2026-10-09T07:37:15-04:00,Detour Coffee Roasters,COFFEE,"['active', 'coffee', 'espresso', 'filter', 'single origin', 'Single Origin DH']","[{'id': 63031673258354, 'created_at': '2026-09-22T13:04:41-04:00', 'position': 1, 'updated_at': '2026-09-22T13:04:42-04:00', 'product_id': 15206844858738, 'variant_ids': [62392251810162], 'src': 'https://cdn.shopify.com/s/files/1/1004/9428/files/SO_CoffeeBag_Hulikere.png?v=1790096682', 'width': 2048, 'height': 2048}, {'id': 63031673192818, 'created_at': '2026-09-22T13:04:41-04:00', 'position': 2, 'updated_at': '2026-09-22T13:04:42-04:00', 'product_id': 15206844858738, 'variant_ids': [62392251875698], 'src': 'https://cdn.shopify.com/s/files/1/1004/9428/files/DT-Coffee-1kg_Hulikere.png?v=1790096682', 'width': 2048, 'height': 2048}, {'id': 63031673225586, 'created_at': '2026-09-22T13:04:41-04:00', 'position': 3, 'updated_at': '2026-09-22T13:04:42-04:00', 'product_id': 15206844858738, 'variant_ids': [62392251908466], 'src': 'https://cdn.shopify.com/s/files/1/1004/9428/files/DT-Coffee-bulk_Hulikere.png?v=1790096682', 'width': 2048, 'height': 2048}]","[{'name': 'Bag Size', 'position': 1, 'values': ['300g', '1Kg', '2.27Kg']}, {'name': 'Type', 'position': 2, 'values': ['Whole Bean']}]",https://detourcoffee.com/products/india-hilikere-estate-espresso,,63031673225586.0,15206844858738.0,3.0,2026-09-22T13:04:41-04:00,2026-09-22T13:04:42-04:00,,2048.0,2048.0,https://cdn.shopify.com/s/files/1/1004/9428/files/DT-Coffee-bulk_Hulikere.png?v=1790096682,[62392251908466]
19,62364392817010,300g / Whole Bean,300g,Whole Bean,,DCS1075,True,False,,True,28.00,315,0.00,1,15201772798322,2026-09-17T10:16:28-04:00,2026-10-09T07:37:15-04:00,15201772798322,Mexico Santa Cruz Ozolotepec Espresso,mexico-santa-cruz-ozolotepec-espresso,2026-09-17T10:40:32-04:00,2026-09-17T10:16:28-04:00,2026-10-09T07:37:15-04:00,Detour Coffee Roasters,COFFEE,"['active', 'coffee', 'Dark Horse', 'espresso', 'filter', 'single origin', 'Single Origin DH']","[{'id': 62977799618930, 'created_at': '2026-09-17T10:21:31-04:00', 'position': 1, 'updated_at': '2026-09-17T10:21:32-04:00', 'product_id': 15201772798322, 'variant_ids': [62364392817010], 'src': 'https://cdn.shopify.com/s/files/1/1004/9428/files/SO_CoffeeBag_SantaCruzOzolotepec.png?v=1789654892', 'width': 2048, 'height': 2048}, {'id': 62977799553394, 'created_at': '2026-09-17T10:21:31-04:00', 'position': 2, 'updated_at': '2026-09-17T10:21:32-04:00', 'product_id': 15201772798322, 'variant_ids': [62364392882546], 'src': 'https://cdn.shopify.com/s/files/1/1004/9428/files/DT-Coffee-1kg_SantaCruzOzolotepec.png?v=1789654892', 'width': 2048, 'height': 2048}, {'id': 62977799586162, 'created_at': '2026-09-17T10:21:31-04:00', 'position': 3, 'updated_at': '2026-09-17T10:21:32-04:00', 'product_id': 15201772798322, 'variant_ids': [62364392915314], 'src': 'https://cdn.shopify.com/s/files/1/1004/9428/files/DT-Coffee-bulk_SantaCruzOzolotepec.png?v=1789654892', 'width': 2048, 'height': 2048}]","[{'name': 'Bag Size', 'position': 1, 'values': ['300g', '1Kg', '2.27Kg']}, {'name': 'Type', 'position': 2, 'values': ['Whole Bean']}]",https://detourcoffee.com/products/mexico-santa-cruz-ozolotepec-espresso,,62977799618930.0,15201772798322.0,1.0,2026-09-17T10:21:31-04:00,2026-09-17T10:21:32-04:00,,2048.0,2048.0,https://cdn.shopify.com/s/files/1/1004/9428/files/SO_CoffeeBag_SantaCruzOzolotepec.png?v=1789654892,[62364392817010]
20,62364392882546,1Kg / Whole Bean,1Kg,Whole Bean,,DCS4073,True,False,,True,90.00,1015,92.00,2,15201772798322,2026-09-17T10:16:28-04:00,2026-10-09T07:37:15-04:00,15201772798322,Mexico Santa Cruz Ozolotepec Espresso,mexico-santa-cruz-ozolotepec-espresso,2026-09-17T10:40:32-04:00,2026-09-17T10:16:28-04:00,2026-10-09T07:37:15-04:00,Detour Coffee Roasters,COFFEE,"['active', 'coffee', 'Dark Horse', 'espresso', 'filter', 'single origin', 'Single Origin DH']","[{'id': 62977799618930, 'created_at': '2026-09-17T10:21:31-04:00', 'position': 1, 'updated_at': '2026-09-17T10:21:32-04:00', 'product_id': 15201772798322, 'variant_ids': [62364392817010], 'src': 'https://cdn.shopify.com/s/files/1/1004/9428/files/SO_CoffeeBag_SantaCruzOzolotepec.png?v=1789654892', 'width': 2048, 'height': 2048}, {'id': 62977799553394, 'created_at': '2026-09-17T10:21:31-04:00', 'position': 2, 'updated_at': '2026-09-17T10:21:32-04:00', 'product_id': 15201772798322, 'variant_ids': [62364392882546], 'src': 'https://cdn.shopify.com/s/files/1/1004/9428/files/DT-Coffee-1kg_SantaCruzOzolotepec.png?v=1789654892', 'width': 2048, 'height': 2048}, {'id': 62977799586162, 'created_at': '2026-09-17T10:21:31-04:00', 'position': 3, 'updated_at': '2026-09-17T10:21:32-04:00', 'product_id': 15201772798322, 'variant_ids': [62364392915314], 'src': 'https://cdn.shopify.com/s/files/1/1004/9428/files/DT-Coffee-bulk_SantaCruzOzolotepec.png?v=1789654892', 'width': 2048, 'height': 2048}]","[{'name': 'Bag Size', 'position': 1, 'values': ['300g', '1Kg', '2.27Kg']}, {'name': 'Type', 'position': 2, 'values': ['Whole Bean']}]",https://detourcoffee.com/products/mexico-santa-cruz-ozolotepec-espresso,,62977799553394.0,15201772798322.0,2.0,2026-09-17T10:21:31-04:00,2026-09-17T10:21:32-04:00,,2048.0,2048.0,https://cdn.shopify.com/s/files/1/1004/9428/files/DT-Coffee-1kg_SantaCruzOzolotepec.png?v=1789654892,[62364392882546]
21,62364392915314,2.27Kg / Whole Bean,2.27Kg,Whole Bean,,DCS6073,True,False,,True,184.00,2315,207.00,3,15201772798322,2026-09-17T10:16:28-04:00,2026-10-09T07:37:15-04:00,15201772798322,Mexico Santa Cruz Ozolotepec Espresso,mexico-santa-cruz-ozolotepec-espresso,2026-09-17T10:40:32-04:00,2026-09-17T10:16:28-04:00,2026-10-09T07:37:15-04:00,Detour Coffee Roasters,COFFEE,"['active', 'coffee', 'Dark Horse', 'espresso', 'filter', 'single origin', 'Single Origin DH']","[{'id': 62977799618930, 'created_at': '2026-09-17T10:21:31-04:00', 'position': 1, 'updated_at': '2026-09-17T10:21:32-04:00', 'product_id': 15201772798322, 'variant_ids': [62364392817010], 'src': 'https://cdn.shopify.com/s/files/1/1004/9428/files/SO_CoffeeBag_SantaCruzOzolotepec.png?v=1789654892', 'width': 2048, 'height': 2048}, {'id': 62977799553394, 'created_at': '2026-09-17T10:21:31-04:00', 'position': 2, 'updated_at': '2026-09-17T10:21:32-04:00', 'product_id': 15201772798322, 'variant_ids': [62364392882546], 'src': 'https://cdn.shopify.com/s/files/1/1004/9428/files/DT-Coffee-1kg_SantaCruzOzolotepec.png?v=1789654892', 'width': 2048, 'height': 2048}, {'id': 62977799586162, 'created_at': '2026-09-17T10:21:31-04:00', 'position': 3, 'updated_at': '2026-09-17T10:21:32-04:00', 'product_id': 15201772798322, 'variant_ids': [62364392915314], 'src': 'https://cdn.shopify.com/s/files/1/1004/9428/files/DT-Coffee-bulk_SantaCruzOzolotepec.png?v=1789654892', 'width': 2048, 'height': 2048}]","[{'name': 'Bag Size', 'position': 1, 'values': ['300g', '1Kg', '2.27Kg']}, {'name': 'Type', 'position': 2, 'values': ['Whole Bean']}]",https://detourcoffee.com/products/mexico-santa-cruz-ozolotepec-espresso,,62977799586162.0,15201772798322.0,3.0,2026-09-17T10:21:31-04:00,2026-09-17T10:21:32-04:00,,2048.0,2048.0,https://cdn.shopify.com/s/files/1/1004/9428/files/DT-Coffee-bulk_SantaCruzOzolotepec.png?v=1789654892,[62364392915314]
22,42643672760474,Default Title,Default Title,,,DCP104,True,False,,True,70.00,0,76.00,1,7531274600602,2022-10-12T09:45:45-04:00,2026-10-09T07:37:15-04:00,7531274600602,Fall Faves Tasting Pack,fall-favourites-tasting-pack,2026-09-10T12:22:20-04:00,2022-10-12T09:45:45-04:00,2026-10-09T07:37:15-04:00,Detour Coffee Roasters,COFFEE,"['active', 'blend', 'coffee', 'colombia', 'espresso', 'filter', 'label-Bestseller', 'label-Limited', 'single origin', 'Single Origin DH']","[{'id': 62874558497138, 'created_at': '2026-09-10T12:21:32-04:00', 'position': 1, 'updated_at': '2026-09-10T12:21:34-04:00', 'product_id': 7531274600602, 'variant_ids': [], 'src': 'https://cdn.shopify.com/s/files/1/1004/9428/files/Coffee_Pack_FallFaves_2026.png?v=1789057294', 'width': 1080, 'height': 1080}, {'id': 62874558529906, 'created_at': '2026-09-10T12:21:32-04:00', 'position': 2, 'updated_at': '2026-09-10T12:21:34-04:00', 'product_id': 7531274600602, 'variant_ids': [], 'src': 'https://cdn.shopify.com/s/files/1/1004/9428/files/dt-fall-favourites-tasting-pack-Mobile-1x1.jpg?v=1789057294', 'width': 2048, 'height': 2048}]","[{'name': 'Title', 'position': 1, 'values': ['Default Title']}]",https://detourcoffee.com/products/fall-favourites-tasting-pack,,,,,,,,,,,
23,62307996467570,300g / Whole Bean,300g,Whole Bean,,DCB1016,True,False,,True,26.00,0,0.00,1,15187769983346,2026-09-09T14:00:24-04:00,2026-10-09T07:37:15-04:00,15187769983346,Sugar Rush | Halloween Blend,sugar-rush-halloween-blend,2026-09-10T12:16:10-04:00,2026-09-09T14:00:23-04:00,2026-10-09T07:37:15-04:00,Detour Coffee Roasters,COFFEE,"['active', 'blend', 'coffee', 'espresso', 'filter', 'label-Limited', 'single origin', 'Single Origin DH']","[{'id': 62866795430258, 'created_at': '2026-09-09T14:02:10-04:00', 'position': 1, 'updated_at': '2026-09-09T14:02:12-04:00', 'product_id': 15187769983346, 'variant_ids': [62307996467570, 62307996500338], 'src': 'https://cdn.shopify.com/s/files/1/1004/9428/files/YR_CoffeeBag_SugarRush2026.png?v=1788976932', 'width': 2048, 'height': 2048}, {'id': 62866795364722, 'created_at': '2026-09-09T14:02:10-04:00', 'position': 2, 'updated_at': '2026-09-09T14:02:12-04:00', 'product_id': 15187769983346, 'variant_ids': [62307996533106], 'src': 'https://cdn.shopify.com/s/files/1/1004/9428/files/DT-Coffee-1kg_SugarRush2026.png?v=1788976932', 'width': 2048, 'height': 2048}, {'id': 62866795397490, 'created_at': '2026-09-09T14:02:10-04:00', 'position': 3, 'updated_at': '2026-09-09T14:02:12-04:00', 'product_id': 15187769983346, 'variant_ids': [62307996565874], 'src': 'https://cdn.shopify.com/s/files/1/1004/9428/files/DT-Coffee-bulk_SugarRush2026.png?v=1788976932', 'width': 2048, 'height': 2048}, {'id': 62886196183410, 'created_at': '2026-09-11T15:40:03-04:00', 'position': 4, 'updated_at': '2026-09-11T15:40:04-04:00', 'product_id': 15187769983346, 'variant_ids': [], 'src': 'https://cdn.shopify.com/s/files/1/1004/9428/files/dt-sugar-rush-Mobile-1x1.jpg?v=1789155604', 'width': 2048, 'height': 2048}]","[{'name': 'Bag Size', 'position': 1, 'values': ['300g', '1Kg', '2.27Kg']}, {'name': 'Type', 'position': 2, 'values': ['Whole Bean', 'Medium Filter Grind']}]",https://detourcoffee.com/products/sugar-rush-halloween-blend,,62866795430258.0,15187769983346.0,1.0,2026-09-09T14:02:10-04:00,2026-09-09T14:02:12-04:00,,2048.0,2048.0,https://cdn.shopify.com/s/files/1/1004/9428/files/YR_CoffeeBag_SugarRush2026.png?v=1788976932,"[62307996467570, 62307996500338]"
24,62307996500338,300g / Medium Filter Grind,300g,Medium Filter Grind,,DCG1009,True,False,,True,26.00,0,0.00,2,15187769983346,2026-09-09T14:00:24-04:00,2026-10-09T07:37:15-04:00,15187769983346,Sugar Rush | Halloween Blend,sugar-rush-halloween-blend,2026-09-10T12:16:10-04:00,2026-09-09T14:00:23-04:00,2026-10-09T07:37:15-04:00,Detour Coffee Roasters,COFFEE,"['active', 'blend', 'coffee', 'espresso', 'filter', 'label-Limited', 'single origin', 'Single Origin DH']","[{'id': 62866795430258, 'created_at': '2026-09-09T14:02:10-04:00', 'position': 1, 'updated_at': '2026-09-09T14:02:12-04:00', 'product_id': 15187769983346, 'variant_ids': [62307996467570, 62307996500338], 'src': 'https://cdn.shopify.com/s/files/1/1004/9428/files/YR_CoffeeBag_SugarRush2026.png?v=1788976932', 'width': 2048, 'height': 2048}, {'id': 62866795364722, 'created_at': '2026-09-09T14:02:10-04:00', 'position': 2, 'updated_at': '2026-09-09T14:02:12-04:00', 'product_id': 15187769983346, 'variant_ids': [62307996533106], 'src': 'https://cdn.shopify.com/s/files/1/1004/9428/files/DT-Coffee-1kg_SugarRush2026.png?v=1788976932', 'width': 2048, 'height': 2048}, {'id': 62866795397490, 'created_at': '2026-09-09T14:02:10-04:00', 'position': 3, 'updated_at': '2026-09-09T14:02:12-04:00', 'product_id': 15187769983346, 'variant_ids': [62307996565874], 'src': 'https://cdn.shopify.com/s/files/1/1004/9428/files/DT-Coffee-bulk_SugarRush2026.png?v=1788976932', 'width': 2048, 'height': 2048}, {'id': 62886196183410, 'created_at': '2026-09-11T15:40:03-04:00', 'position': 4, 'updated_at': '2026-09-11T15:40:04-04:00', 'product_id': 15187769983346, 'variant_ids': [], 'src': 'https://cdn.shopify.com/s/files/1/1004/9428/files/dt-sugar-rush-Mobile-1x1.jpg?v=1789155604', 'width': 2048, 'height': 2048}]","[{'name': 'Bag Size', 'position': 1, 'values': ['300g', '1Kg', '2.27Kg']}, {'name': 'Type', 'position': 2, 'values': ['Whole Bean', 'Medium Filter Grind']}]",https://detourcoffee.com/products/sugar-rush-halloween-blend,,62866795430258.0,15187769983346.0,1.0,2026-09-09T14:02:10-04:00,2026-09-09T14:02:12-04:00,,2048.0,2048.0,https://cdn.shopify.com/s/files/1/1004/9428/files/YR_CoffeeBag_SugarRush2026.png?v=1788976932,"[62307996467570, 62307996500338]"
25,62307996533106,1Kg / Whole Bean,1Kg,Whole Bean,,DCB4016,True,False,,True,82.00,0,84.00,3,15187769983346,2026-09-09T14:00:24-04:00,2026-10-09T07:37:15-04:00,15187769983346,Sugar Rush | Halloween Blend,sugar-rush-halloween-blend,2026-09-10T12:16:10-04:00,2026-09-09T14:00:23-04:00,2026-10-09T07:37:15-04:00,Detour Coffee Roasters,COFFEE,"['active', 'blend', 'coffee', 'espresso', 'filter', 'label-Limited', 'single origin', 'Single Origin DH']","[{'id': 62866795430258, 'created_at': '2026-09-09T14:02:10-04:00', 'position': 1, 'updated_at': '2026-09-09T14:02:12-04:00', 'product_id': 15187769983346, 'variant_ids': [62307996467570, 62307996500338], 'src': 'https://cdn.shopify.com/s/files/1/1004/9428/files/YR_CoffeeBag_SugarRush2026.png?v=1788976932', 'width': 2048, 'height': 2048}, {'id': 62866795364722, 'created_at': '2026-09-09T14:02:10-04:00', 'position': 2, 'updated_at': '2026-09-09T14:02:12-04:00', 'product_id': 15187769983346, 'variant_ids': [62307996533106], 'src': 'https://cdn.shopify.com/s/files/1/1004/9428/files/DT-Coffee-1kg_SugarRush2026.png?v=1788976932', 'width': 2048, 'height': 2048}, {'id': 62866795397490, 'created_at': '2026-09-09T14:02:10-04:00', 'position': 3, 'updated_at': '2026-09-09T14:02:12-04:00', 'product_id': 15187769983346, 'variant_ids': [62307996565874], 'src': 'https://cdn.shopify.com/s/files/1/1004/9428/files/DT-Coffee-bulk_SugarRush2026.png?v=1788976932', 'width': 2048, 'height': 2048}, {'id': 62886196183410, 'created_at': '2026-09-11T15:40:03-04:00', 'position': 4, 'updated_at': '2026-09-11T15:40:04-04:00', 'product_id': 15187769983346, 'variant_ids': [], 'src': 'https://cdn.shopify.com/s/files/1/1004/9428/files/dt-sugar-rush-Mobile-1x1.jpg?v=1789155604', 'width': 2048, 'height': 2048}]","[{'name': 'Bag Size', 'position': 1, 'values': ['300g', '1Kg', '2.27Kg']}, {'name': 'Type', 'position': 2, 'values': ['Whole Bean', 'Medium Filter Grind']}]",https://detourcoffee.com/products/sugar-rush-halloween-blend,,62866795364722.0,15187769983346.0,2.0,2026-09-09T14:02:10-04:00,2026-09-09T14:02:12-04:00,,2048.0,2048.0,https://cdn.shopify.com/s/files/1/1004/9428/files/DT-Coffee-1kg_SugarRush2026.png?v=1788976932,[62307996533106]
26,62307996565874,2.27Kg / Whole Bean,2.27Kg,Whole Bean,,DCB6016,True,False,,True,187.00,0,200.00,4,15187769983346,2026-09-09T14:00:24-04:00,2026-10-09T07:37:15-04:00,15187769983346,Sugar Rush | Halloween Blend,sugar-rush-halloween-blend,2026-09-10T12:16:10-04:00,2026-09-09T14:00:23-04:00,2026-10-09T07:37:15-04:00,Detour Coffee Roasters,COFFEE,"['active', 'blend', 'coffee', 'espresso', 'filter', 'label-Limited', 'single origin', 'Single Origin DH']","[{'id': 62866795430258, 'created_at': '2026-09-09T14:02:10-04:00', 'position': 1, 'updated_at': '2026-09-09T14:02:12-04:00', 'product_id': 15187769983346, 'variant_ids': [62307996467570, 62307996500338], 'src': 'https://cdn.shopify.com/s/files/1/1004/9428/files/YR_CoffeeBag_SugarRush2026.png?v=1788976932', 'width': 2048, 'height': 2048}, {'id': 62866795364722, 'created_at': '2026-09-09T14:02:10-04:00', 'position': 2, 'updated_at': '2026-09-09T14:02:12-04:00', 'product_id': 15187769983346, 'variant_ids': [62307996533106], 'src': 'https://cdn.shopify.com/s/files/1/1004/9428/files/DT-Coffee-1kg_SugarRush2026.png?v=1788976932', 'width': 2048, 'height': 2048}, {'id': 62866795397490, 'created_at': '2026-09-09T14:02:10-04:00', 'position': 3, 'updated_at': '2026-09-09T14:02:12-04:00', 'product_id': 15187769983346, 'variant_ids': [62307996565874], 'src': 'https://cdn.shopify.com/s/files/1/1004/9428/files/DT-Coffee-bulk_SugarRush2026.png?v=1788976932', 'width': 2048, 'height': 2048}, {'id': 62886196183410, 'created_at': '2026-09-11T15:40:03-04:00', 'position': 4, 'updated_at': '2026-09-11T15:40:04-04:00', 'product_id': 15187769983346, 'variant_ids': [], 'src': 'https://cdn.shopify.com/s/files/1/1004/9428/files/dt-sugar-rush-Mobile-1x1.jpg?v=1789155604', 'width': 2048, 'height': 2048}]","[{'name': 'Bag Size', 'position': 1, 'values': ['300g', '1Kg', '2.27Kg']}, {'name': 'Type', 'position': 2, 'values': ['Whole Bean', 'Medium Filter Grind']}]",https://detourcoffee.com/products/sugar-rush-halloween-blend,,62866795397490.0,15187769983346.0,3.0,2026-09-09T14:02:10-04:00,2026-09-09T14:02:12-04:00,,2048.0,2048.0,https://cdn.shopify.com/s/files/1/1004/9428/files/DT-Coffee-bulk_SugarRush2026.png?v=1788976932,[62307996565874]
27,62283995021682,300g / Whole Bean,300g,Whole Bean,,DCS1073,True,False,,True,28.00,315,0.00,1,15182507606386,2026-09-03T11:01:22-04:00,2026-10-09T07:37:15-04:00,15182507606386,Kenya Karatu,kenya-karatu,2026-09-03T11:20:23-04:00,2026-09-03T11:01:22-04:00,2026-10-09T07:37:15-04:00,Detour Coffee Roasters,COFFEE,"['active', 'coffee', 'filter', 'label-New', 'single origin', 'Single Origin DH']","[{'id': 62815794659698, 'created_at': '2026-09-03T11:04:27-04:00', 'position': 1, 'updated_at': '2026-09-03T11:04:28-04:00', 'product_id': 15182507606386, 'variant_ids': [62283995021682, 62283995054450], 'src': 'https://cdn.shopify.com/s/files/1/1004/9428/files/SO_CoffeeBag_Karatu.png?v=1788447868', 'width': 2048, 'height': 2048}, {'id': 62815794692466, 'created_at': '2026-09-03T11:04:27-04:00', 'position': 2, 'updated_at': '2026-09-03T11:04:29-04:00', 'product_id': 15182507606386, 'variant_ids': [62283995087218], 'src': 'https://cdn.shopify.com/s/files/1/1004/9428/files/DT-Coffee-1kg_Karatu.png?v=1788447869', 'width': 2048, 'height': 2048}, {'id': 62815795052914, 'created_at': '2026-09-03T11:04:30-04:00', 'position': 3, 'updated_at': '2026-09-03T11:04:32-04:00', 'product_id': 15182507606386, 'variant_ids': [62283995119986], 'src': 'https://cdn.shopify.com/s/files/1/1004/9428/files/DT-Coffee-bulk_Karatu.png?v=1788447872', 'width': 2048, 'height': 2048}]","[{'name': 'Bag Size', 'position': 1, 'values': ['300g', '1Kg', '2.27Kg']}, {'name': 'Type', 'position': 2, 'values': ['Whole Bean', 'Medium Filter Grind']}]",https://detourcoffee.com/products/kenya-karatu,,62815794659698.0,15182507606386.0,1.0,2026-09-03T11:04:27-04:00,2026-09-03T11:04:28-04:00,,2048.0,2048.0,https://cdn.shopify.com/s/files/1/1004/9428/files/SO_CoffeeBag_Karatu.png?v=1788447868,"[62283995021682, 62283995054450]"
28,62283995054450,300g / Medium Filter Grind,300g,Medium Filter Grind,,DCG1074,True,False,,False,28.00,315,0.00,2,15182507606386,2026-09-03T11:01:22-04:00,2026-10-09T07:37:15-04:00,15182507606386,Kenya Karatu,kenya-karatu,2026-09-03T11:20:23-04:00,2026-09-03T11:01:22-04:00,2026-10-09T07:37:15-04:00,Detour Coffee Roasters,COFFEE,"['active', 'coffee', 'filter', 'label-New', 'single origin', 'Single Origin DH']","[{'id': 62815794659698, 'created_at': '2026-09-03T11:04:27-04:00', 'position': 1, 'updated_at': '2026-09-03T11:04:28-04:00', 'product_id': 15182507606386, 'variant_ids': [62283995021682, 62283995054450], 'src': 'https://cdn.shopify.com/s/files/1/1004/9428/files/SO_CoffeeBag_Karatu.png?v=1788447868', 'width': 2048, 'height': 2048}, {'id': 62815794692466, 'created_at': '2026-09-03T11:04:27-04:00', 'position': 2, 'updated_at': '2026-09-03T11:04:29-04:00', 'product_id': 15182507606386, 'variant_ids': [62283995087218], 'src': 'https://cdn.shopify.com/s/files/1/1004/9428/files/DT-Coffee-1kg_Karatu.png?v=1788447869', 'width': 2048, 'height': 2048}, {'id': 62815795052914, 'created_at': '2026-09-03T11:04:30-04:00', 'position': 3, 'updated_at': '2026-09-03T11:04:32-04:00', 'product_id': 15182507606386, 'variant_ids': [62283995119986], 'src': 'https://cdn.shopify.com/s/files/1/1004/9428/files/DT-Coffee-bulk_Karatu.png?v=1788447872', 'width': 2048, 'height': 2048}]","[{'name': 'Bag Size', 'position': 1, 'values': ['300g', '1Kg', '2.27Kg']}, {'name': 'Type', 'position': 2, 'values': ['Whole Bean', 'Medium Filter Grind']}]",https://detourcoffee.com/products/kenya-karatu,,62815794659698.0,15182507606386.0,1.0,2026-09-03T11:04:27-04:00,2026-09-03T11:04:28-04:00,,2048.0,2048.0,https://cdn.shopify.com/s/files/1/1004/9428/files/SO_CoffeeBag_Karatu.png?v=1788447868,"[62283995021682, 62283995054450]"
29,62283995087218,1Kg / Whole Bean,1Kg,Whole Bean,,DCS4071,True,False,,False,90.00,1015,92.00,3,15182507606386,2026-09-03T11:01:22-04:00,2026-10-09T07:37:15-04:00,15182507606386,Kenya Karatu,kenya-karatu,2026-09-03T11:20:23-04:00,2026-09-03T11:01:22-04:00,2026-10-09T07:37:15-04:00,Detour Coffee Roasters,COFFEE,"['active', 'coffee', 'filter', 'label-New', 'single origin', 'Single Origin DH']","[{'id': 62815794659698, 'created_at': '2026-09-03T11:04:27-04:00', 'position': 1, 'updated_at': '2026-09-03T11:04:28-04:00', 'product_id': 15182507606386, 'variant_ids': [62283995021682, 62283995054450], 'src': 'https://cdn.shopify.com/s/files/1/1004/9428/files/SO_CoffeeBag_Karatu.png?v=1788447868', 'width': 2048, 'height': 2048}, {'id': 62815794692466, 'created_at': '2026-09-03T11:04:27-04:00', 'position': 2, 'updated_at': '2026-09-03T11:04:29-04:00', 'product_id': 15182507606386, 'variant_ids': [62283995087218], 'src': 'https://cdn.shopify.com/s/files/1/1004/9428/files/DT-Coffee-1kg_Karatu.png?v=1788447869', 'width': 2048, 'height': 2048}, {'id': 62815795052914, 'created_at': '2026-09-03T11:04:30-04:00', 'position': 3, 'updated_at': '2026-09-03T11:04:32-04:00', 'product_id': 15182507606386, 'variant_ids': [62283995119986], 'src': 'https://cdn.shopify.com/s/files/1/1004/9428/files/DT-Coffee-bulk_Karatu.png?v=1788447872', 'width': 2048, 'height': 2048}]","[{'name': 'Bag Size', 'position': 1, 'values': ['300g', '1Kg', '2.27Kg']}, {'name': 'Type', 'position': 2, 'values': ['Whole Bean', 'Medium Filter Grind']}]",https://detourcoffee.com/products/kenya-karatu,,62815794692466.0,15182507606386.0,2.0,2026-09-03T11:04:27-04:00,2026-09-03T11:04:29-04:00,,2048.0,2048.0,https://cdn.shopify.com/s/files/1/1004/9428/files/DT-Coffee-1kg_Karatu.png?v=1788447869,[62283995087218]
30,62283995119986,2.27Kg / Whole Bean,2.27Kg,Whole Bean,,DCS6071,True,False,,False,184.00,2315,207.00,4,15182507606386,2026-09-03T11:01:22-04:00,2026-10-09T07:37:15-04:00,15182507606386,Kenya Karatu,kenya-karatu,2026-09-03T11:20:23-04:00,2026-09-03T11:01:22-04:00,2026-10-09T07:37:15-04:00,Detour Coffee Roasters,COFFEE,"['active', 'coffee', 'filter', 'label-New', 'single origin', 'Single Origin DH']","[{'id': 62815794659698, 'created_at': '2026-09-03T11:04:27-04:00', 'position': 1, 'updated_at': '2026-09-03T11:04:28-04:00', 'product_id': 15182507606386, 'variant_ids': [62283995021682, 62283995054450], 'src': 'https://cdn.shopify.com/s/files/1/1004/9428/files/SO_CoffeeBag_Karatu.png?v=1788447868', 'width': 2048, 'height': 2048}, {'id': 62815794692466, 'created_at': '2026-09-03T11:04:27-04:00', 'position': 2, 'updated_at': '2026-09-03T11:04:29-04:00', 'product_id': 15182507606386, 'variant_ids': [62283995087218], 'src': 'https://cdn.shopify.com/s/files/1/1004/9428/files/DT-Coffee-1kg_Karatu.png?v=1788447869', 'width': 2048, 'height': 2048}, {'id': 62815795052914, 'created_at': '2026-09-03T11:04:30-04:00', 'position': 3, 'updated_at': '2026-09-03T11:04:32-04:00', 'product_id': 15182507606386, 'variant_ids': [62283995119986], 'src': 'https://cdn.shopify.com/s/files/1/1004/9428/files/DT-Coffee-bulk_Karatu.png?v=1788447872', 'width': 2048, 'height': 2048}]","[{'name': 'Bag Size', 'position': 1, 'values': ['300g', '1Kg', '2.27Kg']}, {'name': 'Type', 'position': 2, 'values': ['Whole Bean', 'Medium Filter Grind']}]",https://detourcoffee.com/products/kenya-karatu,,62815795052914.0,15182507606386.0,3.0,2026-09-03T11:04:30-04:00,2026-09-03T11:04:32-04:00,,2048.0,2048.0,https://cdn.shopify.com/s/files/1/1004/9428/files/DT-Coffee-bulk_Karatu.png?v=1788447872,[62283995119986]
31,62283617927538,300g / Whole Bean,300g,Whole Bean,,DCB1017,True,False,,True,25.00,0,0.00,1,15182446133618,2026-09-03T10:27:40-04:00,2026-10-09T07:37:15-04:00,15182446133618,Sweater Weather | Fall Blend,sweater-weather-fall-blend-1,2026-09-03T11:20:04-04:00,2026-09-03T10:27:39-04:00,2026-10-09T07:37:15-04:00,Detour Coffee Roasters,COFFEE,"['active', 'blend', 'coffee', 'espresso', 'filter', 'label-Bestseller', 'label-Limited', 'single origin', 'Single Origin DH']","[{'id': 62815565939058, 'created_at': '2026-09-03T10:42:39-04:00', 'position': 1, 'updated_at': '2026-09-03T10:42:41-04:00', 'product_id': 15182446133618, 'variant_ids': [62283617927538, 62283617960306], 'src': 'https://cdn.shopify.com/s/files/1/1004/9428/files/YR_CoffeeBag_sw2026.png?v=1788446561', 'width': 2048, 'height': 2048}, {'id': 62815565873522, 'created_at': '2026-09-03T10:42:39-04:00', 'position': 2, 'updated_at': '2026-09-03T10:42:41-04:00', 'product_id': 15182446133618, 'variant_ids': [62283617993074], 'src': 'https://cdn.shopify.com/s/files/1/1004/9428/files/DT-Coffee-1kg_sw2026.png?v=1788446561', 'width': 2048, 'height': 2048}, {'id': 62815565906290, 'created_at': '2026-09-03T10:42:39-04:00', 'position': 3, 'updated_at': '2026-09-03T10:42:42-04:00', 'product_id': 15182446133618, 'variant_ids': [62283618025842], 'src': 'https://cdn.shopify.com/s/files/1/1004/9428/files/DT-Coffee-bulk_sw2026.png?v=1788446562', 'width': 2048, 'height': 2048}, {'id': 62866807554418, 'created_at': '2026-09-09T14:10:59-04:00', 'position': 4, 'updated_at': '2026-09-09T14:11:01-04:00', 'product_id': 15182446133618, 'variant_ids': [], 'src': 'https://cdn.shopify.com/s/files/1/1004/9428/files/Screenshot_2026-09-09_at_2.10.54_PM.png?v=1788977461', 'width': 1268, 'height': 1258}]","[{'name': 'Bag Size', 'position': 1, 'values': ['300g', '1Kg', '2.27Kg']}, {'name': 'Type', 'position': 2, 'values': ['Whole Bean', 'Medium Filter Grind']}]",https://detourcoffee.com/products/sweater-weather-fall-blend-1,,62815565939058.0,15182446133618.0,1.0,2026-09-03T10:42:39-04:00,2026-09-03T10:42:41-04:00,,2048.0,2048.0,https://cdn.shopify.com/s/files/1/1004/9428/files/YR_CoffeeBag_sw2026.png?v=1788446561,"[62283617927538, 62283617960306]"
32,62283617960306,300g / Medium Filter Grind,300g,Medium Filter Grind,,DCG1010,True,False,,True,25.00,0,0.00,2,15182446133618,2026-09-03T10:27:40-04:00,2026-10-09T07:37:15-04:00,15182446133618,Sweater Weather | Fall Blend,sweater-weather-fall-blend-1,2026-09-03T11:20:04-04:00,2026-09-03T10:27:39-04:00,2026-10-09T07:37:15-04:00,Detour Coffee Roasters,COFFEE,"['active', 'blend', 'coffee', 'espresso', 'filter', 'label-Bestseller', 'label-Limited', 'single origin', 'Single Origin DH']","[{'id': 62815565939058, 'created_at': '2026-09-03T10:42:39-04:00', 'position': 1, 'updated_at': '2026-09-03T10:42:41-04:00', 'product_id': 15182446133618, 'variant_ids': [62283617927538, 62283617960306], 'src': 'https://cdn.shopify.com/s/files/1/1004/9428/files/YR_CoffeeBag_sw2026.png?v=1788446561', 'width': 2048, 'height': 2048}, {'id': 62815565873522, 'created_at': '2026-09-03T10:42:39-04:00', 'position': 2, 'updated_at': '2026-09-03T10:42:41-04:00', 'product_id': 15182446133618, 'variant_ids': [62283617993074], 'src': 'https://cdn.shopify.com/s/files/1/1004/9428/files/DT-Coffee-1kg_sw2026.png?v=1788446561', 'width': 2048, 'height': 2048}, {'id': 62815565906290, 'created_at': '2026-09-03T10:42:39-04:00', 'position': 3, 'updated_at': '2026-09-03T10:42:42-04:00', 'product_id': 15182446133618, 'variant_ids': [62283618025842], 'src': 'https://cdn.shopify.com/s/files/1/1004/9428/files/DT-Coffee-bulk_sw2026.png?v=1788446562', 'width': 2048, 'height': 2048}, {'id': 62866807554418, 'created_at': '2026-09-09T14:10:59-04:00', 'position': 4, 'updated_at': '2026-09-09T14:11:01-04:00', 'product_id': 15182446133618, 'variant_ids': [], 'src': 'https://cdn.shopify.com/s/files/1/1004/9428/files/Screenshot_2026-09-09_at_2.10.54_PM.png?v=1788977461', 'width': 1268, 'height': 1258}]","[{'name': 'Bag Size', 'position': 1, 'values': ['300g', '1Kg', '2.27Kg']}, {'name': 'Type', 'position': 2, 'values': ['Whole Bean', 'Medium Filter Grind']}]",https://detourcoffee.com/products/sweater-weather-fall-blend-1,,62815565939058.0,15182446133618.0,1.0,2026-09-03T10:42:39-04:00,2026-09-03T10:42:41-04:00,,2048.0,2048.0,https://cdn.shopify.com/s/files/1/1004/9428/files/YR_CoffeeBag_sw2026.png?v=1788446561,"[62283617927538, 62283617960306]"
33,62283617993074,1Kg / Whole Bean,1Kg,Whole Bean,,DCB4017,True,False,,True,82.00,0,82.00,3,15182446133618,2026-09-03T10:27:40-04:00,2026-10-09T07:37:15-04:00,15182446133618,Sweater Weather | Fall Blend,sweater-weather-fall-blend-1,2026-09-03T11:20:04-04:00,2026-09-03T10:27:39-04:00,2026-10-09T07:37:15-04:00,Detour Coffee Roasters,COFFEE,"['active', 'blend', 'coffee', 'espresso', 'filter', 'label-Bestseller', 'label-Limited', 'single origin', 'Single Origin DH']","[{'id': 62815565939058, 'created_at': '2026-09-03T10:42:39-04:00', 'position': 1, 'updated_at': '2026-09-03T10:42:41-04:00', 'product_id': 15182446133618, 'variant_ids': [62283617927538, 62283617960306], 'src': 'https://cdn.shopify.com/s/files/1/1004/9428/files/YR_CoffeeBag_sw2026.png?v=1788446561', 'width': 2048, 'height': 2048}, {'id': 62815565873522, 'created_at': '2026-09-03T10:42:39-04:00', 'position': 2, 'updated_at': '2026-09-03T10:42:41-04:00', 'product_id': 15182446133618, 'variant_ids': [62283617993074], 'src': 'https://cdn.shopify.com/s/files/1/1004/9428/files/DT-Coffee-1kg_sw2026.png?v=1788446561', 'width': 2048, 'height': 2048}, {'id': 62815565906290, 'created_at': '2026-09-03T10:42:39-04:00', 'position': 3, 'updated_at': '2026-09-03T10:42:42-04:00', 'product_id': 15182446133618, 'variant_ids': [62283618025842], 'src': 'https://cdn.shopify.com/s/files/1/1004/9428/files/DT-Coffee-bulk_sw2026.png?v=1788446562', 'width': 2048, 'height': 2048}, {'id': 62866807554418, 'created_at': '2026-09-09T14:10:59-04:00', 'position': 4, 'updated_at': '2026-09-09T14:11:01-04:00', 'product_id': 15182446133618, 'variant_ids': [], 'src': 'https://cdn.shopify.com/s/files/1/1004/9428/files/Screenshot_2026-09-09_at_2.10.54_PM.png?v=1788977461', 'width': 1268, 'height': 1258}]","[{'name': 'Bag Size', 'position': 1, 'values': ['300g', '1Kg', '2.27Kg']}, {'name': 'Type', 'position': 2, 'values': ['Whole Bean', 'Medium Filter Grind']}]",https://detourcoffee.com/products/sweater-weather-fall-blend-1,,62815565873522.0,15182446133618.0,2.0,2026-09-03T10:42:39-04:00,2026-09-03T10:42:41-04:00,,2048.0,2048.0,https://cdn.shopify.com/s/files/1/1004/9428/files/DT-Coffee-1kg_sw2026.png?v=1788446561,[62283617993074]
34,62283618025842,2.27Kg / Whole Bean,2.27Kg,Whole Bean,,DCB6017,True,False,,True,164.00,0,187.00,4,15182446133618,2026-09-03T10:27:40-04:00,2026-10-09T07:37:15-04:00,15182446133618,Sweater Weather | Fall Blend,sweater-weather-fall-blend-1,2026-09-03T11:20:04-04:00,2026-09-03T10:27:39-04:00,2026-10-09T07:37:15-04:00,Detour Coffee Roasters,COFFEE,"['active', 'blend', 'coffee', 'espresso', 'filter', 'label-Bestseller', 'label-Limited', 'single origin', 'Single Origin DH']","[{'id': 62815565939058, 'created_at': '2026-09-03T10:42:39-04:00', 'position': 1, 'updated_at': '2026-09-03T10:42:41-04:00', 'product_id': 15182446133618, 'variant_ids': [62283617927538, 62283617960306], 'src': 'https://cdn.shopify.com/s/files/1/1004/9428/files/YR_CoffeeBag_sw2026.png?v=1788446561', 'width': 2048, 'height': 2048}, {'id': 62815565873522, 'created_at': '2026-09-03T10:42:39-04:00', 'position': 2, 'updated_at': '2026-09-03T10:42:41-04:00', 'product_id': 15182446133618, 'variant_ids': [62283617993074], 'src': 'https://cdn.shopify.com/s/files/1/1004/9428/files/DT-Coffee-1kg_sw2026.png?v=1788446561', 'width': 2048, 'height': 2048}, {'id': 62815565906290, 'created_at': '2026-09-03T10:42:39-04:00', 'position': 3, 'updated_at': '2026-09-03T10:42:42-04:00', 'product_id': 15182446133618, 'variant_ids': [62283618025842], 'src': 'https://cdn.shopify.com/s/files/1/1004/9428/files/DT-Coffee-bulk_sw2026.png?v=1788446562', 'width': 2048, 'height': 2048}, {'id': 62866807554418, 'created_at': '2026-09-09T14:10:59-04:00', 'position': 4, 'updated_at': '2026-09-09T14:11:01-04:00', 'product_id': 15182446133618, 'variant_ids': [], 'src': 'https://cdn.shopify.com/s/files/1/1004/9428/files/Screenshot_2026-09-09_at_2.10.54_PM.png?v=1788977461', 'width': 1268, 'height': 1258}]","[{'name': 'Bag Size', 'position': 1, 'values': ['300g', '1Kg', '2.27Kg']}, {'name': 'Type', 'position': 2, 'values': ['Whole Bean', 'Medium Filter Grind']}]",https://detourcoffee.com/products/sweater-weather-fall-blend-1,,62815565906290.0,15182446133618.0,3.0,2026-09-03T10:42:39-04:00,2026-09-03T10:42:42-04:00,,2048.0,2048.0,https://cdn.shopify.com/s/files/1/1004/9428/files/DT-Coffee-bulk_sw2026.png?v=1788446562,[62283618025842]
35,62242904146290,300g / Whole Bean,300g,Whole Bean,,DCS1069,True,False,,True,28.00,315,0.00,1,15169270874482,2026-08-27T12:52:17-04:00,2026-10-09T07:37:15-04:00,15169270874482,Mexico Ixhuatlán,mexico-ixhuatlan,2026-08-27T13:36:35-04:00,2026-08-27T12:52:16-04:00,2026-10-09T07:37:15-04:00,Detour Coffee Roasters,COFFEE,"['active', 'coffee', 'espresso', 'filter', 'single origin', 'Single Origin DH']","[{'id': 62737808851314, 'created_at': '2026-08-27T13:08:28-04:00', 'position': 1, 'updated_at': '2026-08-27T13:08:30-04:00', 'product_id': 15169270874482, 'variant_ids': [62242904146290, 62242904179058], 'src': 'https://cdn.shopify.com/s/files/1/1004/9428/files/SO_CoffeeBag_IXHUATLAN_Mexico.png?v=1787850510', 'width': 2048, 'height': 2048}, {'id': 62737808785778, 'created_at': '2026-08-27T13:08:28-04:00', 'position': 2, 'updated_at': '2026-08-27T13:08:30-04:00', 'product_id': 15169270874482, 'variant_ids': [62242904211826], 'src': 'https://cdn.shopify.com/s/files/1/1004/9428/files/DT-Coffee-1kg_IXHUATLAN_Mexico.png?v=1787850510', 'width': 2048, 'height': 2048}, {'id': 62737808818546, 'created_at': '2026-08-27T13:08:28-04:00', 'position': 3, 'updated_at': '2026-08-27T13:08:30-04:00', 'product_id': 15169270874482, 'variant_ids': [62242904244594], 'src': 'https://cdn.shopify.com/s/files/1/1004/9428/files/DT-Coffee-bulk_IXHUATLAN_Mexico.png?v=1787850510', 'width': 2048, 'height': 2048}]","[{'name': 'Bag Size', 'position': 1, 'values': ['300g', '1Kg', '2.27Kg']}, {'name': 'Type', 'position': 2, 'values': ['Whole Bean', 'Medium Filter Grind']}]",https://detourcoffee.com/products/mexico-ixhuatlan,,62737808851314.0,15169270874482.0,1.0,2026-08-27T13:08:28-04:00,2026-08-27T13:08:30-04:00,,2048.0,2048.0,https://cdn.shopify.com/s/files/1/1004/9428/files/SO_CoffeeBag_IXHUATLAN_Mexico.png?v=1787850510,"[62242904146290, 62242904179058]"
36,62242904179058,300g / Medium Filter Grind,300g,Medium Filter Grind,,DCG1072,True,False,,True,28.00,315,0.00,2,15169270874482,2026-08-27T12:52:17-04:00,2026-10-09T07:37:15-04:00,15169270874482,Mexico Ixhuatlán,mexico-ixhuatlan,2026-08-27T13:36:35-04:00,2026-08-27T12:52:16-04:00,2026-10-09T07:37:15-04:00,Detour Coffee Roasters,COFFEE,"['active', 'coffee', 'espresso', 'filter', 'single origin', 'Single Origin DH']","[{'id': 62737808851314, 'created_at': '2026-08-27T13:08:28-04:00', 'position': 1, 'updated_at': '2026-08-27T13:08:30-04:00', 'product_id': 15169270874482, 'variant_ids': [62242904146290, 62242904179058], 'src': 'https://cdn.shopify.com/s/files/1/1004/9428/files/SO_CoffeeBag_IXHUATLAN_Mexico.png?v=1787850510', 'width': 2048, 'height': 2048}, {'id': 62737808785778, 'created_at': '2026-08-27T13:08:28-04:00', 'position': 2, 'updated_at': '2026-08-27T13:08:30-04:00', 'product_id': 15169270874482, 'variant_ids': [62242904211826], 'src': 'https://cdn.shopify.com/s/files/1/1004/9428/files/DT-Coffee-1kg_IXHUATLAN_Mexico.png?v=1787850510', 'width': 2048, 'height': 2048}, {'id': 62737808818546, 'created_at': '2026-08-27T13:08:28-04:00', 'position': 3, 'updated_at': '2026-08-27T13:08:30-04:00', 'product_id': 15169270874482, 'variant_ids': [62242904244594], 'src': 'https://cdn.shopify.com/s/files/1/1004/9428/files/DT-Coffee-bulk_IXHUATLAN_Mexico.png?v=1787850510', 'width': 2048, 'height': 2048}]","[{'name': 'Bag Size', 'position': 1, 'values': ['300g', '1Kg', '2.27Kg']}, {'name': 'Type', 'position': 2, 'values': ['Whole Bean', 'Medium Filter Grind']}]",https://detourcoffee.com/products/mexico-ixhuatlan,,62737808851314.0,15169270874482.0,1.0,2026-08-27T13:08:28-04:00,2026-08-27T13:08:30-04:00,,2048.0,2048.0,https://cdn.shopify.com/s/files/1/1004/9428/files/SO_CoffeeBag_IXHUATLAN_Mexico.png?v=1787850510,"[62242904146290, 62242904179058]"
37,62242904211826,1Kg / Whole Bean,1Kg,Whole Bean,,DCS4067,True,False,,True,90.00,1015,92.00,3,15169270874482,2026-08-27T12:52:17-04:00,2026-10-09T07:37:15-04:00,15169270874482,Mexico Ixhuatlán,mexico-ixhuatlan,2026-08-27T13:36:35-04:00,2026-08-27T12:52:16-04:00,2026-10-09T07:37:15-04:00,Detour Coffee Roasters,COFFEE,"['active', 'coffee', 'espresso', 'filter', 'single origin', 'Single Origin DH']","[{'id': 62737808851314, 'created_at': '2026-08-27T13:08:28-04:00', 'position': 1, 'updated_at': '2026-08-27T13:08:30-04:00', 'product_id': 15169270874482, 'variant_ids': [62242904146290, 62242904179058], 'src': 'https://cdn.shopify.com/s/files/1/1004/9428/files/SO_CoffeeBag_IXHUATLAN_Mexico.png?v=1787850510', 'width': 2048, 'height': 2048}, {'id': 62737808785778, 'created_at': '2026-08-27T13:08:28-04:00', 'position': 2, 'updated_at': '2026-08-27T13:08:30-04:00', 'product_id': 15169270874482, 'variant_ids': [62242904211826], 'src': 'https://cdn.shopify.com/s/files/1/1004/9428/files/DT-Coffee-1kg_IXHUATLAN_Mexico.png?v=1787850510', 'width': 2048, 'height': 2048}, {'id': 62737808818546, 'created_at': '2026-08-27T13:08:28-04:00', 'position': 3, 'updated_at': '2026-08-27T13:08:30-04:00', 'product_id': 15169270874482, 'variant_ids': [62242904244594], 'src': 'https://cdn.shopify.com/s/files/1/1004/9428/files/DT-Coffee-bulk_IXHUATLAN_Mexico.png?v=1787850510', 'width': 2048, 'height': 2048}]","[{'name': 'Bag Size', 'position': 1, 'values': ['300g', '1Kg', '2.27Kg']}, {'name': 'Type', 'position': 2, 'values': ['Whole Bean', 'Medium Filter Grind']}]",https://detourcoffee.com/products/mexico-ixhuatlan,,62737808785778.0,15169270874482.0,2.0,2026-08-27T13:08:28-04:00,2026-08-27T13:08:30-04:00,,2048.0,2048.0,https://cdn.shopify.com/s/files/1/1004/9428/files/DT-Coffee-1kg_IXHUATLAN_Mexico.png?v=1787850510,[62242904211826]
38,62242904244594,2.27Kg / Whole Bean,2.27Kg,Whole Bean,,DCS6067,True,False,,True,184.00,2315,211.00,4,15169270874482,2026-08-27T12:52:17-04:00,2026-10-09T07:37:15-04:00,15169270874482,Mexico Ixhuatlán,mexico-ixhuatlan,2026-08-27T13:36:35-04:00,2026-08-27T12:52:16-04:00,2026-10-09T07:37:15-04:00,Detour Coffee Roasters,COFFEE,"['active', 'coffee', 'espresso', 'filter', 'single origin', 'Single Origin DH']","[{'id': 62737808851314, 'created_at': '2026-08-27T13:08:28-04:00', 'position': 1, 'updated_at': '2026-08-27T13:08:30-04:00', 'product_id': 15169270874482, 'variant_ids': [62242904146290, 62242904179058], 'src': 'https://cdn.shopify.com/s/files/1/1004/9428/files/SO_CoffeeBag_IXHUATLAN_Mexico.png?v=1787850510', 'width': 2048, 'height': 2048}, {'id': 62737808785778, 'created_at': '2026-08-27T13:08:28-04:00', 'position': 2, 'updated_at': '2026-08-27T13:08:30-04:00', 'product_id': 15169270874482, 'variant_ids': [62242904211826], 'src': 'https://cdn.shopify.com/s/files/1/1004/9428/files/DT-Coffee-1kg_IXHUATLAN_Mexico.png?v=1787850510', 'width': 2048, 'height': 2048}, {'id': 62737808818546, 'created_at': '2026-08-27T13:08:28-04:00', 'position': 3, 'updated_at': '2026-08-27T13:08:30-04:00', 'product_id': 15169270874482, 'variant_ids': [62242904244594], 'src': 'https://cdn.shopify.com/s/files/1/1004/9428/files/DT-Coffee-bulk_IXHUATLAN_Mexico.png?v=1787850510', 'width': 2048, 'height': 2048}]","[{'name': 'Bag Size', 'position': 1, 'values': ['300g', '1Kg', '2.27Kg']}, {'name': 'Type', 'position': 2, 'values': ['Whole Bean', 'Medium Filter Grind']}]",https://detourcoffee.com/products/mexico-ixhuatlan,,62737808818546.0,15169270874482.0,3.0,2026-08-27T13:08:28-04:00,2026-08-27T13:08:30-04:00,,2048.0,2048.0,https://cdn.shopify.com/s/files/1/1004/9428/files/DT-Coffee-bulk_IXHUATLAN_Mexico.png?v=1787850510,[62242904244594]
39,62242745811314,300g / Whole Bean,300g,Whole Bean,,DCS1070,True,False,,True,28.00,315,0.00,1,15169228112242,2026-08-27T10:15:45-04:00,2026-10-09T07:37:15-04:00,15169228112242,Mexico Jaime & Humberto,mexico-jaime-humberto,2026-08-27T13:36:15-04:00,2026-08-27T10:15:44-04:00,2026-10-09T07:37:15-04:00,Detour Coffee Roasters,COFFEE,"['active', 'coffee', 'espresso', 'filter', 'label-Gesha', 'single origin', 'Single Origin DH']","[{'id': 62737503814002, 'created_at': '2026-08-27T10:26:05-04:00', 'position': 1, 'updated_at': '2026-08-27T10:26:06-04:00', 'product_id': 15169228112242, 'variant_ids': [62242745811314, 62242745844082], 'src': 'https://cdn.shopify.com/s/files/1/1004/9428/files/SO_CoffeeBag_JamieandHumberto.png?v=1787840766', 'width': 2048, 'height': 2048}, {'id': 62737503748466, 'created_at': '2026-08-27T10:26:05-04:00', 'position': 2, 'updated_at': '2026-08-27T10:26:06-04:00', 'product_id': 15169228112242, 'variant_ids': [62242745876850], 'src': 'https://cdn.shopify.com/s/files/1/1004/9428/files/DT-Coffee-1kg_JamieandHumberto.png?v=1787840766', 'width': 2048, 'height': 2048}, {'id': 62737503781234, 'created_at': '2026-08-27T10:26:05-04:00', 'position': 3, 'updated_at': '2026-08-27T10:26:07-04:00', 'product_id': 15169228112242, 'variant_ids': [62242745909618], 'src': 'https://cdn.shopify.com/s/files/1/1004/9428/files/DT-Coffee-bulk_JamieandHumberto.png?v=1787840767', 'width': 2048, 'height': 2048}]","[{'name': 'Bag Size', 'position': 1, 'values': ['300g', '1Kg', '2.27Kg']}, {'name': 'Type', 'position': 2, 'values': ['Whole Bean', 'Medium Filter Grind']}]",https://detourcoffee.com/products/mexico-jaime-humberto,,62737503814002.0,15169228112242.0,1.0,2026-08-27T10:26:05-04:00,2026-08-27T10:26:06-04:00,,2048.0,2048.0,https://cdn.shopify.com/s/files/1/1004/9428/files/SO_CoffeeBag_JamieandHumberto.png?v=1787840766,"[62242745811314, 62242745844082]"
40,62242745844082,300g / Medium Filter Grind,300g,Medium Filter Grind,,DCG1073,True,False,,False,28.00,315,0.00,2,15169228112242,2026-08-27T10:15:45-04:00,2026-10-09T07:37:15-04:00,15169228112242,Mexico Jaime & Humberto,mexico-jaime-humberto,2026-08-27T13:36:15-04:00,2026-08-27T10:15:44-04:00,2026-10-09T07:37:15-04:00,Detour Coffee Roasters,COFFEE,"['active', 'coffee', 'espresso', 'filter', 'label-Gesha', 'single origin', 'Single Origin DH']","[{'id': 62737503814002, 'created_at': '2026-08-27T10:26:05-04:00', 'position': 1, 'updated_at': '2026-08-27T10:26:06-04:00', 'product_id': 15169228112242, 'variant_ids': [62242745811314, 62242745844082], 'src': 'https://cdn.shopify.com/s/files/1/1004/9428/files/SO_CoffeeBag_JamieandHumberto.png?v=1787840766', 'width': 2048, 'height': 2048}, {'id': 62737503748466, 'created_at': '2026-08-27T10:26:05-04:00', 'position': 2, 'updated_at': '2026-08-27T10:26:06-04:00', 'product_id': 15169228112242, 'variant_ids': [62242745876850], 'src': 'https://cdn.shopify.com/s/files/1/1004/9428/files/DT-Coffee-1kg_JamieandHumberto.png?v=1787840766', 'width': 2048, 'height': 2048}, {'id': 62737503781234, 'created_at': '2026-08-27T10:26:05-04:00', 'position': 3, 'updated_at': '2026-08-27T10:26:07-04:00', 'product_id': 15169228112242, 'variant_ids': [62242745909618], 'src': 'https://cdn.shopify.com/s/files/1/1004/9428/files/DT-Coffee-bulk_JamieandHumberto.png?v=1787840767', 'width': 2048, 'height': 2048}]","[{'name': 'Bag Size', 'position': 1, 'values': ['300g', '1Kg', '2.27Kg']}, {'name': 'Type', 'position': 2, 'values': ['Whole Bean', 'Medium Filter Grind']}]",https://detourcoffee.com/products/mexico-jaime-humberto,,62737503814002.0,15169228112242.0,1.0,2026-08-27T10:26:05-04:00,2026-08-27T10:26:06-04:00,,2048.0,2048.0,https://cdn.shopify.com/s/files/1/1004/9428/files/SO_CoffeeBag_JamieandHumberto.png?v=1787840766,"[62242745811314, 62242745844082]"
41,62242745876850,1Kg / Whole Bean,1Kg,Whole Bean,,DCS4068,True,False,,False,90.00,1015,92.00,3,15169228112242,2026-08-27T10:15:45-04:00,2026-10-09T07:37:15-04:00,15169228112242,Mexico Jaime & Humberto,mexico-jaime-humberto,2026-08-27T13:36:15-04:00,2026-08-27T10:15:44-04:00,2026-10-09T07:37:15-04:00,Detour Coffee Roasters,COFFEE,"['active', 'coffee', 'espresso', 'filter', 'label-Gesha', 'single origin', 'Single Origin DH']","[{'id': 62737503814002, 'created_at': '2026-08-27T10:26:05-04:00', 'position': 1, 'updated_at': '2026-08-27T10:26:06-04:00', 'product_id': 15169228112242, 'variant_ids': [62242745811314, 62242745844082], 'src': 'https://cdn.shopify.com/s/files/1/1004/9428/files/SO_CoffeeBag_JamieandHumberto.png?v=1787840766', 'width': 2048, 'height': 2048}, {'id': 62737503748466, 'created_at': '2026-08-27T10:26:05-04:00', 'position': 2, 'updated_at': '2026-08-27T10:26:06-04:00', 'product_id': 15169228112242, 'variant_ids': [62242745876850], 'src': 'https://cdn.shopify.com/s/files/1/1004/9428/files/DT-Coffee-1kg_JamieandHumberto.png?v=1787840766', 'width': 2048, 'height': 2048}, {'id': 62737503781234, 'created_at': '2026-08-27T10:26:05-04:00', 'position': 3, 'updated_at': '2026-08-27T10:26:07-04:00', 'product_id': 15169228112242, 'variant_ids': [62242745909618], 'src': 'https://cdn.shopify.com/s/files/1/1004/9428/files/DT-Coffee-bulk_JamieandHumberto.png?v=1787840767', 'width': 2048, 'height': 2048}]","[{'name': 'Bag Size', 'position': 1, 'values': ['300g', '1Kg', '2.27Kg']}, {'name': 'Type', 'position': 2, 'values': ['Whole Bean', 'Medium Filter Grind']}]",https://detourcoffee.com/products/mexico-jaime-humberto,,62737503748466.0,15169228112242.0,2.0,2026-08-27T10:26:05-04:00,2026-08-27T10:26:06-04:00,,2048.0,2048.0,https://cdn.shopify.com/s/files/1/1004/9428/files/DT-Coffee-1kg_JamieandHumberto.png?v=1787840766,[62242745876850]
42,62242745909618,2.27Kg / Whole Bean,2.27Kg,Whole Bean,,DCS6068,True,False,,False,184.00,2315,211.00,4,15169228112242,2026-08-27T10:15:45-04:00,2026-10-09T07:37:15-04:00,15169228112242,Mexico Jaime & Humberto,mexico-jaime-humberto,2026-08-27T13:36:15-04:00,2026-08-27T10:15:44-04:00,2026-10-09T07:37:15-04:00,Detour Coffee Roasters,COFFEE,"['active', 'coffee', 'espresso', 'filter', 'label-Gesha', 'single origin', 'Single Origin DH']","[{'id': 62737503814002, 'created_at': '2026-08-27T10:26:05-04:00', 'position': 1, 'updated_at': '2026-08-27T10:26:06-04:00', 'product_id': 15169228112242, 'variant_ids': [62242745811314, 62242745844082], 'src': 'https://cdn.shopify.com/s/files/1/1004/9428/files/SO_CoffeeBag_JamieandHumberto.png?v=1787840766', 'width': 2048, 'height': 2048}, {'id': 62737503748466, 'created_at': '2026-08-27T10:26:05-04:00', 'position': 2, 'updated_at': '2026-08-27T10:26:06-04:00', 'product_id': 15169228112242, 'variant_ids': [62242745876850], 'src': 'https://cdn.shopify.com/s/files/1/1004/9428/files/DT-Coffee-1kg_JamieandHumberto.png?v=1787840766', 'width': 2048, 'height': 2048}, {'id': 62737503781234, 'created_at': '2026-08-27T10:26:05-04:00', 'position': 3, 'updated_at': '2026-08-27T10:26:07-04:00', 'product_id': 15169228112242, 'variant_ids': [62242745909618], 'src': 'https://cdn.shopify.com/s/files/1/1004/9428/files/DT-Coffee-bulk_JamieandHumberto.png?v=1787840767', 'width': 2048, 'height': 2048}]","[{'name': 'Bag Size', 'position': 1, 'values': ['300g', '1Kg', '2.27Kg']}, {'name': 'Type', 'position': 2, 'values': ['Whole Bean', 'Medium Filter Grind']}]",https://detourcoffee.com/products/mexico-jaime-humberto,,62737503781234.0,15169228112242.0,3.0,2026-08-27T10:26:05-04:00,2026-08-27T10:26:07-04:00,,2048.0,2048.0,https://cdn.shopify.com/s/files/1/1004/9428/files/DT-Coffee-bulk_JamieandHumberto.png?v=1787840767,[62242745909618]
43,62182628426098,300g / Whole Bean,300g,Whole Bean,,DCS1066,True,False,,True,26.00,315,0.00,1,15149119701362,2026-08-13T09:26:46-04:00,2026-10-09T07:37:15-04:00,15149119701362,Bolivia Oro Verde,bolivia-oro-verde,2026-08-13T13:24:16-04:00,2026-08-13T09:26:46-04:00,2026-10-09T07:37:15-04:00,Detour Coffee Roasters,COFFEE,"['active', 'coffee', 'filter', 'single origin']","[{'id': 62564536844658, 'created_at': '2026-08-13T09:27:43-04:00', 'position': 1, 'updated_at': '2026-08-13T09:27:45-04:00', 'product_id': 15149119701362, 'variant_ids': [62182628426098, 62182628458866], 'src': 'https://cdn.shopify.com/s/files/1/1004/9428/files/SO_CoffeeBag_OroVerde.png?v=1786627665', 'width': 2048, 'height': 2048}, {'id': 62564536779122, 'created_at': '2026-08-13T09:27:43-04:00', 'position': 2, 'updated_at': '2026-08-13T09:27:45-04:00', 'product_id': 15149119701362, 'variant_ids': [62182628491634], 'src': 'https://cdn.shopify.com/s/files/1/1004/9428/files/DT-Coffee-1kg_OroVerde.png?v=1786627665', 'width': 2048, 'height': 2048}, {'id': 62564536811890, 'created_at': '2026-08-13T09:27:43-04:00', 'position': 3, 'updated_at': '2026-08-13T09:27:45-04:00', 'product_id': 15149119701362, 'variant_ids': [62182628524402], 'src': 'https://cdn.shopify.com/s/files/1/1004/9428/files/DT-Coffee-bulk_OroVerde.png?v=1786627665', 'width': 2048, 'height': 2048}]","[{'name': 'Bag Size', 'position': 1, 'values': ['300g', '1Kg', '2.27Kg']}, {'name': 'Type', 'position': 2, 'values': ['Whole Bean', 'Medium Filter Grind']}]",https://detourcoffee.com/products/bolivia-oro-verde,,62564536844658.0,15149119701362.0,1.0,2026-08-13T09:27:43-04:00,2026-08-13T09:27:45-04:00,,2048.0,2048.0,https://cdn.shopify.com/s/files/1/1004/9428/files/SO_CoffeeBag_OroVerde.png?v=1786627665,"[62182628426098, 62182628458866]"
44,62182628458866,300g / Medium Filter Grind,300g,Medium Filter Grind,,DCG1069,True,False,,True,26.00,315,0.00,2,15149119701362,2026-08-13T09:26:46-04:00,2026-10-09T07:37:15-04:00,15149119701362,Bolivia Oro Verde,bolivia-oro-verde,2026-08-13T13:24:16-04:00,2026-08-13T09:26:46-04:00,2026-10-09T07:37:15-04:00,Detour Coffee Roasters,COFFEE,"['active', 'coffee', 'filter', 'single origin']","[{'id': 62564536844658, 'created_at': '2026-08-13T09:27:43-04:00', 'position': 1, 'updated_at': '2026-08-13T09:27:45-04:00', 'product_id': 15149119701362, 'variant_ids': [62182628426098, 62182628458866], 'src': 'https://cdn.shopify.com/s/files/1/1004/9428/files/SO_CoffeeBag_OroVerde.png?v=1786627665', 'width': 2048, 'height': 2048}, {'id': 62564536779122, 'created_at': '2026-08-13T09:27:43-04:00', 'position': 2, 'updated_at': '2026-08-13T09:27:45-04:00', 'product_id': 15149119701362, 'variant_ids': [62182628491634], 'src': 'https://cdn.shopify.com/s/files/1/1004/9428/files/DT-Coffee-1kg_OroVerde.png?v=1786627665', 'width': 2048, 'height': 2048}, {'id': 62564536811890, 'created_at': '2026-08-13T09:27:43-04:00', 'position': 3, 'updated_at': '2026-08-13T09:27:45-04:00', 'product_id': 15149119701362, 'variant_ids': [62182628524402], 'src': 'https://cdn.shopify.com/s/files/1/1004/9428/files/DT-Coffee-bulk_OroVerde.png?v=1786627665', 'width': 2048, 'height': 2048}]","[{'name': 'Bag Size', 'position': 1, 'values': ['300g', '1Kg', '2.27Kg']}, {'name': 'Type', 'position': 2, 'values': ['Whole Bean', 'Medium Filter Grind']}]",https://detourcoffee.com/products/bolivia-oro-verde,,62564536844658.0,15149119701362.0,1.0,2026-08-13T09:27:43-04:00,2026-08-13T09:27:45-04:00,,2048.0,2048.0,https://cdn.shopify.com/s/files/1/1004/9428/files/SO_CoffeeBag_OroVerde.png?v=1786627665,"[62182628426098, 62182628458866]"
45,62182628491634,1Kg / Whole Bean,1Kg,Whole Bean,,DCS4064,True,False,,True,82.00,1015,84.00,3,15149119701362,2026-08-13T09:26:46-04:00,2026-10-09T07:37:15-04:00,15149119701362,Bolivia Oro Verde,bolivia-oro-verde,2026-08-13T13:24:16-04:00,2026-08-13T09:26:46-04:00,2026-10-09T07:37:15-04:00,Detour Coffee Roasters,COFFEE,"['active', 'coffee', 'filter', 'single origin']","[{'id': 62564536844658, 'created_at': '2026-08-13T09:27:43-04:00', 'position': 1, 'updated_at': '2026-08-13T09:27:45-04:00', 'product_id': 15149119701362, 'variant_ids': [62182628426098, 62182628458866], 'src': 'https://cdn.shopify.com/s/files/1/1004/9428/files/SO_CoffeeBag_OroVerde.png?v=1786627665', 'width': 2048, 'height': 2048}, {'id': 62564536779122, 'created_at': '2026-08-13T09:27:43-04:00', 'position': 2, 'updated_at': '2026-08-13T09:27:45-04:00', 'product_id': 15149119701362, 'variant_ids': [62182628491634], 'src': 'https://cdn.shopify.com/s/files/1/1004/9428/files/DT-Coffee-1kg_OroVerde.png?v=1786627665', 'width': 2048, 'height': 2048}, {'id': 62564536811890, 'created_at': '2026-08-13T09:27:43-04:00', 'position': 3, 'updated_at': '2026-08-13T09:27:45-04:00', 'product_id': 15149119701362, 'variant_ids': [62182628524402], 'src': 'https://cdn.shopify.com/s/files/1/1004/9428/files/DT-Coffee-bulk_OroVerde.png?v=1786627665', 'width': 2048, 'height': 2048}]","[{'name': 'Bag Size', 'position': 1, 'values': ['300g', '1Kg', '2.27Kg']}, {'name': 'Type', 'position': 2, 'values': ['Whole Bean', 'Medium Filter Grind']}]",https://detourcoffee.com/products/bolivia-oro-verde,,62564536779122.0,15149119701362.0,2.0,2026-08-13T09:27:43-04:00,2026-08-13T09:27:45-04:00,,2048.0,2048.0,https://cdn.shopify.com/s/files/1/1004/9428/files/DT-Coffee-1kg_OroVerde.png?v=1786627665,[62182628491634]
46,62182628524402,2.27Kg / Whole Bean,2.27Kg,Whole Bean,,DCS6064,True,False,,True,168.00,2315,195.00,4,15149119701362,2026-08-13T09:26:46-04:00,2026-10-09T07:37:15-04:00,15149119701362,Bolivia Oro Verde,bolivia-oro-verde,2026-08-13T13:24:16-04:00,2026-08-13T09:26:46-04:00,2026-10-09T07:37:15-04:00,Detour Coffee Roasters,COFFEE,"['active', 'coffee', 'filter', 'single origin']","[{'id': 62564536844658, 'created_at': '2026-08-13T09:27:43-04:00', 'position': 1, 'updated_at': '2026-08-13T09:27:45-04:00', 'product_id': 15149119701362, 'variant_ids': [62182628426098, 62182628458866], 'src': 'https://cdn.shopify.com/s/files/1/1004/9428/files/SO_CoffeeBag_OroVerde.png?v=1786627665', 'width': 2048, 'height': 2048}, {'id': 62564536779122, 'created_at': '2026-08-13T09:27:43-04:00', 'position': 2, 'updated_at': '2026-08-13T09:27:45-04:00', 'product_id': 15149119701362, 'variant_ids': [62182628491634], 'src': 'https://cdn.shopify.com/s/files/1/1004/9428/files/DT-Coffee-1kg_OroVerde.png?v=1786627665', 'width': 2048, 'height': 2048}, {'id': 62564536811890, 'created_at': '2026-08-13T09:27:43-04:00', 'position': 3, 'updated_at': '2026-08-13T09:27:45-04:00', 'product_id': 15149119701362, 'variant_ids': [62182628524402], 'src': 'https://cdn.shopify.com/s/files/1/1004/9428/files/DT-Coffee-bulk_OroVerde.png?v=1786627665', 'width': 2048, 'height': 2048}]","[{'name': 'Bag Size', 'position': 1, 'values': ['300g', '1Kg', '2.27Kg']}, {'name': 'Type', 'position': 2, 'values': ['Whole Bean', 'Medium Filter Grind']}]",https://detourcoffee.com/products/bolivia-oro-verde,,62564536811890.0,15149119701362.0,3.0,2026-08-13T09:27:43-04:00,2026-08-13T09:27:45-04:00,,2048.0,2048.0,https://cdn.shopify.com/s/files/1/1004/9428/files/DT-Coffee-bulk_OroVerde.png?v=1786627665,[62182628524402]
47,62134475260274,300g / Whole Bean,300g,Whole Bean,,DCS1060,True,False,,True,26.00,0,0.00,1,15137299628402,2026-07-30T10:00:21-04:00,2026-10-09T07:37:15-04:00,15137299628402,Honduras Don Chepe,honduras-don-chepe,2026-07-30T11:28:36-04:00,2026-07-30T10:00:21-04:00,2026-10-09T07:37:15-04:00,Detour Coffee Roasters,COFFEE,"['active', 'coffee', 'filter', 'label-Bestseller', 'single origin']","[{'id': 62442608132466, 'created_at': '2026-07-30T10:02:10-04:00', 'position': 1, 'updated_at': '2026-07-30T10:02:12-04:00', 'product_id': 15137299628402, 'variant_ids': [62134475260274, 62134475293042], 'src': 'https://cdn.shopify.com/s/files/1/1004/9428/files/SO_CoffeeBag_DonChepe2026.png?v=1785420132', 'width': 2048, 'height': 2048}, {'id': 62442608066930, 'created_at': '2026-07-30T10:02:10-04:00', 'position': 2, 'updated_at': '2026-07-30T10:02:11-04:00', 'product_id': 15137299628402, 'variant_ids': [62134475325810], 'src': 'https://cdn.shopify.com/s/files/1/1004/9428/files/DT-Coffee-1kg_DonChepe2026.png?v=1785420131', 'width': 2048, 'height': 2048}, {'id': 62442608099698, 'created_at': '2026-07-30T10:02:10-04:00', 'position': 3, 'updated_at': '2026-07-30T10:02:12-04:00', 'product_id': 15137299628402, 'variant_ids': [62134475358578], 'src': 'https://cdn.shopify.com/s/files/1/1004/9428/files/DT-Coffee-bulk_DonChepe.png?v=1785420132', 'width': 2048, 'height': 2048}]","[{'name': 'Bag Size', 'position': 1, 'values': ['300g', '1Kg', '2.27Kg']}, {'name': 'Type', 'position': 2, 'values': ['Whole Bean', 'Medium Filter Grind']}]",https://detourcoffee.com/products/honduras-don-chepe,,62442608132466.0,15137299628402.0,1.0,2026-07-30T10:02:10-04:00,2026-07-30T10:02:12-04:00,,2048.0,2048.0,https://cdn.shopify.com/s/files/1/1004/9428/files/SO_CoffeeBag_DonChepe2026.png?v=1785420132,"[62134475260274, 62134475293042]"
48,62134475293042,300g / Medium Filter Grind,300g,Medium Filter Grind,,DCG1066,True,False,,True,26.00,0,0.00,2,15137299628402,2026-07-30T10:00:21-04:00,2026-10-09T07:37:15-04:00,15137299628402,Honduras Don Chepe,honduras-don-chepe,2026-07-30T11:28:36-04:00,2026-07-30T10:00:21-04:00,2026-10-09T07:37:15-04:00,Detour Coffee Roasters,COFFEE,"['active', 'coffee', 'filter', 'label-Bestseller', 'single origin']","[{'id': 62442608132466, 'created_at': '2026-07-30T10:02:10-04:00', 'position': 1, 'updated_at': '2026-07-30T10:02:12-04:00', 'product_id': 15137299628402, 'variant_ids': [62134475260274, 62134475293042], 'src': 'https://cdn.shopify.com/s/files/1/1004/9428/files/SO_CoffeeBag_DonChepe2026.png?v=1785420132', 'width': 2048, 'height': 2048}, {'id': 62442608066930, 'created_at': '2026-07-30T10:02:10-04:00', 'position': 2, 'updated_at': '2026-07-30T10:02:11-04:00', 'product_id': 15137299628402, 'variant_ids': [62134475325810], 'src': 'https://cdn.shopify.com/s/files/1/1004/9428/files/DT-Coffee-1kg_DonChepe2026.png?v=1785420131', 'width': 2048, 'height': 2048}, {'id': 62442608099698, 'created_at': '2026-07-30T10:02:10-04:00', 'position': 3, 'updated_at': '2026-07-30T10:02:12-04:00', 'product_id': 15137299628402, 'variant_ids': [62134475358578], 'src': 'https://cdn.shopify.com/s/files/1/1004/9428/files/DT-Coffee-bulk_DonChepe.png?v=1785420132', 'width': 2048, 'height': 2048}]","[{'name': 'Bag Size', 'position': 1, 'values': ['300g', '1Kg', '2.27Kg']}, {'name': 'Type', 'position': 2, 'values': ['Whole Bean', 'Medium Filter Grind']}]",https://detourcoffee.com/products/honduras-don-chepe,,62442608132466.0,15137299628402.0,1.0,2026-07-30T10:02:10-04:00,2026-07-30T10:02:12-04:00,,2048.0,2048.0,https://cdn.shopify.com/s/files/1/1004/9428/files/SO_CoffeeBag_DonChepe2026.png?v=1785420132,"[62134475260274, 62134475293042]"
49,62134475325810,1Kg / Whole Bean,1Kg,Whole Bean,,DCS4058,True,False,,False,82.00,0,84.00,3,15137299628402,2026-07-30T10:00:21-04:00,2026-10-09T07:37:15-04:00,15137299628402,Honduras Don Chepe,honduras-don-chepe,2026-07-30T11:28:36-04:00,2026-07-30T10:00:21-04:00,2026-10-09T07:37:15-04:00,Detour Coffee Roasters,COFFEE,"['active', 'coffee', 'filter', 'label-Bestseller', 'single origin']","[{'id': 62442608132466, 'created_at': '2026-07-30T10:02:10-04:00', 'position': 1, 'updated_at': '2026-07-30T10:02:12-04:00', 'product_id': 15137299628402, 'variant_ids': [62134475260274, 62134475293042], 'src': 'https://cdn.shopify.com/s/files/1/1004/9428/files/SO_CoffeeBag_DonChepe2026.png?v=1785420132', 'width': 2048, 'height': 2048}, {'id': 62442608066930, 'created_at': '2026-07-30T10:02:10-04:00', 'position': 2, 'updated_at': '2026-07-30T10:02:11-04:00', 'product_id': 15137299628402, 'variant_ids': [62134475325810], 'src': 'https://cdn.shopify.com/s/files/1/1004/9428/files/DT-Coffee-1kg_DonChepe2026.png?v=1785420131', 'width': 2048, 'height': 2048}, {'id': 62442608099698, 'created_at': '2026-07-30T10:02:10-04:00', 'position': 3, 'updated_at': '2026-07-30T10:02:12-04:00', 'product_id': 15137299628402, 'variant_ids': [62134475358578], 'src': 'https://cdn.shopify.com/s/files/1/1004/9428/files/DT-Coffee-bulk_DonChepe.png?v=1785420132', 'width': 2048, 'height': 2048}]","[{'name': 'Bag Size', 'position': 1, 'values': ['300g', '1Kg', '2.27Kg']}, {'name': 'Type', 'position': 2, 'values': ['Whole Bean', 'Medium Filter Grind']}]",https://detourcoffee.com/products/honduras-don-chepe,,62442608066930.0,15137299628402.0,2.0,2026-07-30T10:02:10-04:00,2026-07-30T10:02:11-04:00,,2048.0,2048.0,https://cdn.shopify.com/s/files/1/1004/9428/files/DT-Coffee-1kg_DonChepe2026.png?v=1785420131,[62134475325810]
50,62134475358578,2.27Kg / Whole Bean,2.27Kg,Whole Bean,,DCS6058,True,False,,False,168.00,0,195.00,4,15137299628402,2026-07-30T10:00:21-04:00,2026-10-09T07:37:15-04:00,15137299628402,Honduras Don Chepe,honduras-don-chepe,2026-07-30T11:28:36-04:00,2026-07-30T10:00:21-04:00,2026-10-09T07:37:15-04:00,Detour Coffee Roasters,COFFEE,"['active', 'coffee', 'filter', 'label-Bestseller', 'single origin']","[{'id': 62442608132466, 'created_at': '2026-07-30T10:02:10-04:00', 'position': 1, 'updated_at': '2026-07-30T10:02:12-04:00', 'product_id': 15137299628402, 'variant_ids': [62134475260274, 62134475293042], 'src': 'https://cdn.shopify.com/s/files/1/1004/9428/files/SO_CoffeeBag_DonChepe2026.png?v=1785420132', 'width': 2048, 'height': 2048}, {'id': 62442608066930, 'created_at': '2026-07-30T10:02:10-04:00', 'position': 2, 'updated_at': '2026-07-30T10:02:11-04:00', 'product_id': 15137299628402, 'variant_ids': [62134475325810], 'src': 'https://cdn.shopify.com/s/files/1/1004/9428/files/DT-Coffee-1kg_DonChepe2026.png?v=1785420131', 'width': 2048, 'height': 2048}, {'id': 62442608099698, 'created_at': '2026-07-30T10:02:10-04:00', 'position': 3, 'updated_at': '2026-07-30T10:02:12-04:00', 'product_id': 15137299628402, 'variant_ids': [62134475358578], 'src': 'https://cdn.shopify.com/s/files/1/1004/9428/files/DT-Coffee-bulk_DonChepe.png?v=1785420132', 'width': 2048, 'height': 2048}]","[{'name': 'Bag Size', 'position': 1, 'values': ['300g', '1Kg', '2.27Kg']}, {'name': 'Type', 'position': 2, 'values': ['Whole Bean', 'Medium Filter Grind']}]",https://detourcoffee.com/products/honduras-don-chepe,,62442608099698.0,15137299628402.0,3.0,2026-07-30T10:02:10-04:00,2026-07-30T10:02:12-04:00,,2048.0,2048.0,https://cdn.shopify.com/s/files/1/1004/9428/files/DT-Coffee-bulk_DonChepe.png?v=1785420132,[62134475358578]
51,40755581485210,Pack of 6,Pack of 6,,,DCI2001,True,False,,True,20.00,0,,1,6991941370010,2021-08-31T11:48:12-04:00,2026-10-09T07:37:15-04:00,6991941370010,Punch Buggy Instant Coffee,punch-buggy-instant-coffee,2025-11-26T09:35:53-05:00,2021-08-31T11:48:05-04:00,2026-10-09T07:37:15-04:00,Detour Coffee Roasters,COFFEE,"['Instant', 'Stockings']","[{'id': 33815752016026, 'created_at': '2022-05-16T11:02:28-04:00', 'position': 1, 'updated_at': '2022-05-16T11:02:33-04:00', 'product_id': 6991941370010, 'variant_ids': [40755581485210], 'src': 'https://cdn.shopify.com/s/files/1/1004/9428/products/DT-Coffee_INS-PB.png?v=1652713353', 'width': 1080, 'height': 1080}, {'id': 34175834194074, 'created_at': '2022-06-23T09:48:44-04:00', 'position': 2, 'updated_at': '2022-06-23T09:48:45-04:00', 'product_id': 6991941370010, 'variant_ids': [40755581190298], 'src': 'https://cdn.shopify.com/s/files/1/1004/9428/products/DT-INS-BOX-PB.png?v=1655992125', 'width': 1080, 'height': 1080}, {'id': 35683632316570, 'created_at': '2022-11-30T10:13:07-05:00', 'position': 3, 'updated_at': '2022-11-30T10:13:08-05:00', 'product_id': 6991941370010, 'variant_ids': [], 'src': 'https://cdn.shopify.com/s/files/1/1004/9428/products/Instant_a5920835-3744-4dd8-b0c4-4c74683e660b.jpg?v=1669821188', 'width': 1080, 'height': 1080}, {'id': 38182861111450, 'created_at': '2023-11-10T13:45:59-05:00', 'position': 4, 'updated_at': '2023-11-10T13:46:01-05:00', 'product_id': 6991941370010, 'variant_ids': [], 'src': 'https://cdn.shopify.com/s/files/1/1004/9428/files/stockingstuffers_7291ecc1-c070-4241-8c57-84c9de784d60.jpg?v=1699641961', 'width': 4000, 'height': 4000}]","[{'name': 'Quantity', 'position': 1, 'values': ['Pack of 6', 'Individual Packet']}]",https://detourcoffee.com/products/punch-buggy-instant-coffee,,33815752016026.0,6991941370010.0,1.0,2022-05-16T11:02:28-04:00,2022-05-16T11:02:33-04:00,,1080.0,1080.0,https://cdn.shopify.com/s/files/1/1004/9428/products/DT-Coffee_INS-PB.png?v=1652713353,[40755581485210]
52,40755581190298,Individual Packet,Individual Packet,,,DCI1001,True,False,,True,3.85,0,,2,6991941370010,2021-08-31T11:48:05-04:00,2026-10-09T07:37:15-04:00,6991941370010,Punch Buggy Instant Coffee,punch-buggy-instant-coffee,2025-11-26T09:35:53-05:00,2021-08-31T11:48:05-04:00,2026-10-09T07:37:15-04:00,Detour Coffee Roasters,COFFEE,"['Instant', 'Stockings']","[{'id': 33815752016026, 'created_at': '2022-05-16T11:02:28-04:00', 'position': 1, 'updated_at': '2022-05-16T11:02:33-04:00', 'product_id': 6991941370010, 'variant_ids': [40755581485210], 'src': 'https://cdn.shopify.com/s/files/1/1004/9428/products/DT-Coffee_INS-PB.png?v=1652713353', 'width': 1080, 'height': 1080}, {'id': 34175834194074, 'created_at': '2022-06-23T09:48:44-04:00', 'position': 2, 'updated_at': '2022-06-23T09:48:45-04:00', 'product_id': 6991941370010, 'variant_ids': [40755581190298], 'src': 'https://cdn.shopify.com/s/files/1/1004/9428/products/DT-INS-BOX-PB.png?v=1655992125', 'width': 1080, 'height': 1080}, {'id': 35683632316570, 'created_at': '2022-11-30T10:13:07-05:00', 'position': 3, 'updated_at': '2022-11-30T10:13:08-05:00', 'product_id': 6991941370010, 'variant_ids': [], 'src': 'https://cdn.shopify.com/s/files/1/1004/9428/products/Instant_a5920835-3744-4dd8-b0c4-4c74683e660b.jpg?v=1669821188', 'width': 1080, 'height': 1080}, {'id': 38182861111450, 'created_at': '2023-11-10T13:45:59-05:00', 'position': 4, 'updated_at': '2023-11-10T13:46:01-05:00', 'product_id': 6991941370010, 'variant_ids': [], 'src': 'https://cdn.shopify.com/s/files/1/1004/9428/files/stockingstuffers_7291ecc1-c070-4241-8c57-84c9de784d60.jpg?v=1699641961', 'width': 4000, 'height': 4000}]","[{'name': 'Quantity', 'position': 1, 'values': ['Pack of 6', 'Individual Packet']}]",https://detourcoffee.com/products/punch-buggy-instant-coffee,,34175834194074.0,6991941370010.0,2.0,2022-06-23T09:48:44-04:00,2022-06-23T09:48:45-04:00,,1080.0,1080.0,https://cdn.shopify.com/s/files/1/1004/9428/products/DT-INS-BOX-PB.png?v=1655992125,[40755581190298]
53,52535263723890,300g / Whole Bean,300g,Whole Bean,,DCB1015,True,False,,True,22.50,0,0.00,1,14769618747762,2025-08-01T11:03:32-04:00,2026-10-09T07:37:15-04:00,14769618747762,Small Talk,small-talk,2025-08-01T12:45:40-04:00,2025-08-01T11:03:32-04:00,2026-10-09T07:37:15-04:00,Detour Coffee Roasters,COFFEE,"['active', 'blend', 'coffee', 'espresso', 'filter', 'label-Medium', 'single origin']","[{'id': 54675635798386, 'created_at': '2025-08-01T11:03:34-04:00', 'position': 1, 'updated_at': '2025-08-01T11:03:36-04:00', 'product_id': 14769618747762, 'variant_ids': [52535263723890, 52535263756658], 'src': 'https://cdn.shopify.com/s/files/1/1004/9428/files/8a8880fd-d700-4804-9102-6ffe79c4f8e7.png?v=1754060616', 'width': 2048, 'height': 2048}, {'id': 54675643826546, 'created_at': '2025-08-01T11:03:49-04:00', 'position': 2, 'updated_at': '2025-08-01T11:03:51-04:00', 'product_id': 14769618747762, 'variant_ids': [52535263789426], 'src': 'https://cdn.shopify.com/s/files/1/1004/9428/files/ebc7192b-d191-420c-aff7-150038f1d36f.png?v=1754060631', 'width': 2048, 'height': 2048}, {'id': 54675647791474, 'created_at': '2025-08-01T11:03:57-04:00', 'position': 3, 'updated_at': '2025-08-01T11:04:00-04:00', 'product_id': 14769618747762, 'variant_ids': [52535263854962], 'src': 'https://cdn.shopify.com/s/files/1/1004/9428/files/f8233fe2-a01a-4203-8245-620765f1a2e6.png?v=1754060640', 'width': 2048, 'height': 2048}]","[{'name': 'Bag Size', 'position': 1, 'values': ['300g', '1kg', '2.27kg']}, {'name': 'Type', 'position': 2, 'values': ['Whole Bean', 'Medium Filter Grind']}]",https://detourcoffee.com/products/small-talk,,54675635798386.0,14769618747762.0,1.0,2025-08-01T11:03:34-04:00,2025-08-01T11:03:36-04:00,,2048.0,2048.0,https://cdn.shopify.com/s/files/1/1004/9428/files/8a8880fd-d700-4804-9102-6ffe79c4f8e7.png?v=1754060616,"[52535263723890, 52535263756658]"
54,52535263756658,300g / Medium Filter Grind,300g,Medium Filter Grind,,DCG1008,True,False,,True,22.50,0,0.00,2,14769618747762,2025-08-01T11:03:40-04:00,2026-10-09T07:37:15-04:00,14769618747762,Small Talk,small-talk,2025-08-01T12:45:40-04:00,2025-08-01T11:03:32-04:00,2026-10-09T07:37:15-04:00,Detour Coffee Roasters,COFFEE,"['active', 'blend', 'coffee', 'espresso', 'filter', 'label-Medium', 'single origin']","[{'id': 54675635798386, 'created_at': '2025-08-01T11:03:34-04:00', 'position': 1, 'updated_at': '2025-08-01T11:03:36-04:00', 'product_id': 14769618747762, 'variant_ids': [52535263723890, 52535263756658], 'src': 'https://cdn.shopify.com/s/files/1/1004/9428/files/8a8880fd-d700-4804-9102-6ffe79c4f8e7.png?v=1754060616', 'width': 2048, 'height': 2048}, {'id': 54675643826546, 'created_at': '2025-08-01T11:03:49-04:00', 'position': 2, 'updated_at': '2025-08-01T11:03:51-04:00', 'product_id': 14769618747762, 'variant_ids': [52535263789426], 'src': 'https://cdn.shopify.com/s/files/1/1004/9428/files/ebc7192b-d191-420c-aff7-150038f1d36f.png?v=1754060631', 'width': 2048, 'height': 2048}, {'id': 54675647791474, 'created_at': '2025-08-01T11:03:57-04:00', 'position': 3, 'updated_at': '2025-08-01T11:04:00-04:00', 'product_id': 14769618747762, 'variant_ids': [52535263854962], 'src': 'https://cdn.shopify.com/s/files/1/1004/9428/files/f8233fe2-a01a-4203-8245-620765f1a2e6.png?v=1754060640', 'width': 2048, 'height': 2048}]","[{'name': 'Bag Size', 'position': 1, 'values': ['300g', '1kg', '2.27kg']}, {'name': 'Type', 'position': 2, 'values': ['Whole Bean', 'Medium Filter Grind']}]",https://detourcoffee.com/products/small-talk,,54675635798386.0,14769618747762.0,1.0,2025-08-01T11:03:34-04:00,2025-08-01T11:03:36-04:00,,2048.0,2048.0,https://cdn.shopify.com/s/files/1/1004/9428/files/8a8880fd-d700-4804-9102-6ffe79c4f8e7.png?v=1754060616,"[52535263723890, 52535263756658]"
55,52535263854962,1kg / Whole Bean,1kg,Whole Bean,,DCB4015,True,False,,True,69.00,0,75.00,3,14769618747762,2025-08-01T11:03:55-04:00,2026-10-09T07:37:15-04:00,14769618747762,Small Talk,small-talk,2025-08-01T12:45:40-04:00,2025-08-01T11:03:32-04:00,2026-10-09T07:37:15-04:00,Detour Coffee Roasters,COFFEE,"['active', 'blend', 'coffee', 'espresso', 'filter', 'label-Medium', 'single origin']","[{'id': 54675635798386, 'created_at': '2025-08-01T11:03:34-04:00', 'position': 1, 'updated_at': '2025-08-01T11:03:36-04:00', 'product_id': 14769618747762, 'variant_ids': [52535263723890, 52535263756658], 'src': 'https://cdn.shopify.com/s/files/1/1004/9428/files/8a8880fd-d700-4804-9102-6ffe79c4f8e7.png?v=1754060616', 'width': 2048, 'height': 2048}, {'id': 54675643826546, 'created_at': '2025-08-01T11:03:49-04:00', 'position': 2, 'updated_at': '2025-08-01T11:03:51-04:00', 'product_id': 14769618747762, 'variant_ids': [52535263789426], 'src': 'https://cdn.shopify.com/s/files/1/1004/9428/files/ebc7192b-d191-420c-aff7-150038f1d36f.png?v=1754060631', 'width': 2048, 'height': 2048}, {'id': 54675647791474, 'created_at': '2025-08-01T11:03:57-04:00', 'position': 3, 'updated_at': '2025-08-01T11:04:00-04:00', 'product_id': 14769618747762, 'variant_ids': [52535263854962], 'src': 'https://cdn.shopify.com/s/files/1/1004/9428/files/f8233fe2-a01a-4203-8245-620765f1a2e6.png?v=1754060640', 'width': 2048, 'height': 2048}]","[{'name': 'Bag Size', 'position': 1, 'values': ['300g', '1kg', '2.27kg']}, {'name': 'Type', 'position': 2, 'values': ['Whole Bean', 'Medium Filter Grind']}]",https://detourcoffee.com/products/small-talk,,54675647791474.0,14769618747762.0,3.0,2025-08-01T11:03:57-04:00,2025-08-01T11:04:00-04:00,,2048.0,2048.0,https://cdn.shopify.com/s/files/1/1004/9428/files/f8233fe2-a01a-4203-8245-620765f1a2e6.png?v=1754060640,[52535263854962]
56,52535263789426,2.27kg / Whole Bean,2.27kg,Whole Bean,,DCB6015,True,False,,True,150.00,0,173.00,4,14769618747762,2025-08-01T11:03:48-04:00,2026-10-09T07:37:15-04:00,14769618747762,Small Talk,small-talk,2025-08-01T12:45:40-04:00,2025-08-01T11:03:32-04:00,2026-10-09T07:37:15-04:00,Detour Coffee Roasters,COFFEE,"['active', 'blend', 'coffee', 'espresso', 'filter', 'label-Medium', 'single origin']","[{'id': 54675635798386, 'created_at': '2025-08-01T11:03:34-04:00', 'position': 1, 'updated_at': '2025-08-01T11:03:36-04:00', 'product_id': 14769618747762, 'variant_ids': [52535263723890, 52535263756658], 'src': 'https://cdn.shopify.com/s/files/1/1004/9428/files/8a8880fd-d700-4804-9102-6ffe79c4f8e7.png?v=1754060616', 'width': 2048, 'height': 2048}, {'id': 54675643826546, 'created_at': '2025-08-01T11:03:49-04:00', 'position': 2, 'updated_at': '2025-08-01T11:03:51-04:00', 'product_id': 14769618747762, 'variant_ids': [52535263789426], 'src': 'https://cdn.shopify.com/s/files/1/1004/9428/files/ebc7192b-d191-420c-aff7-150038f1d36f.png?v=1754060631', 'width': 2048, 'height': 2048}, {'id': 54675647791474, 'created_at': '2025-08-01T11:03:57-04:00', 'position': 3, 'updated_at': '2025-08-01T11:04:00-04:00', 'product_id': 14769618747762, 'variant_ids': [52535263854962], 'src': 'https://cdn.shopify.com/s/files/1/1004/9428/files/f8233fe2-a01a-4203-8245-620765f1a2e6.png?v=1754060640', 'width': 2048, 'height': 2048}]","[{'name': 'Bag Size', 'position': 1, 'values': ['300g', '1kg', '2.27kg']}, {'name': 'Type', 'position': 2, 'values': ['Whole Bean', 'Medium Filter Grind']}]",https://detourcoffee.com/products/small-talk,,54675643826546.0,14769618747762.0,2.0,2025-08-01T11:03:49-04:00,2025-08-01T11:03:51-04:00,,2048.0,2048.0,https://cdn.shopify.com/s/files/1/1004/9428/files/ebc7192b-d191-420c-aff7-150038f1d36f.png?v=1754060631,[52535263789426]
57,33338489503788,Default Title,Default Title,,,DCB1010,True,False,,True,21.00,300,,1,4893423861804,2020-04-02T16:00:25-04:00,2026-10-09T07:37:15-04:00,4893423861804,Dark Horse - 20 Grand,dark-horse-20-grand,2025-06-11T08:10:20-04:00,2020-04-02T16:00:25-04:00,2026-10-09T07:37:15-04:00,Detour Coffee Roasters,,['Dark Horse'],"[{'id': 54287190983026, 'created_at': '2025-06-24T10:12:25-04:00', 'position': 1, 'updated_at': '2025-06-24T10:12:27-04:00', 'product_id': 4893423861804, 'variant_ids': [], 'src': 'https://cdn.shopify.com/s/files/1/1004/9428/files/DH_CoffeeBag-20G-inverted.png?v=1750774347', 'width': 2048, 'height': 2048}]","[{'name': 'Title', 'position': 1, 'values': ['Default Title']}]",https://detourcoffee.com/products/dark-horse-20-grand,,,,,,,,,,,
58,33338438352940,Default Title,Default Title,,,DCB1003,True,False,,True,21.00,300,,1,4893404397612,2020-04-02T15:57:54-04:00,2026-10-09T07:37:15-04:00,4893404397612,Dark Horse - Northern Dancer,dark-horse-northern-dancer,2025-06-11T08:09:16-04:00,2020-04-02T15:57:54-04:00,2026-10-09T07:37:15-04:00,Detour Coffee Roasters,,['Dark Horse'],"[{'id': 54287232237938, 'created_at': '2025-06-24T10:13:51-04:00', 'position': 1, 'updated_at': '2025-06-24T10:13:52-04:00', 'product_id': 4893404397612, 'variant_ids': [], 'src': 'https://cdn.shopify.com/s/files/1/1004/9428/files/DH_CoffeeBag_ND-Inverted.png?v=1750774432', 'width': 2048, 'height': 2048}]","[{'name': 'Title', 'position': 1, 'values': ['Default Title']}]",https://detourcoffee.com/products/dark-horse-northern-dancer,,,,,,,,,,,
59,40409293914266,300g / Whole Bean,300g,Whole Bean,,DCB1005,True,False,,True,22.50,315,,1,6896586293402,2021-07-22T14:48:03-04:00,2026-10-09T07:37:15-04:00,6896586293402,No Punch Backs Half Caf,no-punch-backs-half-caf-blend,2025-06-10T12:47:03-04:00,2021-07-22T14:47:42-04:00,2026-10-09T07:37:15-04:00,Detour Coffee Roasters,COFFEE,"['active', 'blend', 'coffee', 'colombia', 'espresso', 'filter', 'label-halfcaf']","[{'id': 33633522909338, 'created_at': '2022-04-21T13:12:18-04:00', 'position': 1, 'updated_at': '2022-04-21T13:12:20-04:00', 'product_id': 6896586293402, 'variant_ids': [40409293652122, 40409293914266], 'src': 'https://cdn.shopify.com/s/files/1/1004/9428/products/DT_Coffee_YR_NPB-Retail_aba92e74-e387-43e5-bc75-1707f11f01a2.png?v=1650561140', 'width': 2048, 'height': 2048}, {'id': 35250900762778, 'created_at': '2022-10-14T12:33:40-04:00', 'position': 2, 'updated_at': '2022-10-14T12:33:41-04:00', 'product_id': 6896586293402, 'variant_ids': [40409293160602], 'src': 'https://cdn.shopify.com/s/files/1/1004/9428/products/NEWDT_Coffee_YR_NPB-1kg.png?v=1665765221', 'width': 2048, 'height': 2048}, {'id': 35250900828314, 'created_at': '2022-10-14T12:33:40-04:00', 'position': 3, 'updated_at': '2022-10-14T12:33:41-04:00', 'product_id': 6896586293402, 'variant_ids': [40409293226138], 'src': 'https://cdn.shopify.com/s/files/1/1004/9428/products/NEWDT_Coffee_YR_NPB-bulk.png?v=1665765221', 'width': 2048, 'height': 2048}]","[{'name': 'Bag Size', 'position': 1, 'values': ['300g', '1kg', '2.27kg']}, {'name': 'Type', 'position': 2, 'values': ['Whole Bean', 'Medium Filter Grind']}]",https://detourcoffee.com/products/no-punch-backs-half-caf-blend,,33633522909338.0,6896586293402.0,1.0,2022-04-21T13:12:18-04:00,2022-04-21T13:12:20-04:00,Detour Coffee Half-caf Retail Home Brewing Whole Bean ,2048.0,2048.0,https://cdn.shopify.com/s/files/1/1004/9428/products/DT_Coffee_YR_NPB-Retail_aba92e74-e387-43e5-bc75-1707f11f01a2.png?v=1650561140,"[40409293652122, 40409293914266]"
60,40409293652122,300g / Medium Filter Grind,300g,Medium Filter Grind,,DCG1003,True,False,,True,22.50,315,,2,6896586293402,2021-07-22T14:47:56-04:00,2026-10-09T07:37:15-04:00,6896586293402,No Punch Backs Half Caf,no-punch-backs-half-caf-blend,2025-06-10T12:47:03-04:00,2021-07-22T14:47:42-04:00,2026-10-09T07:37:15-04:00,Detour Coffee Roasters,COFFEE,"['active', 'blend', 'coffee', 'colombia', 'espresso', 'filter', 'label-halfcaf']","[{'id': 33633522909338, 'created_at': '2022-04-21T13:12:18-04:00', 'position': 1, 'updated_at': '2022-04-21T13:12:20-04:00', 'product_id': 6896586293402, 'variant_ids': [40409293652122, 40409293914266], 'src': 'https://cdn.shopify.com/s/files/1/1004/9428/products/DT_Coffee_YR_NPB-Retail_aba92e74-e387-43e5-bc75-1707f11f01a2.png?v=1650561140', 'width': 2048, 'height': 2048}, {'id': 35250900762778, 'created_at': '2022-10-14T12:33:40-04:00', 'position': 2, 'updated_at': '2022-10-14T12:33:41-04:00', 'product_id': 6896586293402, 'variant_ids': [40409293160602], 'src': 'https://cdn.shopify.com/s/files/1/1004/9428/products/NEWDT_Coffee_YR_NPB-1kg.png?v=1665765221', 'width': 2048, 'height': 2048}, {'id': 35250900828314, 'created_at': '2022-10-14T12:33:40-04:00', 'position': 3, 'updated_at': '2022-10-14T12:33:41-04:00', 'product_id': 6896586293402, 'variant_ids': [40409293226138], 'src': 'https://cdn.shopify.com/s/files/1/1004/9428/products/NEWDT_Coffee_YR_NPB-bulk.png?v=1665765221', 'width': 2048, 'height': 2048}]","[{'name': 'Bag Size', 'position': 1, 'values': ['300g', '1kg', '2.27kg']}, {'name': 'Type', 'position': 2, 'values': ['Whole Bean', 'Medium Filter Grind']}]",https://detourcoffee.com/products/no-punch-backs-half-caf-blend,,33633522909338.0,6896586293402.0,1.0,2022-04-21T13:12:18-04:00,2022-04-21T13:12:20-04:00,Detour Coffee Half-caf Retail Home Brewing Whole Bean ,2048.0,2048.0,https://cdn.shopify.com/s/files/1/1004/9428/products/DT_Coffee_YR_NPB-Retail_aba92e74-e387-43e5-bc75-1707f11f01a2.png?v=1650561140,"[40409293652122, 40409293914266]"
61,40409293160602,1kg / Whole Bean,1kg,Whole Bean,,DCB4005,True,False,,True,69.00,1015,75.00,3,6896586293402,2021-07-22T14:47:42-04:00,2026-10-09T07:37:15-04:00,6896586293402,No Punch Backs Half Caf,no-punch-backs-half-caf-blend,2025-06-10T12:47:03-04:00,2021-07-22T14:47:42-04:00,2026-10-09T07:37:15-04:00,Detour Coffee Roasters,COFFEE,"['active', 'blend', 'coffee', 'colombia', 'espresso', 'filter', 'label-halfcaf']","[{'id': 33633522909338, 'created_at': '2022-04-21T13:12:18-04:00', 'position': 1, 'updated_at': '2022-04-21T13:12:20-04:00', 'product_id': 6896586293402, 'variant_ids': [40409293652122, 40409293914266], 'src': 'https://cdn.shopify.com/s/files/1/1004/9428/products/DT_Coffee_YR_NPB-Retail_aba92e74-e387-43e5-bc75-1707f11f01a2.png?v=1650561140', 'width': 2048, 'height': 2048}, {'id': 35250900762778, 'created_at': '2022-10-14T12:33:40-04:00', 'position': 2, 'updated_at': '2022-10-14T12:33:41-04:00', 'product_id': 6896586293402, 'variant_ids': [40409293160602], 'src': 'https://cdn.shopify.com/s/files/1/1004/9428/products/NEWDT_Coffee_YR_NPB-1kg.png?v=1665765221', 'width': 2048, 'height': 2048}, {'id': 35250900828314, 'created_at': '2022-10-14T12:33:40-04:00', 'position': 3, 'updated_at': '2022-10-14T12:33:41-04:00', 'product_id': 6896586293402, 'variant_ids': [40409293226138], 'src': 'https://cdn.shopify.com/s/files/1/1004/9428/products/NEWDT_Coffee_YR_NPB-bulk.png?v=1665765221', 'width': 2048, 'height': 2048}]","[{'name': 'Bag Size', 'position': 1, 'values': ['300g', '1kg', '2.27kg']}, {'name': 'Type', 'position': 2, 'values': ['Whole Bean', 'Medium Filter Grind']}]",https://detourcoffee.com/products/no-punch-backs-half-caf-blend,,35250900762778.0,6896586293402.0,2.0,2022-10-14T12:33:40-04:00,2022-10-14T12:33:41-04:00,Detour Coffee Half-caf Retail Home Brewing Whole Bean  Bulk,2048.0,2048.0,https://cdn.shopify.com/s/files/1/1004/9428/products/NEWDT_Coffee_YR_NPB-1kg.png?v=1665765221,[40409293160602]
62,40409293226138,2.27kg / Whole Bean,2.27kg,Whole Bean,,DCB6005,True,False,,True,150.00,2315,173.00,4,6896586293402,2021-07-22T14:47:48-04:00,2026-10-09T07:37:15-04:00,6896586293402,No Punch Backs Half Caf,no-punch-backs-half-caf-blend,2025-06-10T12:47:03-04:00,2021-07-22T14:47:42-04:00,2026-10-09T07:37:15-04:00,Detour Coffee Roasters,COFFEE,"['active', 'blend', 'coffee', 'colombia', 'espresso', 'filter', 'label-halfcaf']","[{'id': 33633522909338, 'created_at': '2022-04-21T13:12:18-04:00', 'position': 1, 'updated_at': '2022-04-21T13:12:20-04:00', 'product_id': 6896586293402, 'variant_ids': [40409293652122, 40409293914266], 'src': 'https://cdn.shopify.com/s/files/1/1004/9428/products/DT_Coffee_YR_NPB-Retail_aba92e74-e387-43e5-bc75-1707f11f01a2.png?v=1650561140', 'width': 2048, 'height': 2048}, {'id': 35250900762778, 'created_at': '2022-10-14T12:33:40-04:00', 'position': 2, 'updated_at': '2022-10-14T12:33:41-04:00', 'product_id': 6896586293402, 'variant_ids': [40409293160602], 'src': 'https://cdn.shopify.com/s/files/1/1004/9428/products/NEWDT_Coffee_YR_NPB-1kg.png?v=1665765221', 'width': 2048, 'height': 2048}, {'id': 35250900828314, 'created_at': '2022-10-14T12:33:40-04:00', 'position': 3, 'updated_at': '2022-10-14T12:33:41-04:00', 'product_id': 6896586293402, 'variant_ids': [40409293226138], 'src': 'https://cdn.shopify.com/s/files/1/1004/9428/products/NEWDT_Coffee_YR_NPB-bulk.png?v=1665765221', 'width': 2048, 'height': 2048}]","[{'name': 'Bag Size', 'position': 1, 'values': ['300g', '1kg', '2.27kg']}, {'name': 'Type', 'position': 2, 'values': ['Whole Bean', 'Medium Filter Grind']}]",https://detourcoffee.com/products/no-punch-backs-half-caf-blend,,35250900828314.0,6896586293402.0,3.0,2022-10-14T12:33:40-04:00,2022-10-14T12:33:41-04:00,Detour Coffee Half-caf Retail Home Brewing Whole Bean  Bulk,2048.0,2048.0,https://cdn.shopify.com/s/files/1/1004/9428/products/NEWDT_Coffee_YR_NPB-bulk.png?v=1665765221,[40409293226138]
63,39603272384666,300g / Whole Bean,300g,Whole Bean,,DCB1013,True,False,,True,22.50,0,,1,6655269961882,2021-04-09T12:54:50-04:00,2026-10-09T07:37:15-04:00,6655269961882,Colombia Huila Decaf,decaf-huila-colombia,2025-02-10T12:32:26-05:00,2021-04-09T12:54:50-04:00,2026-10-09T07:37:15-04:00,Detour Coffee Roasters,COFFEE,"['active', 'blend', 'coffee', 'colombia', 'espresso', 'filter', 'label-Decaf', 'Mega Fan', 'single origin', 'Single Origin DH']","[{'id': 40619840045210, 'created_at': '2024-08-29T13:53:14-04:00', 'position': 1, 'updated_at': '2024-08-29T13:53:16-04:00', 'product_id': 6655269961882, 'variant_ids': [39603272384666, 39603276054682], 'src': 'https://cdn.shopify.com/s/files/1/1004/9428/files/DT_DECAF_Huila_Colombia_Feb2024_Retail.png?v=1724953996', 'width': 2048, 'height': 2048}, {'id': 40619840372890, 'created_at': '2024-08-29T13:53:14-04:00', 'position': 2, 'updated_at': '2024-08-29T13:53:17-04:00', 'product_id': 6655269961882, 'variant_ids': [39603272614042], 'src': 'https://cdn.shopify.com/s/files/1/1004/9428/files/DT_DECAF_Huila_Colombia_Feb2024_1kg.png?v=1724953997', 'width': 2048, 'height': 2048}, {'id': 40619840340122, 'created_at': '2024-08-29T13:53:14-04:00', 'position': 3, 'updated_at': '2024-08-29T13:53:17-04:00', 'product_id': 6655269961882, 'variant_ids': [39603275235482], 'src': 'https://cdn.shopify.com/s/files/1/1004/9428/files/DT_DECAF_Huila_Colombia_Feb2024_Bulk.png?v=1724953997', 'width': 2048, 'height': 2048}, {'id': 40619950571674, 'created_at': '2024-08-29T14:11:49-04:00', 'position': 4, 'updated_at': '2024-08-29T14:11:50-04:00', 'product_id': 6655269961882, 'variant_ids': [], 'src': 'https://cdn.shopify.com/s/files/1/1004/9428/files/decaf_huila.jpg?v=1724955110', 'width': 2048, 'height': 2048}]","[{'name': 'Bag Size', 'position': 1, 'values': ['300g', '1kg', '2.27kg']}, {'name': 'Type', 'position': 2, 'values': ['Whole Bean', 'Medium Filter Grind']}]",https://detourcoffee.com/products/decaf-huila-colombia,,40619840045210.0,6655269961882.0,1.0,2024-08-29T13:53:14-04:00,2024-08-29T13:53:16-04:00,,2048.0,2048.0,https://cdn.shopify.com/s/files/1/1004/9428/files/DT_DECAF_Huila_Colombia_Feb2024_Retail.png?v=1724953996,"[39603272384666, 39603276054682]"
64,39603272614042,1kg / Whole Bean,1kg,Whole Bean,,DCB4013,True,False,,True,69.00,0,75.00,2,6655269961882,2021-04-09T12:54:55-04:00,2026-10-09T07:37:15-04:00,6655269961882,Colombia Huila Decaf,decaf-huila-colombia,2025-02-10T12:32:26-05:00,2021-04-09T12:54:50-04:00,2026-10-09T07:37:15-04:00,Detour Coffee Roasters,COFFEE,"['active', 'blend', 'coffee', 'colombia', 'espresso', 'filter', 'label-Decaf', 'Mega Fan', 'single origin', 'Single Origin DH']","[{'id': 40619840045210, 'created_at': '2024-08-29T13:53:14-04:00', 'position': 1, 'updated_at': '2024-08-29T13:53:16-04:00', 'product_id': 6655269961882, 'variant_ids': [39603272384666, 39603276054682], 'src': 'https://cdn.shopify.com/s/files/1/1004/9428/files/DT_DECAF_Huila_Colombia_Feb2024_Retail.png?v=1724953996', 'width': 2048, 'height': 2048}, {'id': 40619840372890, 'created_at': '2024-08-29T13:53:14-04:00', 'position': 2, 'updated_at': '2024-08-29T13:53:17-04:00', 'product_id': 6655269961882, 'variant_ids': [39603272614042], 'src': 'https://cdn.shopify.com/s/files/1/1004/9428/files/DT_DECAF_Huila_Colombia_Feb2024_1kg.png?v=1724953997', 'width': 2048, 'height': 2048}, {'id': 40619840340122, 'created_at': '2024-08-29T13:53:14-04:00', 'position': 3, 'updated_at': '2024-08-29T13:53:17-04:00', 'product_id': 6655269961882, 'variant_ids': [39603275235482], 'src': 'https://cdn.shopify.com/s/files/1/1004/9428/files/DT_DECAF_Huila_Colombia_Feb2024_Bulk.png?v=1724953997', 'width': 2048, 'height': 2048}, {'id': 40619950571674, 'created_at': '2024-08-29T14:11:49-04:00', 'position': 4, 'updated_at': '2024-08-29T14:11:50-04:00', 'product_id': 6655269961882, 'variant_ids': [], 'src': 'https://cdn.shopify.com/s/files/1/1004/9428/files/decaf_huila.jpg?v=1724955110', 'width': 2048, 'height': 2048}]","[{'name': 'Bag Size', 'position': 1, 'values': ['300g', '1kg', '2.27kg']}, {'name': 'Type', 'position': 2, 'values': ['Whole Bean', 'Medium Filter Grind']}]",https://detourcoffee.com/products/decaf-huila-colombia,,40619840372890.0,6655269961882.0,2.0,2024-08-29T13:53:14-04:00,2024-08-29T13:53:17-04:00,,2048.0,2048.0,https://cdn.shopify.com/s/files/1/1004/9428/files/DT_DECAF_Huila_Colombia_Feb2024_1kg.png?v=1724953997,[39603272614042]
65,39603275235482,2.27kg / Whole Bean,2.27kg,Whole Bean,,DCB6013,True,False,,True,150.00,0,173.00,3,6655269961882,2021-04-09T12:55:01-04:00,2026-10-09T07:37:15-04:00,6655269961882,Colombia Huila Decaf,decaf-huila-colombia,2025-02-10T12:32:26-05:00,2021-04-09T12:54:50-04:00,2026-10-09T07:37:15-04:00,Detour Coffee Roasters,COFFEE,"['active', 'blend', 'coffee', 'colombia', 'espresso', 'filter', 'label-Decaf', 'Mega Fan', 'single origin', 'Single Origin DH']","[{'id': 40619840045210, 'created_at': '2024-08-29T13:53:14-04:00', 'position': 1, 'updated_at': '2024-08-29T13:53:16-04:00', 'product_id': 6655269961882, 'variant_ids': [39603272384666, 39603276054682], 'src': 'https://cdn.shopify.com/s/files/1/1004/9428/files/DT_DECAF_Huila_Colombia_Feb2024_Retail.png?v=1724953996', 'width': 2048, 'height': 2048}, {'id': 40619840372890, 'created_at': '2024-08-29T13:53:14-04:00', 'position': 2, 'updated_at': '2024-08-29T13:53:17-04:00', 'product_id': 6655269961882, 'variant_ids': [39603272614042], 'src': 'https://cdn.shopify.com/s/files/1/1004/9428/files/DT_DECAF_Huila_Colombia_Feb2024_1kg.png?v=1724953997', 'width': 2048, 'height': 2048}, {'id': 40619840340122, 'created_at': '2024-08-29T13:53:14-04:00', 'position': 3, 'updated_at': '2024-08-29T13:53:17-04:00', 'product_id': 6655269961882, 'variant_ids': [39603275235482], 'src': 'https://cdn.shopify.com/s/files/1/1004/9428/files/DT_DECAF_Huila_Colombia_Feb2024_Bulk.png?v=1724953997', 'width': 2048, 'height': 2048}, {'id': 40619950571674, 'created_at': '2024-08-29T14:11:49-04:00', 'position': 4, 'updated_at': '2024-08-29T14:11:50-04:00', 'product_id': 6655269961882, 'variant_ids': [], 'src': 'https://cdn.shopify.com/s/files/1/1004/9428/files/decaf_huila.jpg?v=1724955110', 'width': 2048, 'height': 2048}]","[{'name': 'Bag Size', 'position': 1, 'values': ['300g', '1kg', '2.27kg']}, {'name': 'Type', 'position': 2, 'values': ['Whole Bean', 'Medium Filter Grind']}]",https://detourcoffee.com/products/decaf-huila-colombia,,40619840340122.0,6655269961882.0,3.0,2024-08-29T13:53:14-04:00,2024-08-29T13:53:17-04:00,,2048.0,2048.0,https://cdn.shopify.com/s/files/1/1004/9428/files/DT_DECAF_Huila_Colombia_Feb2024_Bulk.png?v=1724953997,[39603275235482]
66,39603276054682,300g / Medium Filter Grind,300g,Medium Filter Grind,,DCG1007,True,False,,True,22.50,0,,4,6655269961882,2021-04-09T12:55:06-04:00,2026-10-09T07:37:15-04:00,6655269961882,Colombia Huila Decaf,decaf-huila-colombia,2025-02-10T12:32:26-05:00,2021-04-09T12:54:50-04:00,2026-10-09T07:37:15-04:00,Detour Coffee Roasters,COFFEE,"['active', 'blend', 'coffee', 'colombia', 'espresso', 'filter', 'label-Decaf', 'Mega Fan', 'single origin', 'Single Origin DH']","[{'id': 40619840045210, 'created_at': '2024-08-29T13:53:14-04:00', 'position': 1, 'updated_at': '2024-08-29T13:53:16-04:00', 'product_id': 6655269961882, 'variant_ids': [39603272384666, 39603276054682], 'src': 'https://cdn.shopify.com/s/files/1/1004/9428/files/DT_DECAF_Huila_Colombia_Feb2024_Retail.png?v=1724953996', 'width': 2048, 'height': 2048}, {'id': 40619840372890, 'created_at': '2024-08-29T13:53:14-04:00', 'position': 2, 'updated_at': '2024-08-29T13:53:17-04:00', 'product_id': 6655269961882, 'variant_ids': [39603272614042], 'src': 'https://cdn.shopify.com/s/files/1/1004/9428/files/DT_DECAF_Huila_Colombia_Feb2024_1kg.png?v=1724953997', 'width': 2048, 'height': 2048}, {'id': 40619840340122, 'created_at': '2024-08-29T13:53:14-04:00', 'position': 3, 'updated_at': '2024-08-29T13:53:17-04:00', 'product_id': 6655269961882, 'variant_ids': [39603275235482], 'src': 'https://cdn.shopify.com/s/files/1/1004/9428/files/DT_DECAF_Huila_Colombia_Feb2024_Bulk.png?v=1724953997', 'width': 2048, 'height': 2048}, {'id': 40619950571674, 'created_at': '2024-08-29T14:11:49-04:00', 'position': 4, 'updated_at': '2024-08-29T14:11:50-04:00', 'product_id': 6655269961882, 'variant_ids': [], 'src': 'https://cdn.shopify.com/s/files/1/1004/9428/files/decaf_huila.jpg?v=1724955110', 'width': 2048, 'height': 2048}]","[{'name': 'Bag Size', 'position': 1, 'values': ['300g', '1kg', '2.27kg']}, {'name': 'Type', 'position': 2, 'values': ['Whole Bean', 'Medium Filter Grind']}]",https://detourcoffee.com/products/decaf-huila-colombia,,40619840045210.0,6655269961882.0,1.0,2024-08-29T13:53:14-04:00,2024-08-29T13:53:16-04:00,,2048.0,2048.0,https://cdn.shopify.com/s/files/1/1004/9428/files/DT_DECAF_Huila_Colombia_Feb2024_Retail.png?v=1724953996,"[39603272384666, 39603276054682]"
67,43982741602458,Default Title,Default Title,,,DCA3001,True,True,,False,33.50,0,33.50,1,7940333109402,2023-10-11T11:25:06-04:00,2026-10-09T07:37:15-04:00,7940333109402,Army Bucket Hat,army-bucket-hat,2023-10-12T16:02:08-04:00,2023-10-11T11:25:05-04:00,2026-10-09T07:37:15-04:00,Detour Coffee Roasters,MERCHANDISE,['holidayhats'],"[{'id': 37936076718234, 'created_at': '2023-10-11T11:25:10-04:00', 'position': 1, 'updated_at': '2023-10-11T11:25:10-04:00', 'product_id': 7940333109402, 'variant_ids': [43982741602458], 'src': 'https://cdn.shopify.com/s/files/1/1004/9428/files/bucket-hat-bucket.png?v=1697037910', 'width': 6000, 'height': 4000}, {'id': 37936076980378, 'created_at': '2023-10-11T11:25:14-04:00', 'position': 2, 'updated_at': '2023-10-11T11:25:14-04:00', 'product_id': 7940333109402, 'variant_ids': [], 'src': 'https://cdn.shopify.com/s/files/1/1004/9428/files/bucket-hat-green-back.png?v=1697037914', 'width': 6000, 'height': 4000}]","[{'name': 'Title', 'position': 1, 'values': ['Default Title']}]",https://detourcoffee.com/products/army-bucket-hat,,37936076718234.0,7940333109402.0,1.0,2023-10-11T11:25:10-04:00,2023-10-11T11:25:10-04:00,,6000.0,4000.0,https://cdn.shopify.com/s/files/1/1004/9428/files/bucket-hat-bucket.png?v=1697037910,[43982741602458]
68,43982667677850,Default Title,Default Title,,,DCA3002,True,True,,False,49.00,0,49.00,1,7940289593498,2023-10-11T11:01:10-04:00,2026-10-09T07:37:15-04:00,7940289593498,Detour Pennant Brown,detour-pennant-brown,2023-10-12T16:02:06-04:00,2023-10-11T11:01:10-04:00,2026-10-09T07:37:15-04:00,Detour Coffee Roasters,MERCHANDISE,['Mega Fan'],"[{'id': 37935942434970, 'created_at': '2023-10-11T11:01:12-04:00', 'position': 1, 'updated_at': '2023-10-11T11:01:12-04:00', 'product_id': 7940289593498, 'variant_ids': [43982667677850], 'src': 'https://cdn.shopify.com/s/files/1/1004/9428/files/merch-pennants_brown.png?v=1697036472', 'width': 1280, 'height': 1280}]","[{'name': 'Title', 'position': 1, 'values': ['Default Title']}]",https://detourcoffee.com/products/detour-pennant-brown,,37935942434970.0,7940289593498.0,1.0,2023-10-11T11:01:12-04:00,2023-10-11T11:01:12-04:00,,1280.0,1280.0,https://cdn.shopify.com/s/files/1/1004/9428/files/merch-pennants_brown.png?v=1697036472,[43982667677850]
69,41636500045978,Default Title,Default Title,,,DCA2005,True,True,,False,11.00,0,,1,7245987250330,2022-02-11T15:35:49-05:00,2026-10-09T07:37:15-04:00,7245987250330,Hario V60 White Plastic Dripper - 02,hario-v60-white-plastic-dripper-02,2022-02-11T15:43:28-05:00,2022-02-11T15:35:49-05:00,2026-10-09T07:37:15-04:00,Detour Coffee Roasters,EQUIPMENT,['Gear'],"[{'id': 33139221856410, 'created_at': '2022-02-17T13:47:50-05:00', 'position': 1, 'updated_at': '2022-02-17T13:47:52-05:00', 'product_id': 7245987250330, 'variant_ids': [], 'src': 'https://cdn.shopify.com/s/files/1/1004/9428/products/Gear-HarioV60WhitePlastic.png?v=1645123672', 'width': 2048, 'height': 2048}]","[{'name': 'Title', 'position': 1, 'values': ['Default Title']}]",https://detourcoffee.com/products/hario-v60-white-plastic-dripper-02,,,,,,,,,,,
70,34136159191084,Default Title,Default Title,,,DCA2002,True,True,,False,32.00,0,,1,5225780576300,2020-05-14T13:16:29-04:00,2026-10-09T07:37:15-04:00,5225780576300,Hario Craft Coffee Maker (Pourover Kit),hario-craft-coffee-maker-pourover-kit,2022-02-11T15:42:42-05:00,2020-05-14T13:16:29-04:00,2026-10-09T07:37:15-04:00,Detour Coffee Roasters,EQUIPMENT,['Gear'],"[{'id': 33139224051866, 'created_at': '2022-02-17T13:48:29-05:00', 'position': 1, 'updated_at': '2022-02-17T13:48:31-05:00', 'product_id': 5225780576300, 'variant_ids': [], 'src': 'https://cdn.shopify.com/s/files/1/1004/9428/products/Gear-HarioCraftCoffeeMaker.png?v=1645123711', 'width': 2048, 'height': 2048}, {'id': 35688762605722, 'created_at': '2022-11-30T20:29:08-05:00', 'position': 2, 'updated_at': '2022-11-30T20:29:09-05:00', 'product_id': 5225780576300, 'variant_ids': [], 'src': 'https://cdn.shopify.com/s/files/1/1004/9428/products/DetourCoffeeGiftGuide2022HarioPouroverKitOldSchoolMug.png?v=1669858149', 'width': 1080, 'height': 1080}]","[{'name': 'Title', 'position': 1, 'values': ['Default Title']}]",https://detourcoffee.com/products/hario-craft-coffee-maker-pourover-kit,,,,,,,,,,,
71,17275105669,CA$25.00,CA$25.00,,,DCA0025,False,False,,True,25.00,0,,1,5495776261,2016-04-18T18:02:08-04:00,2026-10-09T07:37:15-04:00,5495776261,Digital Gift Card (Online Use Only),coffee-gift-card,2022-01-31T14:24:52-05:00,2016-04-18T18:02:08-04:00,2026-10-09T07:37:15-04:00,Detour Coffee Roasters,COFFEE,"['accessories', 'apparel', 'brewer', 'coffee', 'coffeefilters', 'cups', 'gift', 'gift sets', 'grinder', 'kettles', 'lastmingift', 'mugs']","[{'id': 32971026956442, 'created_at': '2022-01-31T14:22:11-05:00', 'position': 1, 'updated_at': '2022-01-31T14:22:12-05:00', 'product_id': 5495776261, 'variant_ids': [], 'src': 'https://cdn.shopify.com/s/files/1/1004/9428/products/DT-GiftCard-Online.png?v=1643656932', 'width': 1080, 'height': 1080}]","[{'name': 'Title', 'position': 1, 'values': ['CA$25.00', 'CA$50.00', 'CA$75.00', 'CA$100.00', 'CA$150.00', 'CA$250.00']}]",https://detourcoffee.com/products/coffee-gift-card,,,,,,,,,,,
72,17275105733,CA$50.00,CA$50.00,,,DCA0050,False,False,,True,50.00,0,,2,5495776261,2016-04-18T18:02:08-04:00,2026-10-09T07:37:15-04:00,5495776261,Digital Gift Card (Online Use Only),coffee-gift-card,2022-01-31T14:24:52-05:00,2016-04-18T18:02:08-04:00,2026-10-09T07:37:15-04:00,Detour Coffee Roasters,COFFEE,"['accessories', 'apparel', 'brewer', 'coffee', 'coffeefilters', 'cups', 'gift', 'gift sets', 'grinder', 'kettles', 'lastmingift', 'mugs']","[{'id': 32971026956442, 'created_at': '2022-01-31T14:22:11-05:00', 'position': 1, 'updated_at': '2022-01-31T14:22:12-05:00', 'product_id': 5495776261, 'variant_ids': [], 'src': 'https://cdn.shopify.com/s/files/1/1004/9428/products/DT-GiftCard-Online.png?v=1643656932', 'width': 1080, 'height': 1080}]","[{'name': 'Title', 'position': 1, 'values': ['CA$25.00', 'CA$50.00', 'CA$75.00', 'CA$100.00', 'CA$150.00', 'CA$250.00']}]",https://detourcoffee.com/products/coffee-gift-card,,,,,,,,,,,
73,44070310510746,CA$75.00,CA$75.00,,,DCA0075,False,False,,True,75.00,0,,3,5495776261,2023-11-03T13:19:58-04:00,2026-10-09T07:37:15-04:00,5495776261,Digital Gift Card (Online Use Only),coffee-gift-card,2022-01-31T14:24:52-05:00,2016-04-18T18:02:08-04:00,2026-10-09T07:37:15-04:00,Detour Coffee Roasters,COFFEE,"['accessories', 'apparel', 'brewer', 'coffee', 'coffeefilters', 'cups', 'gift', 'gift sets', 'grinder', 'kettles', 'lastmingift', 'mugs']","[{'id': 32971026956442, 'created_at': '2022-01-31T14:22:11-05:00', 'position': 1, 'updated_at': '2022-01-31T14:22:12-05:00', 'product_id': 5495776261, 'variant_ids': [], 'src': 'https://cdn.shopify.com/s/files/1/1004/9428/products/DT-GiftCard-Online.png?v=1643656932', 'width': 1080, 'height': 1080}]","[{'name': 'Title', 'position': 1, 'values': ['CA$25.00', 'CA$50.00', 'CA$75.00', 'CA$100.00', 'CA$150.00', 'CA$250.00']}]",https://detourcoffee.com/products/coffee-gift-card,,,,,,,,,,,
74,17275105797,CA$100.00,CA$100.00,,,DCA0100,False,False,,True,100.00,0,,4,5495776261,2016-04-18T18:02:08-04:00,2026-10-09T07:37:15-04:00,5495776261,Digital Gift Card (Online Use Only),coffee-gift-card,2022-01-31T14:24:52-05:00,2016-04-18T18:02:08-04:00,2026-10-09T07:37:15-04:00,Detour Coffee Roasters,COFFEE,"['accessories', 'apparel', 'brewer', 'coffee', 'coffeefilters', 'cups', 'gift', 'gift sets', 'grinder', 'kettles', 'lastmingift', 'mugs']","[{'id': 32971026956442, 'created_at': '2022-01-31T14:22:11-05:00', 'position': 1, 'updated_at': '2022-01-31T14:22:12-05:00', 'product_id': 5495776261, 'variant_ids': [], 'src': 'https://cdn.shopify.com/s/files/1/1004/9428/products/DT-GiftCard-Online.png?v=1643656932', 'width': 1080, 'height': 1080}]","[{'name': 'Title', 'position': 1, 'values': ['CA$25.00', 'CA$50.00', 'CA$75.00', 'CA$100.00', 'CA$150.00', 'CA$250.00']}]",https://detourcoffee.com/products/coffee-gift-card,,,,,,,,,,,
75,44070310543514,CA$150.00,CA$150.00,,,DCA0150,False,False,,True,150.00,0,,5,5495776261,2023-11-03T13:19:58-04:00,2026-10-09T07:37:15-04:00,5495776261,Digital Gift Card (Online Use Only),coffee-gift-card,2022-01-31T14:24:52-05:00,2016-04-18T18:02:08-04:00,2026-10-09T07:37:15-04:00,Detour Coffee Roasters,COFFEE,"['accessories', 'apparel', 'brewer', 'coffee', 'coffeefilters', 'cups', 'gift', 'gift sets', 'grinder', 'kettles', 'lastmingift', 'mugs']","[{'id': 32971026956442, 'created_at': '2022-01-31T14:22:11-05:00', 'position': 1, 'updated_at': '2022-01-31T14:22:12-05:00', 'product_id': 5495776261, 'variant_ids': [], 'src': 'https://cdn.shopify.com/s/files/1/1004/9428/products/DT-GiftCard-Online.png?v=1643656932', 'width': 1080, 'height': 1080}]","[{'name': 'Title', 'position': 1, 'values': ['CA$25.00', 'CA$50.00', 'CA$75.00', 'CA$100.00', 'CA$150.00', 'CA$250.00']}]",https://detourcoffee.com/products/coffee-gift-card,,,,,,,,,,,
76,22963348805,CA$250.00,CA$250.00,,,DCA0250,False,False,,True,250.00,0,,6,5495776261,2016-11-29T10:17:25-05:00,2026-10-09T07:37:15-04:00,5495776261,Digital Gift Card (Online Use Only),coffee-gift-card,2022-01-31T14:24:52-05:00,2016-04-18T18:02:08-04:00,2026-10-09T07:37:15-04:00,Detour Coffee Roasters,COFFEE,"['accessories', 'apparel', 'brewer', 'coffee', 'coffeefilters', 'cups', 'gift', 'gift sets', 'grinder', 'kettles', 'lastmingift', 'mugs']","[{'id': 32971026956442, 'created_at': '2022-01-31T14:22:11-05:00', 'position': 1, 'updated_at': '2022-01-31T14:22:12-05:00', 'product_id': 5495776261, 'variant_ids': [], 'src': 'https://cdn.shopify.com/s/files/1/1004/9428/products/DT-GiftCard-Online.png?v=1643656932', 'width': 1080, 'height': 1080}]","[{'name': 'Title', 'position': 1, 'values': ['CA$25.00', 'CA$50.00', 'CA$75.00', 'CA$100.00', 'CA$150.00', 'CA$250.00']}]",https://detourcoffee.com/products/coffee-gift-card,,,,,,,,,,,
77,39290874790042,Default Title,Default Title,,,DCA2009,True,True,,False,15.50,0,,1,6549225078938,2021-03-01T14:59:22-05:00,2026-10-09T07:37:15-04:00,6549225078938,Chemex Unbleached Filter Squares - 100pk,chemex-unbleached-filter-squares-100pk,2021-12-10T17:16:13-05:00,2021-03-01T14:59:22-05:00,2026-10-09T07:37:15-04:00,Detour Coffee Roasters,EQUIPMENT,"['chemex', 'coffee filters', 'coffeefilters', 'gear']","[{'id': 32867007594650, 'created_at': '2022-01-19T20:55:57-05:00', 'position': 1, 'updated_at': '2022-01-19T20:55:58-05:00', 'product_id': 6549225078938, 'variant_ids': [], 'src': 'https://cdn.shopify.com/s/files/1/1004/9428/products/Gear-Chemex_UnbleachedFilter.png?v=1642643758', 'width': 2048, 'height': 2048}]","[{'name': 'Title', 'position': 1, 'values': ['Default Title']}]",https://detourcoffee.com/products/chemex-unbleached-filter-squares-100pk,,,,,,,,,,,
78,39290354630810,Default Title,Default Title,,,DCA2008,True,True,,False,15.50,0,,1,6549042593946,2021-03-01T13:13:07-05:00,2026-10-09T07:37:15-04:00,6549042593946,Chemex Bonded Filter Squares - 100pk,chemex-bonded-filter-squares-100pk,2021-12-10T17:16:12-05:00,2021-03-01T13:13:07-05:00,2026-10-09T07:37:15-04:00,Detour Coffee Roasters,EQUIPMENT,['Gear'],"[{'id': 32866976039066, 'created_at': '2022-01-19T20:47:50-05:00', 'position': 1, 'updated_at': '2022-01-19T20:48:01-05:00', 'product_id': 6549042593946, 'variant_ids': [], 'src': 'https://cdn.shopify.com/s/files/1/1004/9428/products/Gear-Chemex_BondedFilter-100pk.png?v=1642643281', 'width': 2048, 'height': 2048}]","[{'name': 'Title', 'position': 1, 'values': ['Default Title']}]",https://detourcoffee.com/products/chemex-bonded-filter-squares-100pk,,,,,,,,,,,
79,17187798021,Default Title,Default Title,,,DCA2010,True,True,,True,71.50,840,,1,5467414341,2016-04-14T11:08:38-04:00,2026-10-09T07:37:15-04:00,5467414341,Chemex with Wood Handle - 8 Cup,chemex-with-wood-handle-8-cup,2021-12-10T17:16:09-05:00,2016-04-14T11:08:37-04:00,2026-10-09T07:37:15-04:00,Detour Coffee Roasters,EQUIPMENT,['Gear'],"[{'id': 32866989473946, 'created_at': '2022-01-19T20:51:00-05:00', 'position': 1, 'updated_at': '2022-01-19T20:51:14-05:00', 'product_id': 5467414341, 'variant_ids': [], 'src': 'https://cdn.shopify.com/s/files/1/1004/9428/products/Gear-ChemexwithWoodHandle-8Cup.png?v=1642643474', 'width': 2048, 'height': 2048}, {'id': 17176797125, 'created_at': '2016-12-07T13:25:36-05:00', 'position': 2, 'updated_at': '2022-01-19T20:51:14-05:00', 'product_id': 5467414341, 'variant_ids': [], 'src': 'https://cdn.shopify.com/s/files/1/1004/9428/products/DETOUR---Kitchen-shoot-Nov-12-1.jpg?v=1642643474', 'width': 1333, 'height': 2000}, {'id': 17176797701, 'created_at': '2016-12-07T13:25:41-05:00', 'position': 3, 'updated_at': '2022-01-19T20:51:14-05:00', 'product_id': 5467414341, 'variant_ids': [], 'src': 'https://cdn.shopify.com/s/files/1/1004/9428/products/DETOUR---Kitchen-shoot-Nov-12-2.jpg?v=1642643474', 'width': 1333, 'height': 2000}, {'id': 16844179973, 'created_at': '2016-11-11T14:01:09-05:00', 'position': 4, 'updated_at': '2022-01-19T20:51:14-05:00', 'product_id': 5467414341, 'variant_ids': [], 'src': 'https://cdn.shopify.com/s/files/1/1004/9428/products/Colombia_Chemex_beans_table-1_310aae26-d95a-42b2-9bc7-07482fe4caf6.jpg?v=1642643474', 'width': 2048, 'height': 1152}]","[{'name': 'Title', 'position': 1, 'values': ['Default Title']}]",https://detourcoffee.com/products/chemex-with-wood-handle-8-cup,,,,,,,,,,,
80,17187796421,Default Title,Default Title,,,DCA4005,True,True,,False,43.00,430,,1,5467412997,2016-04-14T11:08:22-04:00,2026-10-09T07:37:15-04:00,5467412997,Urnex Grindz Cleaner - 430g,urnex-grindz-cleaner-430g,2021-12-07T13:24:12-05:00,2016-04-14T11:08:22-04:00,2026-10-09T07:37:15-04:00,Detour Coffee Roasters,EQUIPMENT,['accessories'],"[{'id': 32867603251354, 'created_at': '2022-01-19T22:40:37-05:00', 'position': 1, 'updated_at': '2022-01-19T22:40:39-05:00', 'product_id': 5467412997, 'variant_ids': [], 'src': 'https://cdn.shopify.com/s/files/1/1004/9428/products/Gear-Urnex_GrindzCleaner.png?v=1642650039', 'width': 2048, 'height': 2048}]","[{'name': 'Title', 'position': 1, 'values': ['Default Title']}]",https://detourcoffee.com/products/urnex-grindz-cleaner-430g,,,,,,,,,,,
81,40472620859546,Default Title,Default Title,,,DCP1003,True,False,,True,67.00,0,73.00,1,6912868221082,2021-07-29T13:21:40-04:00,2026-10-09T07:37:15-04:00,6912868221082,Espresso Tasting Pack,espresso-tasting-pack,2021-07-29T14:27:36-04:00,2021-07-29T13:21:40-04:00,2026-10-09T07:37:15-04:00,Detour Coffee Roasters,COFFEE,"['active', 'BestSellersGG', 'blend', 'coffee', 'espresso', 'gift sets', 'single origin']","[{'id': 35231073796250, 'created_at': '2022-10-12T10:44:16-04:00', 'position': 1, 'updated_at': '2022-10-12T10:44:17-04:00', 'product_id': 6912868221082, 'variant_ids': [], 'src': 'https://cdn.shopify.com/s/files/1/1004/9428/products/Coffee_Pack_Espresso.png?v=1665585857', 'width': 1080, 'height': 1080}, {'id': 53171930169714, 'created_at': '2024-12-19T11:56:46-05:00', 'position': 2, 'updated_at': '2024-12-19T12:00:12-05:00', 'product_id': 6912868221082, 'variant_ids': [], 'src': 'https://cdn.shopify.com/s/files/1/1004/9428/files/TP-EspressoPack-Square.jpg?v=1734627612', 'width': 3024, 'height': 3024}, {'id': 39802159890586, 'created_at': '2024-05-29T10:15:04-04:00', 'position': 3, 'updated_at': '2024-12-19T12:00:12-05:00', 'product_id': 6912868221082, 'variant_ids': [], 'src': 'https://cdn.shopify.com/s/files/1/1004/9428/files/Espresso_Tasting_Pack_Square.jpg?v=1734627612', 'width': 3173, 'height': 3173}]","[{'name': 'Title', 'position': 1, 'values': ['Default Title']}]",https://detourcoffee.com/products/espresso-tasting-pack,,,,,,,,,,,
0,62878426398879,Default Title,Default Title,,,,True,True,,True,35.00,300,,1,10938538066079,2026-09-30T18:37:24-04:00,2026-10-09T07:37:16-04:00,10938538066079,Sudan Rume - Colombia,sudan-rume-colombia,2026-10-01T10:37:12-04:00,2026-09-30T18:37:24-04:00,2026-10-09T07:37:16-04:00,The Angry Roaster Coffee Co.,Coffee,"['coffee', 'COLOMBIA', 'roast']","[{'id': 64686677360799, 'created_at': '2026-09-30T18:35:01-04:00', 'position': 1, 'updated_at': '2026-09-30T18:35:03-04:00', 'product_id': 10938538066079, 'variant_ids': [], 'src': 'https://cdn.shopify.com/s/files/1/0483/9115/9967/files/frontsudan.png?v=1790807703', 'width': 1024, 'height': 1004}, {'id': 64686677393567, 'created_at': '2026-09-30T18:35:01-04:00', 'position': 2, 'updated_at': '2026-09-30T18:35:03-04:00', 'product_id': 10938538066079, 'variant_ids': [], 'src': 'https://cdn.shopify.com/s/files/1/0483/9115/9967/files/back_6a81b347-08c7-4c7c-835a-4fbc3e9e30fb.png?v=1790807703', 'width': 1024, 'height': 1004}]","[{'name': 'Title', 'position': 1, 'values': ['Default Title']}]",https://theangryroaster.com/products/sudan-rume-colombia,,,,,,,,,,,
1,62454832332959,250g,250g,,,550,True,False,,True,23.00,250,,1,10853995020447,2025-08-18T16:08:39-04:00,2026-10-09T07:37:16-04:00,10853995020447,Colombia - Pelaez - Catiope,colombia-pelaez-catiope,2026-09-21T13:04:08-04:00,2025-08-18T15:40:46-04:00,2026-10-09T07:37:16-04:00,The Angry Roaster Coffee Co.,Coffee,"['coffee', 'fair trade', 'roast', 'specialty']","[{'id': 64673141555359, 'created_at': '2026-09-21T13:03:29-04:00', 'position': 1, 'updated_at': '2026-09-21T13:03:31-04:00', 'product_id': 10853995020447, 'variant_ids': [62454832332959], 'src': 'https://cdn.shopify.com/s/files/1/0483/9115/9967/files/front_ceb110b8-56c6-4e90-b018-0ed1b0884ec1.png?v=1790010211', 'width': 1024, 'height': 1004}, {'id': 64673141588127, 'created_at': '2026-09-21T13:03:30-04:00', 'position': 2, 'updated_at': '2026-09-21T13:03:31-04:00', 'product_id': 10853995020447, 'variant_ids': [], 'src': 'https://cdn.shopify.com/s/files/1/0483/9115/9967/files/250203_TARCC_UNIVERSAL_mockup_5f80f90d-9388-4884-98f3-c4ce94b765fd.png?v=1790010211', 'width': 1024, 'height': 1004}, {'id': 63529136062623, 'created_at': '2025-08-21T15:46:35-04:00', 'position': 3, 'updated_at': '2025-08-21T15:47:37-04:00', 'product_id': 10853995020447, 'variant_ids': [62454832365727], 'src': 'https://cdn.shopify.com/s/files/1/0483/9115/9967/files/250820_Pelaez_2kg.png?v=1755805657', 'width': 2560, 'height': 2510}, {'id': 63529135308959, 'created_at': '2025-08-21T15:46:25-04:00', 'position': 4, 'updated_at': '2025-08-21T15:47:37-04:00', 'product_id': 10853995020447, 'variant_ids': [], 'src': 'https://cdn.shopify.com/s/files/1/0483/9115/9967/files/LABEL_Pelaez.png?v=1755805657', 'width': 1000, 'height': 981}, {'id': 63529135276191, 'created_at': '2025-08-21T15:46:25-04:00', 'position': 5, 'updated_at': '2025-08-21T15:47:37-04:00', 'product_id': 10853995020447, 'variant_ids': [], 'src': 'https://cdn.shopify.com/s/files/1/0483/9115/9967/files/Method_Pelaez.png?v=1755805657', 'width': 1024, 'height': 1004}]","[{'name': 'Size', 'position': 1, 'values': ['250g', '2kg']}]",https://theangryroaster.com/products/colombia-pelaez-catiope,,64673141555359.0,10853995020447.0,1.0,2026-09-21T13:03:29-04:00,2026-09-21T13:03:31-04:00,,1024.0,1004.0,https://cdn.shopify.com/s/files/1/0483/9115/9967/files/front_ceb110b8-56c6-4e90-b018-0ed1b0884ec1.png?v=1790010211,[62454832332959]
2,62454832365727,2kg,2kg,,,151,True,False,,True,150.00,2000,,2,10853995020447,2025-08-18T16:08:39-04:00,2026-10-09T07:37:16-04:00,10853995020447,Colombia - Pelaez - Catiope,colombia-pelaez-catiope,2026-09-21T13:04:08-04:00,2025-08-18T15:40:46-04:00,2026-10-09T07:37:16-04:00,The Angry Roaster Coffee Co.,Coffee,"['coffee', 'fair trade', 'roast', 'specialty']","[{'id': 64673141555359, 'created_at': '2026-09-21T13:03:29-04:00', 'position': 1, 'updated_at': '2026-09-21T13:03:31-04:00', 'product_id': 10853995020447, 'variant_ids': [62454832332959], 'src': 'https://cdn.shopify.com/s/files/1/0483/9115/9967/files/front_ceb110b8-56c6-4e90-b018-0ed1b0884ec1.png?v=1790010211', 'width': 1024, 'height': 1004}, {'id': 64673141588127, 'created_at': '2026-09-21T13:03:30-04:00', 'position': 2, 'updated_at': '2026-09-21T13:03:31-04:00', 'product_id': 10853995020447, 'variant_ids': [], 'src': 'https://cdn.shopify.com/s/files/1/0483/9115/9967/files/250203_TARCC_UNIVERSAL_mockup_5f80f90d-9388-4884-98f3-c4ce94b765fd.png?v=1790010211', 'width': 1024, 'height': 1004}, {'id': 63529136062623, 'created_at': '2025-08-21T15:46:35-04:00', 'position': 3, 'updated_at': '2025-08-21T15:47:37-04:00', 'product_id': 10853995020447, 'variant_ids': [62454832365727], 'src': 'https://cdn.shopify.com/s/files/1/0483/9115/9967/files/250820_Pelaez_2kg.png?v=1755805657', 'width': 2560, 'height': 2510}, {'id': 63529135308959, 'created_at': '2025-08-21T15:46:25-04:00', 'position': 4, 'updated_at': '2025-08-21T15:47:37-04:00', 'product_id': 10853995020447, 'variant_ids': [], 'src': 'https://cdn.shopify.com/s/files/1/0483/9115/9967/files/LABEL_Pelaez.png?v=1755805657', 'width': 1000, 'height': 981}, {'id': 63529135276191, 'created_at': '2025-08-21T15:46:25-04:00', 'position': 5, 'updated_at': '2025-08-21T15:47:37-04:00', 'product_id': 10853995020447, 'variant_ids': [], 'src': 'https://cdn.shopify.com/s/files/1/0483/9115/9967/files/Method_Pelaez.png?v=1755805657', 'width': 1024, 'height': 1004}]","[{'name': 'Size', 'position': 1, 'values': ['250g', '2kg']}]",https://theangryroaster.com/products/colombia-pelaez-catiope,,63529136062623.0,10853995020447.0,3.0,2025-08-21T15:46:35-04:00,2025-08-21T15:47:37-04:00,,2560.0,2510.0,https://cdn.shopify.com/s/files/1/0483/9115/9967/files/250820_Pelaez_2kg.png?v=1755805657,[62454832365727]
3,62851398500511,250g,250g,,,kenya-250g,True,True,,True,24.00,350,,1,10930156798111,2026-08-17T17:58:02-04:00,2026-10-09T07:37:16-04:00,10930156798111,Kenya - Malaki Estate,kenya-malaki-estate,2026-08-18T09:43:24-04:00,2026-08-17T17:58:02-04:00,2026-10-09T07:37:16-04:00,The Angry Roaster Coffee Co.,Coffee,"['coffee', 'fair trade', 'roast', 'specialty']","[{'id': 64624055484575, 'created_at': '2026-08-17T17:51:43-04:00', 'position': 1, 'updated_at': '2026-08-17T17:51:44-04:00', 'product_id': 10930156798111, 'variant_ids': [62851398500511], 'src': 'https://cdn.shopify.com/s/files/1/0483/9115/9967/files/03082026KENYA_mockup_2.png?v=1787003504', 'width': 1024, 'height': 1004}, {'id': 64624055517343, 'created_at': '2026-08-17T17:51:43-04:00', 'position': 2, 'updated_at': '2026-08-17T17:51:44-04:00', 'product_id': 10930156798111, 'variant_ids': [], 'src': 'https://cdn.shopify.com/s/files/1/0483/9115/9967/files/250203_BACK_TARCC_UNIVERSAL_mockup.png?v=1787003504', 'width': 1024, 'height': 1004}, {'id': 64624058630303, 'created_at': '2026-08-17T17:55:21-04:00', 'position': 3, 'updated_at': '2026-08-17T17:55:22-04:00', 'product_id': 10930156798111, 'variant_ids': [62851398533279], 'src': 'https://cdn.shopify.com/s/files/1/0483/9115/9967/files/250203_TARCC_UNIVERSAL_2kg_mockup_cef915a6-3155-4fc1-9d24-24eade6ee5cb.png?v=1787003722', 'width': 1024, 'height': 1004}]","[{'name': 'Size', 'position': 1, 'values': ['250g', '2kg']}]",https://theangryroaster.com/products/kenya-malaki-estate,,64624055484575.0,10930156798111.0,1.0,2026-08-17T17:51:43-04:00,2026-08-17T17:51:44-04:00,,1024.0,1004.0,https://cdn.shopify.com/s/files/1/0483/9115/9967/files/03082026KENYA_mockup_2.png?v=1787003504,[62851398500511]
4,62851398533279,2kg,2kg,,,kenya-2kg,True,True,,True,160.00,2000,,2,10930156798111,2026-08-17T17:58:02-04:00,2026-10-09T07:37:16-04:00,10930156798111,Kenya - Malaki Estate,kenya-malaki-estate,2026-08-18T09:43:24-04:00,2026-08-17T17:58:02-04:00,2026-10-09T07:37:16-04:00,The Angry Roaster Coffee Co.,Coffee,"['coffee', 'fair trade', 'roast', 'specialty']","[{'id': 64624055484575, 'created_at': '2026-08-17T17:51:43-04:00', 'position': 1, 'updated_at': '2026-08-17T17:51:44-04:00', 'product_id': 10930156798111, 'variant_ids': [62851398500511], 'src': 'https://cdn.shopify.com/s/files/1/0483/9115/9967/files/03082026KENYA_mockup_2.png?v=1787003504', 'width': 1024, 'height': 1004}, {'id': 64624055517343, 'created_at': '2026-08-17T17:51:43-04:00', 'position': 2, 'updated_at': '2026-08-17T17:51:44-04:00', 'product_id': 10930156798111, 'variant_ids': [], 'src': 'https://cdn.shopify.com/s/files/1/0483/9115/9967/files/250203_BACK_TARCC_UNIVERSAL_mockup.png?v=1787003504', 'width': 1024, 'height': 1004}, {'id': 64624058630303, 'created_at': '2026-08-17T17:55:21-04:00', 'position': 3, 'updated_at': '2026-08-17T17:55:22-04:00', 'product_id': 10930156798111, 'variant_ids': [62851398533279], 'src': 'https://cdn.shopify.com/s/files/1/0483/9115/9967/files/250203_TARCC_UNIVERSAL_2kg_mockup_cef915a6-3155-4fc1-9d24-24eade6ee5cb.png?v=1787003722', 'width': 1024, 'height': 1004}]","[{'name': 'Size', 'position': 1, 'values': ['250g', '2kg']}]",https://theangryroaster.com/products/kenya-malaki-estate,,64624058630303.0,10930156798111.0,3.0,2026-08-17T17:55:21-04:00,2026-08-17T17:55:22-04:00,,1024.0,1004.0,https://cdn.shopify.com/s/files/1/0483/9115/9967/files/250203_TARCC_UNIVERSAL_2kg_mockup_cef915a6-3155-4fc1-9d24-24eade6ee5cb.png?v=1787003722,[62851398533279]
5,62835810533535,Default Title,Default Title,,,,True,True,,True,50.00,200,,1,10924797034655,2026-07-22T19:08:47-04:00,2026-10-09T07:37:16-04:00,10924797034655,SIBARIST - CONE | FAST Paper Filter | Size M | (Pack of 100),sibarist-cone-fast-paper-filter-size-m-pack-of-100,2026-07-22T19:08:48-04:00,2026-07-22T19:08:47-04:00,2026-10-09T07:37:16-04:00,The Angry Roaster Coffee Co.,Gear,[],"[{'id': 64525049659551, 'created_at': '2026-07-22T19:08:32-04:00', 'position': 1, 'updated_at': '2026-07-22T19:08:34-04:00', 'product_id': 10924797034655, 'variant_ids': [], 'src': 'https://cdn.shopify.com/s/files/1/0483/9115/9967/files/sibaristproducte-fast-5.webp?v=1784761714', 'width': 713, 'height': 713}, {'id': 64525049626783, 'created_at': '2026-07-22T19:08:32-04:00', 'position': 2, 'updated_at': '2026-07-22T19:08:34-04:00', 'product_id': 10924797034655, 'variant_ids': [], 'src': 'https://cdn.shopify.com/s/files/1/0483/9115/9967/files/sibaristproducte-fast-1.webp?v=1784761714', 'width': 713, 'height': 1068}]","[{'name': 'Title', 'position': 1, 'values': ['Default Title']}]",https://theangryroaster.com/products/sibarist-cone-fast-paper-filter-size-m-pack-of-100,,,,,,,,,,,
6,62835810009247,OREA x PERII - PURPLE - Limited Edition,OREA x PERII - PURPLE - Limited Edition,,,,True,True,,True,64.00,300,,1,10924796772511,2026-07-22T19:06:19-04:00,2026-10-09T07:37:16-04:00,10924796772511,OREA - O1 Brewer,orea-o1-brewer-limited-edition-color-purple,2026-07-22T19:04:47-04:00,2026-07-22T19:04:46-04:00,2026-10-09T07:37:16-04:00,The Angry Roaster Coffee Co.,Gear,[],"[{'id': 64525043007647, 'created_at': '2026-07-22T19:04:06-04:00', 'position': 1, 'updated_at': '2026-07-22T19:04:07-04:00', 'product_id': 10924796772511, 'variant_ids': [62835810009247], 'src': 'https://cdn.shopify.com/s/files/1/0483/9115/9967/files/OREAO1perii-purple-2.webp?v=1784761447', 'width': 713, 'height': 713}, {'id': 64525043040415, 'created_at': '2026-07-22T19:04:11-04:00', 'position': 2, 'updated_at': '2026-07-22T19:04:12-04:00', 'product_id': 10924796772511, 'variant_ids': [], 'src': 'https://cdn.shopify.com/s/files/1/0483/9115/9967/files/orea01-1.webp?v=1784761452', 'width': 713, 'height': 713}, {'id': 64525043073183, 'created_at': '2026-07-22T19:04:11-04:00', 'position': 3, 'updated_at': '2026-07-22T19:04:12-04:00', 'product_id': 10924796772511, 'variant_ids': [], 'src': 'https://cdn.shopify.com/s/files/1/0483/9115/9967/files/oreao1-2.webp?v=1784761452', 'width': 713, 'height': 713}, {'id': 64525043105951, 'created_at': '2026-07-22T19:04:11-04:00', 'position': 4, 'updated_at': '2026-07-22T19:04:12-04:00', 'product_id': 10924796772511, 'variant_ids': [], 'src': 'https://cdn.shopify.com/s/files/1/0483/9115/9967/files/oreao1-3.webp?v=1784761452', 'width': 713, 'height': 713}, {'id': 64525043138719, 'created_at': '2026-07-22T19:04:11-04:00', 'position': 5, 'updated_at': '2026-07-22T19:04:12-04:00', 'product_id': 10924796772511, 'variant_ids': [], 'src': 'https://cdn.shopify.com/s/files/1/0483/9115/9967/files/Oreao1.webp?v=1784761452', 'width': 713, 'height': 713}, {'id': 64525045891231, 'created_at': '2026-07-22T19:05:57-04:00', 'position': 6, 'updated_at': '2026-07-22T19:05:58-04:00', 'product_id': 10924796772511, 'variant_ids': [62835810042015], 'src': 'https://cdn.shopify.com/s/files/1/0483/9115/9967/files/Oreacreamy-pink_-1.webp?v=1784761558', 'width': 713, 'height': 713}]","[{'name': 'Color', 'position': 1, 'values': ['OREA x PERII - PURPLE - Limited Edition', 'Creamy Pink']}]",https://theangryroaster.com/products/orea-o1-brewer-limited-edition-color-purple,,64525043007647.0,10924796772511.0,1.0,2026-07-22T19:04:06-04:00,2026-07-22T19:04:07-04:00,,713.0,713.0,https://cdn.shopify.com/s/files/1/0483/9115/9967/files/OREAO1perii-purple-2.webp?v=1784761447,[62835810009247]
7,62835810042015,Creamy Pink,Creamy Pink,,,,True,True,,True,64.00,300,,2,10924796772511,2026-07-22T19:06:19-04:00,2026-10-09T07:37:16-04:00,10924796772511,OREA - O1 Brewer,orea-o1-brewer-limited-edition-color-purple,2026-07-22T19:04:47-04:00,2026-07-22T19:04:46-04:00,2026-10-09T07:37:16-04:00,The Angry Roaster Coffee Co.,Gear,[],"[{'id': 64525043007647, 'created_at': '2026-07-22T19:04:06-04:00', 'position': 1, 'updated_at': '2026-07-22T19:04:07-04:00', 'product_id': 10924796772511, 'variant_ids': [62835810009247], 'src': 'https://cdn.shopify.com/s/files/1/0483/9115/9967/files/OREAO1perii-purple-2.webp?v=1784761447', 'width': 713, 'height': 713}, {'id': 64525043040415, 'created_at': '2026-07-22T19:04:11-04:00', 'position': 2, 'updated_at': '2026-07-22T19:04:12-04:00', 'product_id': 10924796772511, 'variant_ids': [], 'src': 'https://cdn.shopify.com/s/files/1/0483/9115/9967/files/orea01-1.webp?v=1784761452', 'width': 713, 'height': 713}, {'id': 64525043073183, 'created_at': '2026-07-22T19:04:11-04:00', 'position': 3, 'updated_at': '2026-07-22T19:04:12-04:00', 'product_id': 10924796772511, 'variant_ids': [], 'src': 'https://cdn.shopify.com/s/files/1/0483/9115/9967/files/oreao1-2.webp?v=1784761452', 'width': 713, 'height': 713}, {'id': 64525043105951, 'created_at': '2026-07-22T19:04:11-04:00', 'position': 4, 'updated_at': '2026-07-22T19:04:12-04:00', 'product_id': 10924796772511, 'variant_ids': [], 'src': 'https://cdn.shopify.com/s/files/1/0483/9115/9967/files/oreao1-3.webp?v=1784761452', 'width': 713, 'height': 713}, {'id': 64525043138719, 'created_at': '2026-07-22T19:04:11-04:00', 'position': 5, 'updated_at': '2026-07-22T19:04:12-04:00', 'product_id': 10924796772511, 'variant_ids': [], 'src': 'https://cdn.shopify.com/s/files/1/0483/9115/9967/files/Oreao1.webp?v=1784761452', 'width': 713, 'height': 713}, {'id': 64525045891231, 'created_at': '2026-07-22T19:05:57-04:00', 'position': 6, 'updated_at': '2026-07-22T19:05:58-04:00', 'product_id': 10924796772511, 'variant_ids': [62835810042015], 'src': 'https://cdn.shopify.com/s/files/1/0483/9115/9967/files/Oreacreamy-pink_-1.webp?v=1784761558', 'width': 713, 'height': 713}]","[{'name': 'Color', 'position': 1, 'values': ['OREA x PERII - PURPLE - Limited Edition', 'Creamy Pink']}]",https://theangryroaster.com/products/orea-o1-brewer-limited-edition-color-purple,,64525045891231.0,10924796772511.0,6.0,2026-07-22T19:05:57-04:00,2026-07-22T19:05:58-04:00,,713.0,713.0,https://cdn.shopify.com/s/files/1/0483/9115/9967/files/Oreacreamy-pink_-1.webp?v=1784761558,[62835810042015]
8,62835809714335,Default Title,Default Title,,,,True,True,,True,52.00,300,,1,10924796608671,2026-07-22T19:02:14-04:00,2026-10-09T07:37:16-04:00,10924796608671,SIBARIST - WAVE Paper Filter (100 pack),sibarist-wave-paper-filter-100-pack,2026-07-22T19:02:16-04:00,2026-07-22T19:02:14-04:00,2026-10-09T07:37:16-04:00,The Angry Roaster Coffee Co.,Gear,[],"[{'id': 64525037273247, 'created_at': '2026-07-22T19:00:54-04:00', 'position': 1, 'updated_at': '2026-07-22T19:00:55-04:00', 'product_id': 10924796608671, 'variant_ids': [], 'src': 'https://cdn.shopify.com/s/files/1/0483/9115/9967/files/Sibaristwave4.webp?v=1784761255', 'width': 493, 'height': 493}, {'id': 64525037207711, 'created_at': '2026-07-22T19:00:54-04:00', 'position': 2, 'updated_at': '2026-07-22T19:00:56-04:00', 'product_id': 10924796608671, 'variant_ids': [], 'src': 'https://cdn.shopify.com/s/files/1/0483/9115/9967/files/Sibaristwave2.webp?v=1784761256', 'width': 493, 'height': 493}, {'id': 64525037240479, 'created_at': '2026-07-22T19:00:54-04:00', 'position': 3, 'updated_at': '2026-07-22T19:00:56-04:00', 'product_id': 10924796608671, 'variant_ids': [], 'src': 'https://cdn.shopify.com/s/files/1/0483/9115/9967/files/Sibaristwave3.jpg?v=1784761256', 'width': 493, 'height': 493}]","[{'name': 'Title', 'position': 1, 'values': ['Default Title']}]",https://theangryroaster.com/products/sibarist-wave-paper-filter-100-pack,,,,,,,,,,,
9,62835806371999,Default Title,Default Title,,,,True,True,,False,26.00,200,,1,10924796477599,2026-07-22T18:59:18-04:00,2026-10-09T07:37:16-04:00,10924796477599,SIBARIST - OREA Special Edition | FLAT Paper Filter | O1 Small | Pack of 25,sibarist-orea-special-edition-flat-paper-filter,2026-07-22T18:59:20-04:00,2026-07-22T18:59:18-04:00,2026-10-09T07:37:16-04:00,The Angry Roaster Coffee Co.,Gear,[],"[{'id': 64525034520735, 'created_at': '2026-07-22T18:58:57-04:00', 'position': 1, 'updated_at': '2026-07-22T18:58:58-04:00', 'product_id': 10924796477599, 'variant_ids': [], 'src': 'https://cdn.shopify.com/s/files/1/0483/9115/9967/files/Sibarist-Orea1.webp?v=1784761138', 'width': 713, 'height': 713}]","[{'name': 'Title', 'position': 1, 'values': ['Default Title']}]",https://theangryroaster.com/products/sibarist-orea-special-edition-flat-paper-filter,,,,,,,,,,,
10,62835806142623,Default Title,Default Title,,,,True,True,,True,73.00,350,,1,10924796313759,2026-07-22T18:56:52-04:00,2026-10-09T07:37:16-04:00,10924796313759,OREA - O2 Brewer,orea-o2-brewer,2026-07-22T18:56:53-04:00,2026-07-22T18:56:52-04:00,2026-10-09T07:37:16-04:00,The Angry Roaster Coffee Co.,Gear,[],"[{'id': 64525030752415, 'created_at': '2026-07-22T18:56:34-04:00', 'position': 1, 'updated_at': '2026-07-22T18:56:36-04:00', 'product_id': 10924796313759, 'variant_ids': [], 'src': 'https://cdn.shopify.com/s/files/1/0483/9115/9967/files/O2_Darth_Black-11.webp?v=1784760996', 'width': 713, 'height': 713}, {'id': 64525030785183, 'created_at': '2026-07-22T18:56:34-04:00', 'position': 2, 'updated_at': '2026-07-22T18:56:36-04:00', 'product_id': 10924796313759, 'variant_ids': [], 'src': 'https://cdn.shopify.com/s/files/1/0483/9115/9967/files/O2_Darth_Black-13.webp?v=1784760996', 'width': 713, 'height': 713}, {'id': 64525030817951, 'created_at': '2026-07-22T18:56:34-04:00', 'position': 3, 'updated_at': '2026-07-22T18:56:35-04:00', 'product_id': 10924796313759, 'variant_ids': [], 'src': 'https://cdn.shopify.com/s/files/1/0483/9115/9967/files/O2_Darth_Black.webp?v=1784760995', 'width': 713, 'height': 713}, {'id': 64525030850719, 'created_at': '2026-07-22T18:56:34-04:00', 'position': 4, 'updated_at': '2026-07-22T18:56:36-04:00', 'product_id': 10924796313759, 'variant_ids': [], 'src': 'https://cdn.shopify.com/s/files/1/0483/9115/9967/files/O2DarthBlack.webp?v=1784760996', 'width': 713, 'height': 713}]","[{'name': 'Title', 'position': 1, 'values': ['Default Title']}]",https://theangryroaster.com/products/orea-o2-brewer,,,,,,,,,,,
11,62835803685023,Default Title,Default Title,,,,True,True,,True,47.00,300,,1,10924796149919,2026-07-22T18:54:35-04:00,2026-10-09T07:37:16-04:00,10924796149919,OREA - V4/O1/O2 Neo Negotiator | Frost,orea-v4-o1-o2-neo-negotiator,2026-07-22T18:54:36-04:00,2026-07-22T18:54:35-04:00,2026-10-09T07:37:16-04:00,The Angry Roaster Coffee Co.,Gear,[],"[{'id': 64525025673375, 'created_at': '2026-07-22T18:53:37-04:00', 'position': 1, 'updated_at': '2026-07-22T18:53:38-04:00', 'product_id': 10924796149919, 'variant_ids': [], 'src': 'https://cdn.shopify.com/s/files/1/0483/9115/9967/files/OREA_-_Neo_Negotiator_-_3_6198b194-b8b7-4483-8e8d-322b0925ef6b.jpg?v=1784760818', 'width': 713, 'height': 713}, {'id': 64525025607839, 'created_at': '2026-07-22T18:53:37-04:00', 'position': 2, 'updated_at': '2026-07-22T18:53:38-04:00', 'product_id': 10924796149919, 'variant_ids': [], 'src': 'https://cdn.shopify.com/s/files/1/0483/9115/9967/files/OREA_-_Neo_Negotiator_-_1_7fc5dbe6-a8a6-49a0-8432-ba8c3a0fe878.jpg?v=1784760818', 'width': 713, 'height': 713}, {'id': 64525025706143, 'created_at': '2026-07-22T18:53:37-04:00', 'position': 3, 'updated_at': '2026-07-22T18:53:38-04:00', 'product_id': 10924796149919, 'variant_ids': [], 'src': 'https://cdn.shopify.com/s/files/1/0483/9115/9967/files/OREA_-_Tulip_Folding_Tool_-_Light_Pink_with_Neo_Negotiator_-_1.jpg?v=1784760818', 'width': 713, 'height': 713}, {'id': 64525025640607, 'created_at': '2026-07-22T18:53:37-04:00', 'position': 4, 'updated_at': '2026-07-22T18:53:38-04:00', 'product_id': 10924796149919, 'variant_ids': [], 'src': 'https://cdn.shopify.com/s/files/1/0483/9115/9967/files/OREA_-_Neo_Negotiator_-_2.jpg?v=1784760818', 'width': 713, 'height': 713}, {'id': 64525025542303, 'created_at': '2026-07-22T18:53:37-04:00', 'position': 5, 'updated_at': '2026-07-22T18:53:38-04:00', 'product_id': 10924796149919, 'variant_ids': [], 'src': 'https://cdn.shopify.com/s/files/1/0483/9115/9967/files/Neo_Negotiator_Bright_Pink_Tulip_and_Flat_Paper_4.webp?v=1784760818', 'width': 713, 'height': 713}, {'id': 64525025575071, 'created_at': '2026-07-22T18:53:37-04:00', 'position': 6, 'updated_at': '2026-07-22T18:53:38-04:00', 'product_id': 10924796149919, 'variant_ids': [], 'src': 'https://cdn.shopify.com/s/files/1/0483/9115/9967/files/Neo_Negotiator_Bright_Pink_Tulip_and_Flat_Paper.webp?v=1784760818', 'width': 713, 'height': 713}]","[{'name': 'Title', 'position': 1, 'values': ['Default Title']}]",https://theangryroaster.com/products/orea-v4-o1-o2-neo-negotiator,,,,,,,,,,,
12,62835800899743,Default Title,Default Title,,,,True,True,,False,23.00,300,,1,10924795953311,2026-07-22T18:48:32-04:00,2026-10-09T07:37:16-04:00,10924795953311,OREA - O1/O2 Regulators | #8 Regulator (Orange),orea-o1-o2-regulators,2026-07-22T18:48:34-04:00,2026-07-22T18:48:31-04:00,2026-10-09T07:37:16-04:00,The Angry Roaster Coffee Co.,Gear,['gear'],"[{'id': 64525014302879, 'created_at': '2026-07-22T18:47:33-04:00', 'position': 1, 'updated_at': '2026-07-22T18:47:34-04:00', 'product_id': 10924795953311, 'variant_ids': [], 'src': 'https://cdn.shopify.com/s/files/1/0483/9115/9967/files/Bundle__2x_regulator.webp?v=1784760454', 'width': 713, 'height': 713}, {'id': 64525014335647, 'created_at': '2026-07-22T18:47:33-04:00', 'position': 2, 'updated_at': '2026-07-22T18:47:34-04:00', 'product_id': 10924795953311, 'variant_ids': [], 'src': 'https://cdn.shopify.com/s/files/1/0483/9115/9967/files/Regulator_4.webp?v=1784760454', 'width': 713, 'height': 713}, {'id': 64525014368415, 'created_at': '2026-07-22T18:47:33-04:00', 'position': 3, 'updated_at': '2026-07-22T18:47:34-04:00', 'product_id': 10924795953311, 'variant_ids': [], 'src': 'https://cdn.shopify.com/s/files/1/0483/9115/9967/files/Regulator_25.webp?v=1784760454', 'width': 713, 'height': 713}, {'id': 64525014401183, 'created_at': '2026-07-22T18:47:33-04:00', 'position': 4, 'updated_at': '2026-07-22T18:47:34-04:00', 'product_id': 10924795953311, 'variant_ids': [], 'src': 'https://cdn.shopify.com/s/files/1/0483/9115/9967/files/Regulator_31.webp?v=1784760454', 'width': 713, 'height': 713}, {'id': 64525014433951, 'created_at': '2026-07-22T18:47:33-04:00', 'position': 5, 'updated_at': '2026-07-22T18:47:34-04:00', 'product_id': 10924795953311, 'variant_ids': [], 'src': 'https://cdn.shopify.com/s/files/1/0483/9115/9967/files/Regulator4.webp?v=1784760454', 'width': 713, 'height': 713}, {'id': 64525014466719, 'created_at': '2026-07-22T18:47:33-04:00', 'position': 6, 'updated_at': '2026-07-22T18:47:34-04:00', 'product_id': 10924795953311, 'variant_ids': [], 'src': 'https://cdn.shopify.com/s/files/1/0483/9115/9967/files/Regulator8.webp?v=1784760454', 'width': 713, 'height': 713}, {'id': 64525014499487, 'created_at': '2026-07-22T18:47:33-04:00', 'position': 7, 'updated_at': '2026-07-22T18:47:34-04:00', 'product_id': 10924795953311, 'variant_ids': [], 'src': 'https://cdn.shopify.com/s/files/1/0483/9115/9967/files/regulators-1.webp?v=1784760454', 'width': 713, 'height': 713}, {'id': 64525014532255, 'created_at': '2026-07-22T18:47:33-04:00', 'position': 8, 'updated_at': '2026-07-22T18:47:34-04:00', 'product_id': 10924795953311, 'variant_ids': [], 'src': 'https://cdn.shopify.com/s/files/1/0483/9115/9967/files/regulators-2.webp?v=1784760454', 'width': 1058, 'height': 1058}]","[{'name': 'Title', 'position': 1, 'values': ['Default Title']}]",https://theangryroaster.com/products/orea-o1-o2-regulators,,,,,,,,,,,
13,62835385860255,Default Title,Default Title,,,,True,True,,True,33.00,300,,1,10924520702111,2026-07-22T08:12:34-04:00,2026-10-09T07:37:16-04:00,10924520702111,OREA - Sensory Wine Glass,orea-sensory-wine-glass,2026-07-22T18:44:12-04:00,2026-07-22T08:12:33-04:00,2026-10-09T07:37:16-04:00,The Angry Roaster Coffee Co.,Gear,[],"[{'id': 64523884495007, 'created_at': '2026-07-22T08:12:10-04:00', 'position': 1, 'updated_at': '2026-07-22T08:12:12-04:00', 'product_id': 10924520702111, 'variant_ids': [], 'src': 'https://cdn.shopify.com/s/files/1/0483/9115/9967/files/OreaSensory_Wine_Glass_-_MAIN.webp?v=1784722332', 'width': 1346, 'height': 1346}, {'id': 64523884560543, 'created_at': '2026-07-22T08:12:12-04:00', 'position': 2, 'updated_at': '2026-07-22T08:12:14-04:00', 'product_id': 10924520702111, 'variant_ids': [], 'src': 'https://cdn.shopify.com/s/files/1/0483/9115/9967/files/Oreawine-glass-3.webp?v=1784722334', 'width': 713, 'height': 713}, {'id': 64523884626079, 'created_at': '2026-07-22T08:12:15-04:00', 'position': 3, 'updated_at': '2026-07-22T08:12:17-04:00', 'product_id': 10924520702111, 'variant_ids': [], 'src': 'https://cdn.shopify.com/s/files/1/0483/9115/9967/files/Oreawine-glass-2.webp?v=1784722337', 'width': 673, 'height': 673}]","[{'name': 'Title', 'position': 1, 'values': ['Default Title']}]",https://theangryroaster.com/products/orea-sensory-wine-glass,,,,,,,,,,,
14,62835386056863,Default Title,Default Title,,,,True,True,,False,39.00,300,,1,10924520898719,2026-07-22T08:16:22-04:00,2026-10-09T07:37:16-04:00,10924520898719,ICOSA - Avensi Wave - ALTO Tasting Glass,icosa-avensi-wave-alto-tasting-glass,2026-07-22T18:43:40-04:00,2026-07-22T08:16:21-04:00,2026-10-09T07:37:16-04:00,The Angry Roaster Coffee Co.,Gear,[],"[{'id': 64523888525471, 'created_at': '2026-07-22T08:15:45-04:00', 'position': 1, 'updated_at': '2026-07-22T08:15:47-04:00', 'product_id': 10924520898719, 'variant_ids': [], 'src': 'https://cdn.shopify.com/s/files/1/0483/9115/9967/files/ICOSABREWHOUSE.AvensiWave_AltoGlass_Side_CoffeeSwirl15mp.webp?v=1784722547', 'width': 713, 'height': 713}, {'id': 64523888591007, 'created_at': '2026-07-22T08:15:47-04:00', 'position': 2, 'updated_at': '2026-07-22T08:15:49-04:00', 'product_id': 10924520898719, 'variant_ids': [], 'src': 'https://cdn.shopify.com/s/files/1/0483/9115/9967/files/ICOSABREWHOUSE.AvensiWave_AltoGlass_Top_NoCoffee15mp.webp?v=1784722549', 'width': 713, 'height': 713}, {'id': 64523888656543, 'created_at': '2026-07-22T08:15:50-04:00', 'position': 3, 'updated_at': '2026-07-22T08:15:51-04:00', 'product_id': 10924520898719, 'variant_ids': [], 'src': 'https://cdn.shopify.com/s/files/1/0483/9115/9967/files/AvensiAltobbg.webp?v=1784722551', 'width': 713, 'height': 713}, {'id': 64523888722079, 'created_at': '2026-07-22T08:15:53-04:00', 'position': 4, 'updated_at': '2026-07-22T08:15:54-04:00', 'product_id': 10924520898719, 'variant_ids': [], 'src': 'https://cdn.shopify.com/s/files/1/0483/9115/9967/files/ICOSABREWHOUSE.AvensiWave_GlassItemsstacked15mp.webp?v=1784722554', 'width': 713, 'height': 1070}]","[{'name': 'Title', 'position': 1, 'values': ['Default Title']}]",https://theangryroaster.com/products/icosa-avensi-wave-alto-tasting-glass,,,,,,,,,,,
15,62835800932511,Sakura Pink,Sakura Pink,,,,True,True,,False,70.00,500,,1,10924520407199,2026-07-22T18:50:42-04:00,2026-10-09T07:37:16-04:00,10924520407199,ICOSA - Avensi Wave - Cyclone Carafe 550mL,icosa-avensi-wave-cyclone-carafe-550ml,2026-07-22T18:43:03-04:00,2026-07-22T08:07:07-04:00,2026-10-09T07:37:16-04:00,The Angry Roaster Coffee Co.,Gear,"['carafe', 'coffee', 'gear']","[{'id': 64523875418271, 'created_at': '2026-07-22T08:02:48-04:00', 'position': 1, 'updated_at': '2026-07-22T08:02:49-04:00', 'product_id': 10924520407199, 'variant_ids': [62835800932511], 'src': 'https://cdn.shopify.com/s/files/1/0483/9115/9967/files/ICOSABREWHOUSE.AvensiWave_CycloneStandard_Pink_Floating_2resized.webp?v=1784721769', 'width': 1346, 'height': 1346}, {'id': 64523875909791, 'created_at': '2026-07-22T08:03:30-04:00', 'position': 2, 'updated_at': '2026-07-22T08:03:32-04:00', 'product_id': 10924520407199, 'variant_ids': [], 'src': 'https://cdn.shopify.com/s/files/1/0483/9115/9967/files/ICOSABREWHOUSE.AvensiWave_CycloneStandard_Pink_Floating3resized.webp?v=1784721812', 'width': 1346, 'height': 1346}, {'id': 64523876008095, 'created_at': '2026-07-22T08:03:34-04:00', 'position': 3, 'updated_at': '2026-07-22T08:03:35-04:00', 'product_id': 10924520407199, 'variant_ids': [62835800965279], 'src': 'https://cdn.shopify.com/s/files/1/0483/9115/9967/files/ICOSABREWHOUSE.AvensiWave_Cyclone_Side_NoCoffee12mp.webp?v=1784721815', 'width': 1346, 'height': 1346}, {'id': 64523876565151, 'created_at': '2026-07-22T08:04:10-04:00', 'position': 4, 'updated_at': '2026-07-22T08:04:12-04:00', 'product_id': 10924520407199, 'variant_ids': [], 'src': 'https://cdn.shopify.com/s/files/1/0483/9115/9967/files/ICOSABREWHOUSE.AvensiWave_GlassItemsstacked_Cyclone_Top-down_empty15mp.webp?v=1784721852', 'width': 1346, 'height': 1346}]","[{'name': 'Color', 'position': 1, 'values': ['Sakura Pink', 'Clear']}]",https://theangryroaster.com/products/icosa-avensi-wave-cyclone-carafe-550ml,,64523875418271.0,10924520407199.0,1.0,2026-07-22T08:02:48-04:00,2026-07-22T08:02:49-04:00,,1346.0,1346.0,https://cdn.shopify.com/s/files/1/0483/9115/9967/files/ICOSABREWHOUSE.AvensiWave_CycloneStandard_Pink_Floating_2resized.webp?v=1784721769,[62835800932511]
16,62835800965279,Clear,Clear,,,,True,True,,False,56.00,500,,2,10924520407199,2026-07-22T18:50:42-04:00,2026-10-09T07:37:16-04:00,10924520407199,ICOSA - Avensi Wave - Cyclone Carafe 550mL,icosa-avensi-wave-cyclone-carafe-550ml,2026-07-22T18:43:03-04:00,2026-07-22T08:07:07-04:00,2026-10-09T07:37:16-04:00,The Angry Roaster Coffee Co.,Gear,"['carafe', 'coffee', 'gear']","[{'id': 64523875418271, 'created_at': '2026-07-22T08:02:48-04:00', 'position': 1, 'updated_at': '2026-07-22T08:02:49-04:00', 'product_id': 10924520407199, 'variant_ids': [62835800932511], 'src': 'https://cdn.shopify.com/s/files/1/0483/9115/9967/files/ICOSABREWHOUSE.AvensiWave_CycloneStandard_Pink_Floating_2resized.webp?v=1784721769', 'width': 1346, 'height': 1346}, {'id': 64523875909791, 'created_at': '2026-07-22T08:03:30-04:00', 'position': 2, 'updated_at': '2026-07-22T08:03:32-04:00', 'product_id': 10924520407199, 'variant_ids': [], 'src': 'https://cdn.shopify.com/s/files/1/0483/9115/9967/files/ICOSABREWHOUSE.AvensiWave_CycloneStandard_Pink_Floating3resized.webp?v=1784721812', 'width': 1346, 'height': 1346}, {'id': 64523876008095, 'created_at': '2026-07-22T08:03:34-04:00', 'position': 3, 'updated_at': '2026-07-22T08:03:35-04:00', 'product_id': 10924520407199, 'variant_ids': [62835800965279], 'src': 'https://cdn.shopify.com/s/files/1/0483/9115/9967/files/ICOSABREWHOUSE.AvensiWave_Cyclone_Side_NoCoffee12mp.webp?v=1784721815', 'width': 1346, 'height': 1346}, {'id': 64523876565151, 'created_at': '2026-07-22T08:04:10-04:00', 'position': 4, 'updated_at': '2026-07-22T08:04:12-04:00', 'product_id': 10924520407199, 'variant_ids': [], 'src': 'https://cdn.shopify.com/s/files/1/0483/9115/9967/files/ICOSABREWHOUSE.AvensiWave_GlassItemsstacked_Cyclone_Top-down_empty15mp.webp?v=1784721852', 'width': 1346, 'height': 1346}]","[{'name': 'Color', 'position': 1, 'values': ['Sakura Pink', 'Clear']}]",https://theangryroaster.com/products/icosa-avensi-wave-cyclone-carafe-550ml,,64523876008095.0,10924520407199.0,3.0,2026-07-22T08:03:34-04:00,2026-07-22T08:03:35-04:00,,1346.0,1346.0,https://cdn.shopify.com/s/files/1/0483/9115/9967/files/ICOSABREWHOUSE.AvensiWave_Cyclone_Side_NoCoffee12mp.webp?v=1784721815,[62835800965279]
17,62832421372063,250g,250g,,,,True,True,,True,24.50,300,,1,10923347771551,2026-07-18T14:31:43-04:00,2026-10-09T07:37:16-04:00,10923347771551,Uganda Mount Elgon - Butterscotch,uganda-mount-elgon-butterscotch,2026-07-18T17:16:07-04:00,2026-07-18T14:30:06-04:00,2026-10-09T07:37:16-04:00,The Angry Roaster Coffee Co.,Coffee,"['coffee', 'fair trade', 'organic', 'roast', 'specialty', 'washed', 'wholesale']","[{'id': 64529100832927, 'created_at': '2026-07-23T18:54:28-04:00', 'position': 1, 'updated_at': '2026-07-23T18:54:29-04:00', 'product_id': 10923347771551, 'variant_ids': [62832421372063], 'src': 'https://cdn.shopify.com/s/files/1/0483/9115/9967/files/UGANDA2026300Gupdated.png?v=1784847269', 'width': 1024, 'height': 1004}, {'id': 64512670924959, 'created_at': '2026-07-18T14:24:25-04:00', 'position': 2, 'updated_at': '2026-07-18T14:24:26-04:00', 'product_id': 10923347771551, 'variant_ids': [], 'src': 'https://cdn.shopify.com/s/files/1/0483/9115/9967/files/UGANDA2026300Gback.png?v=1784399066', 'width': 1024, 'height': 1004}, {'id': 64512671285407, 'created_at': '2026-07-18T14:24:37-04:00', 'position': 3, 'updated_at': '2026-07-18T14:24:39-04:00', 'product_id': 10923347771551, 'variant_ids': [62832421339295], 'src': 'https://cdn.shopify.com/s/files/1/0483/9115/9967/files/250203_TARCC_UNIVERSAL_2kg_mockup_c443bf57-d1f2-498a-8b47-5297da8b4ce6.png?v=1784399079', 'width': 1024, 'height': 1004}]","[{'name': 'Size', 'position': 1, 'values': ['250g', '2kg']}]",https://theangryroaster.com/products/uganda-mount-elgon-butterscotch,,64529100832927.0,10923347771551.0,1.0,2026-07-23T18:54:28-04:00,2026-07-23T18:54:29-04:00,,1024.0,1004.0,https://cdn.shopify.com/s/files/1/0483/9115/9967/files/UGANDA2026300Gupdated.png?v=1784847269,[62832421372063]
18,62832421339295,2kg,2kg,,,,True,True,,True,160.00,2000,,2,10923347771551,2026-07-18T14:31:43-04:00,2026-10-09T07:37:16-04:00,10923347771551,Uganda Mount Elgon - Butterscotch,uganda-mount-elgon-butterscotch,2026-07-18T17:16:07-04:00,2026-07-18T14:30:06-04:00,2026-10-09T07:37:16-04:00,The Angry Roaster Coffee Co.,Coffee,"['coffee', 'fair trade', 'organic', 'roast', 'specialty', 'washed', 'wholesale']","[{'id': 64529100832927, 'created_at': '2026-07-23T18:54:28-04:00', 'position': 1, 'updated_at': '2026-07-23T18:54:29-04:00', 'product_id': 10923347771551, 'variant_ids': [62832421372063], 'src': 'https://cdn.shopify.com/s/files/1/0483/9115/9967/files/UGANDA2026300Gupdated.png?v=1784847269', 'width': 1024, 'height': 1004}, {'id': 64512670924959, 'created_at': '2026-07-18T14:24:25-04:00', 'position': 2, 'updated_at': '2026-07-18T14:24:26-04:00', 'product_id': 10923347771551, 'variant_ids': [], 'src': 'https://cdn.shopify.com/s/files/1/0483/9115/9967/files/UGANDA2026300Gback.png?v=1784399066', 'width': 1024, 'height': 1004}, {'id': 64512671285407, 'created_at': '2026-07-18T14:24:37-04:00', 'position': 3, 'updated_at': '2026-07-18T14:24:39-04:00', 'product_id': 10923347771551, 'variant_ids': [62832421339295], 'src': 'https://cdn.shopify.com/s/files/1/0483/9115/9967/files/250203_TARCC_UNIVERSAL_2kg_mockup_c443bf57-d1f2-498a-8b47-5297da8b4ce6.png?v=1784399079', 'width': 1024, 'height': 1004}]","[{'name': 'Size', 'position': 1, 'values': ['250g', '2kg']}]",https://theangryroaster.com/products/uganda-mount-elgon-butterscotch,,64512671285407.0,10923347771551.0,3.0,2026-07-18T14:24:37-04:00,2026-07-18T14:24:39-04:00,,1024.0,1004.0,https://cdn.shopify.com/s/files/1/0483/9115/9967/files/250203_TARCC_UNIVERSAL_2kg_mockup_c443bf57-d1f2-498a-8b47-5297da8b4ce6.png?v=1784399079,[62832421339295]
19,62822857900191,Default Title,Default Title,,,,True,True,,True,18.00,300,,1,10919531577503,2026-06-29T17:02:02-04:00,2026-10-09T07:37:16-04:00,10919531577503,Instant Coffee - Colombia Gesha Buesaco,instant-coffee-colombia-gesha-buesaco,2026-07-02T09:28:50-04:00,2026-06-29T17:02:01-04:00,2026-10-09T07:37:16-04:00,The Angry Roaster Coffee Co.,Coffee,"['coffee', 'COLOMBIA', 'wholesale']","[{'id': 64486317490335, 'created_at': '2026-07-09T12:58:17-04:00', 'position': 1, 'updated_at': '2026-07-09T13:09:30-04:00', 'product_id': 10919531577503, 'variant_ids': [], 'src': 'https://cdn.shopify.com/s/files/1/0483/9115/9967/files/instantbuesacoUPDATEDMOCKUP.png?v=1783616970', 'width': 1024, 'height': 1004}, {'id': 64470381428895, 'created_at': '2026-06-29T17:03:55-04:00', 'position': 2, 'updated_at': '2026-06-29T17:03:57-04:00', 'product_id': 10919531577503, 'variant_ids': [], 'src': 'https://cdn.shopify.com/s/files/1/0483/9115/9967/files/2.png?v=1782767037', 'width': 2489, 'height': 2458}, {'id': 64470381822111, 'created_at': '2026-06-29T17:06:14-04:00', 'position': 3, 'updated_at': '2026-06-29T17:06:16-04:00', 'product_id': 10919531577503, 'variant_ids': [], 'src': 'https://cdn.shopify.com/s/files/1/0483/9115/9967/files/3.png?v=1782767176', 'width': 2489, 'height': 2458}]","[{'name': 'Title', 'position': 1, 'values': ['Default Title']}]",https://theangryroaster.com/products/instant-coffee-colombia-gesha-buesaco,,,,,,,,,,,
20,62782841782431,250g,250g,,,,True,True,,False,23.00,250,,1,10909001547935,2026-04-24T09:13:10-04:00,2026-10-09T07:37:16-04:00,10909001547935,Papua New Guinea - Peter Seed - Roasted Pears,papua-new-guinea-peter-seed-roasted-pears,2026-04-30T19:48:26-04:00,2026-04-24T09:13:10-04:00,2026-10-09T07:37:16-04:00,The Angry Roaster Coffee Co.,Coffee,"['coffee', 'fair trade', 'roast', 'specialty']","[{'id': 64370555256991, 'created_at': '2026-04-30T19:40:40-04:00', 'position': 1, 'updated_at': '2026-04-30T19:40:42-04:00', 'product_id': 10909001547935, 'variant_ids': [62782841782431], 'src': 'https://cdn.shopify.com/s/files/1/0483/9115/9967/files/PeterSeed300gBag.png?v=1777592442', 'width': 1024, 'height': 1004}, {'id': 64370557714591, 'created_at': '2026-04-30T19:46:34-04:00', 'position': 2, 'updated_at': '2026-04-30T19:46:35-04:00', 'product_id': 10909001547935, 'variant_ids': [62782841815199], 'src': 'https://cdn.shopify.com/s/files/1/0483/9115/9967/files/PPNG_2kg_mockup.png?v=1777592795', 'width': 1024, 'height': 1004}, {'id': 64370556502175, 'created_at': '2026-04-30T19:44:33-04:00', 'position': 3, 'updated_at': '2026-04-30T19:44:34-04:00', 'product_id': 10909001547935, 'variant_ids': [], 'src': 'https://cdn.shopify.com/s/files/1/0483/9115/9967/files/PeterSeed300gBagback.png?v=1777592674', 'width': 1024, 'height': 1004}]","[{'name': 'Size', 'position': 1, 'values': ['250g', '2kg']}]",https://theangryroaster.com/products/papua-new-guinea-peter-seed-roasted-pears,,64370555256991.0,10909001547935.0,1.0,2026-04-30T19:40:40-04:00,2026-04-30T19:40:42-04:00,,1024.0,1004.0,https://cdn.shopify.com/s/files/1/0483/9115/9967/files/PeterSeed300gBag.png?v=1777592442,[62782841782431]
21,62782841815199,2kg,2kg,,,,True,True,,False,130.00,2000,,2,10909001547935,2026-04-24T09:13:10-04:00,2026-10-09T07:37:16-04:00,10909001547935,Papua New Guinea - Peter Seed - Roasted Pears,papua-new-guinea-peter-seed-roasted-pears,2026-04-30T19:48:26-04:00,2026-04-24T09:13:10-04:00,2026-10-09T07:37:16-04:00,The Angry Roaster Coffee Co.,Coffee,"['coffee', 'fair trade', 'roast', 'specialty']","[{'id': 64370555256991, 'created_at': '2026-04-30T19:40:40-04:00', 'position': 1, 'updated_at': '2026-04-30T19:40:42-04:00', 'product_id': 10909001547935, 'variant_ids': [62782841782431], 'src': 'https://cdn.shopify.com/s/files/1/0483/9115/9967/files/PeterSeed300gBag.png?v=1777592442', 'width': 1024, 'height': 1004}, {'id': 64370557714591, 'created_at': '2026-04-30T19:46:34-04:00', 'position': 2, 'updated_at': '2026-04-30T19:46:35-04:00', 'product_id': 10909001547935, 'variant_ids': [62782841815199], 'src': 'https://cdn.shopify.com/s/files/1/0483/9115/9967/files/PPNG_2kg_mockup.png?v=1777592795', 'width': 1024, 'height': 1004}, {'id': 64370556502175, 'created_at': '2026-04-30T19:44:33-04:00', 'position': 3, 'updated_at': '2026-04-30T19:44:34-04:00', 'product_id': 10909001547935, 'variant_ids': [], 'src': 'https://cdn.shopify.com/s/files/1/0483/9115/9967/files/PeterSeed300gBagback.png?v=1777592674', 'width': 1024, 'height': 1004}]","[{'name': 'Size', 'position': 1, 'values': ['250g', '2kg']}]",https://theangryroaster.com/products/papua-new-guinea-peter-seed-roasted-pears,,64370557714591.0,10909001547935.0,2.0,2026-04-30T19:46:34-04:00,2026-04-30T19:46:35-04:00,,1024.0,1004.0,https://cdn.shopify.com/s/files/1/0483/9115/9967/files/PPNG_2kg_mockup.png?v=1777592795,[62782841815199]
22,62784788693151,250g,250g,,,,True,False,,False,28.00,250,,1,10909001613471,2026-04-28T12:00:29-04:00,2026-10-09T07:37:16-04:00,10909001613471,Piña Colada - Colombia,pina-colada-colombia,2026-04-30T19:38:21-04:00,2026-04-24T09:14:41-04:00,2026-10-09T07:37:16-04:00,The Angry Roaster Coffee Co.,Coffee,"['amazonia', 'coffee', 'fair trade', 'roast', 'specialty']","[{'id': 64330128326815, 'created_at': '2026-04-24T09:14:00-04:00', 'position': 1, 'updated_at': '2026-04-24T09:14:01-04:00', 'product_id': 10909001613471, 'variant_ids': [62784788693151], 'src': 'https://cdn.shopify.com/s/files/1/0483/9115/9967/files/PinaColada300gsOPTION4.png?v=1777036441', 'width': 1024, 'height': 1004}, {'id': 64370554503327, 'created_at': '2026-04-30T19:37:19-04:00', 'position': 2, 'updated_at': '2026-04-30T19:37:20-04:00', 'product_id': 10909001613471, 'variant_ids': [], 'src': 'https://cdn.shopify.com/s/files/1/0483/9115/9967/files/PinaColada300gsOPTION4Back.png?v=1777592240', 'width': 1024, 'height': 1004}, {'id': 64370552570015, 'created_at': '2026-04-30T19:26:44-04:00', 'position': 3, 'updated_at': '2026-04-30T19:26:45-04:00', 'product_id': 10909001613471, 'variant_ids': [62784788725919], 'src': 'https://cdn.shopify.com/s/files/1/0483/9115/9967/files/PINA_COLADA_2kg_mockup.png?v=1777591605', 'width': 1024, 'height': 1004}]","[{'name': 'Size', 'position': 1, 'values': ['250g', '2kg']}]",https://theangryroaster.com/products/pina-colada-colombia,,64330128326815.0,10909001613471.0,1.0,2026-04-24T09:14:00-04:00,2026-04-24T09:14:01-04:00,,1024.0,1004.0,https://cdn.shopify.com/s/files/1/0483/9115/9967/files/PinaColada300gsOPTION4.png?v=1777036441,[62784788693151]
23,62784788725919,2kg,2kg,,,,True,False,,False,190.00,2000,,2,10909001613471,2026-04-28T12:00:29-04:00,2026-10-09T07:37:16-04:00,10909001613471,Piña Colada - Colombia,pina-colada-colombia,2026-04-30T19:38:21-04:00,2026-04-24T09:14:41-04:00,2026-10-09T07:37:16-04:00,The Angry Roaster Coffee Co.,Coffee,"['amazonia', 'coffee', 'fair trade', 'roast', 'specialty']","[{'id': 64330128326815, 'created_at': '2026-04-24T09:14:00-04:00', 'position': 1, 'updated_at': '2026-04-24T09:14:01-04:00', 'product_id': 10909001613471, 'variant_ids': [62784788693151], 'src': 'https://cdn.shopify.com/s/files/1/0483/9115/9967/files/PinaColada300gsOPTION4.png?v=1777036441', 'width': 1024, 'height': 1004}, {'id': 64370554503327, 'created_at': '2026-04-30T19:37:19-04:00', 'position': 2, 'updated_at': '2026-04-30T19:37:20-04:00', 'product_id': 10909001613471, 'variant_ids': [], 'src': 'https://cdn.shopify.com/s/files/1/0483/9115/9967/files/PinaColada300gsOPTION4Back.png?v=1777592240', 'width': 1024, 'height': 1004}, {'id': 64370552570015, 'created_at': '2026-04-30T19:26:44-04:00', 'position': 3, 'updated_at': '2026-04-30T19:26:45-04:00', 'product_id': 10909001613471, 'variant_ids': [62784788725919], 'src': 'https://cdn.shopify.com/s/files/1/0483/9115/9967/files/PINA_COLADA_2kg_mockup.png?v=1777591605', 'width': 1024, 'height': 1004}]","[{'name': 'Size', 'position': 1, 'values': ['250g', '2kg']}]",https://theangryroaster.com/products/pina-colada-colombia,,64370552570015.0,10909001613471.0,3.0,2026-04-30T19:26:44-04:00,2026-04-30T19:26:45-04:00,,1024.0,1004.0,https://cdn.shopify.com/s/files/1/0483/9115/9967/files/PINA_COLADA_2kg_mockup.png?v=1777591605,[62784788725919]
24,44910390280351,Default Title,Default Title,,,,True,False,,False,20.00,526,20.00,1,9163569037471,2024-02-05T14:58:01-05:00,2026-10-09T07:37:16-04:00,9163569037471,White Mug - Break it all!,white-mug,2025-12-09T11:25:55-05:00,2024-02-05T14:58:01-05:00,2026-10-09T07:37:16-04:00,The Angry Roaster Coffee Co.,Merch,[],"[{'id': 37326555644063, 'created_at': '2024-02-12T18:04:52-05:00', 'position': 1, 'updated_at': '2024-02-12T18:04:54-05:00', 'product_id': 9163569037471, 'variant_ids': [], 'src': 'https://cdn.shopify.com/s/files/1/0483/9115/9967/files/240208_TARCC_MUG_White_01.png?v=1707779094', 'width': 2048, 'height': 2048}, {'id': 37326555709599, 'created_at': '2024-02-12T18:04:52-05:00', 'position': 2, 'updated_at': '2025-06-13T15:25:53-04:00', 'product_id': 9163569037471, 'variant_ids': [], 'src': 'https://cdn.shopify.com/s/files/1/0483/9115/9967/files/240208_TARCC_MUG_White_02.png?v=1749842753', 'width': 2048, 'height': 2048}, {'id': 37326555742367, 'created_at': '2024-02-12T18:04:52-05:00', 'position': 3, 'updated_at': '2024-02-12T18:04:55-05:00', 'product_id': 9163569037471, 'variant_ids': [], 'src': 'https://cdn.shopify.com/s/files/1/0483/9115/9967/files/240208_TARCC_MUG_White_03.png?v=1707779095', 'width': 2048, 'height': 2048}, {'id': 37326555775135, 'created_at': '2024-02-12T18:04:52-05:00', 'position': 4, 'updated_at': '2025-06-13T15:25:53-04:00', 'product_id': 9163569037471, 'variant_ids': [], 'src': 'https://cdn.shopify.com/s/files/1/0483/9115/9967/files/240208_TARCC_MUG_White_04.png?v=1749842753', 'width': 2048, 'height': 2048}, {'id': 37326679441567, 'created_at': '2024-02-12T18:36:54-05:00', 'position': 5, 'updated_at': '2025-06-13T15:25:53-04:00', 'product_id': 9163569037471, 'variant_ids': [], 'src': 'https://cdn.shopify.com/s/files/1/0483/9115/9967/files/0A493AC1-1488-4EA8-991F-8B9A8A904E84.png?v=1749842753', 'width': 2560, 'height': 1920}, {'id': 37326679376031, 'created_at': '2024-02-12T18:36:54-05:00', 'position': 6, 'updated_at': '2024-02-12T18:36:55-05:00', 'product_id': 9163569037471, 'variant_ids': [], 'src': 'https://cdn.shopify.com/s/files/1/0483/9115/9967/files/0DDEC3A8-5BFA-4798-946B-695AF3F8B4DF.png?v=1707781015', 'width': 2560, 'height': 1920}]","[{'name': 'Title', 'position': 1, 'values': ['Default Title']}]",https://theangryroaster.com/products/white-mug,,,,,,,,,,,
25,46311525220511,M,M,,,,True,True,,False,28.00,500,,1,9499854504095,2024-08-05T16:10:13-04:00,2026-10-09T07:37:16-04:00,9499854504095,Fueling Revolutions - T-Shirt,fueling-revolutions-t-shirt,2024-10-28T08:43:12-04:00,2024-08-05T16:10:12-04:00,2026-10-09T07:37:16-04:00,The Angry Roaster Coffee Co.,Merch,[],"[{'id': 42339846258847, 'created_at': '2024-08-05T16:13:20-04:00', 'position': 1, 'updated_at': '2024-08-05T16:13:22-04:00', 'product_id': 9499854504095, 'variant_ids': [], 'src': 'https://cdn.shopify.com/s/files/1/0483/9115/9967/files/BR1_3883_2148px_WEB_color.jpg?v=1722888802', 'width': 2148, 'height': 2148}, {'id': 42339846291615, 'created_at': '2024-08-05T16:13:21-04:00', 'position': 2, 'updated_at': '2024-08-05T16:13:22-04:00', 'product_id': 9499854504095, 'variant_ids': [], 'src': 'https://cdn.shopify.com/s/files/1/0483/9115/9967/files/BR1_3886_2148px_WEB_color.jpg?v=1722888802', 'width': 2148, 'height': 2148}, {'id': 42339902292127, 'created_at': '2024-08-05T16:13:56-04:00', 'position': 3, 'updated_at': '2024-08-05T16:13:58-04:00', 'product_id': 9499854504095, 'variant_ids': [46311525253279, 46311613431967], 'src': 'https://cdn.shopify.com/s/files/1/0483/9115/9967/files/BR1_4121_2148px_WEB_color.jpg?v=1722888838', 'width': 2148, 'height': 2148}, {'id': 42339902324895, 'created_at': '2024-08-05T16:14:06-04:00', 'position': 4, 'updated_at': '2024-08-05T16:14:08-04:00', 'product_id': 9499854504095, 'variant_ids': [46311525220511, 46311613366431], 'src': 'https://cdn.shopify.com/s/files/1/0483/9115/9967/files/Captura_de_pantalla_2024-08-05_a_la_s_2.12.25_p.m..png?v=1722888848', 'width': 1114, 'height': 1118}]","[{'name': 'Size', 'position': 1, 'values': ['M', 'L', 'XL', '2XL']}]",https://theangryroaster.com/products/fueling-revolutions-t-shirt,,42339902324895.0,9499854504095.0,4.0,2024-08-05T16:14:06-04:00,2024-08-05T16:14:08-04:00,,1114.0,1118.0,https://cdn.shopify.com/s/files/1/0483/9115/9967/files/Captura_de_pantalla_2024-08-05_a_la_s_2.12.25_p.m..png?v=1722888848,"[46311525220511, 46311613366431]"
26,46311613366431,L,L,,,,True,True,,False,28.00,500,,2,9499854504095,2024-08-05T16:14:23-04:00,2026-10-09T07:37:16-04:00,9499854504095,Fueling Revolutions - T-Shirt,fueling-revolutions-t-shirt,2024-10-28T08:43:12-04:00,2024-08-05T16:10:12-04:00,2026-10-09T07:37:16-04:00,The Angry Roaster Coffee Co.,Merch,[],"[{'id': 42339846258847, 'created_at': '2024-08-05T16:13:20-04:00', 'position': 1, 'updated_at': '2024-08-05T16:13:22-04:00', 'product_id': 9499854504095, 'variant_ids': [], 'src': 'https://cdn.shopify.com/s/files/1/0483/9115/9967/files/BR1_3883_2148px_WEB_color.jpg?v=1722888802', 'width': 2148, 'height': 2148}, {'id': 42339846291615, 'created_at': '2024-08-05T16:13:21-04:00', 'position': 2, 'updated_at': '2024-08-05T16:13:22-04:00', 'product_id': 9499854504095, 'variant_ids': [], 'src': 'https://cdn.shopify.com/s/files/1/0483/9115/9967/files/BR1_3886_2148px_WEB_color.jpg?v=1722888802', 'width': 2148, 'height': 2148}, {'id': 42339902292127, 'created_at': '2024-08-05T16:13:56-04:00', 'position': 3, 'updated_at': '2024-08-05T16:13:58-04:00', 'product_id': 9499854504095, 'variant_ids': [46311525253279, 46311613431967], 'src': 'https://cdn.shopify.com/s/files/1/0483/9115/9967/files/BR1_4121_2148px_WEB_color.jpg?v=1722888838', 'width': 2148, 'height': 2148}, {'id': 42339902324895, 'created_at': '2024-08-05T16:14:06-04:00', 'position': 4, 'updated_at': '2024-08-05T16:14:08-04:00', 'product_id': 9499854504095, 'variant_ids': [46311525220511, 46311613366431], 'src': 'https://cdn.shopify.com/s/files/1/0483/9115/9967/files/Captura_de_pantalla_2024-08-05_a_la_s_2.12.25_p.m..png?v=1722888848', 'width': 1114, 'height': 1118}]","[{'name': 'Size', 'position': 1, 'values': ['M', 'L', 'XL', '2XL']}]",https://theangryroaster.com/products/fueling-revolutions-t-shirt,,42339902324895.0,9499854504095.0,4.0,2024-08-05T16:14:06-04:00,2024-08-05T16:14:08-04:00,,1114.0,1118.0,https://cdn.shopify.com/s/files/1/0483/9115/9967/files/Captura_de_pantalla_2024-08-05_a_la_s_2.12.25_p.m..png?v=1722888848,"[46311525220511, 46311613366431]"
27,46311613431967,XL,XL,,,,True,True,,False,28.00,500,,3,9499854504095,2024-08-05T16:14:23-04:00,2026-10-09T07:37:16-04:00,9499854504095,Fueling Revolutions - T-Shirt,fueling-revolutions-t-shirt,2024-10-28T08:43:12-04:00,2024-08-05T16:10:12-04:00,2026-10-09T07:37:16-04:00,The Angry Roaster Coffee Co.,Merch,[],"[{'id': 42339846258847, 'created_at': '2024-08-05T16:13:20-04:00', 'position': 1, 'updated_at': '2024-08-05T16:13:22-04:00', 'product_id': 9499854504095, 'variant_ids': [], 'src': 'https://cdn.shopify.com/s/files/1/0483/9115/9967/files/BR1_3883_2148px_WEB_color.jpg?v=1722888802', 'width': 2148, 'height': 2148}, {'id': 42339846291615, 'created_at': '2024-08-05T16:13:21-04:00', 'position': 2, 'updated_at': '2024-08-05T16:13:22-04:00', 'product_id': 9499854504095, 'variant_ids': [], 'src': 'https://cdn.shopify.com/s/files/1/0483/9115/9967/files/BR1_3886_2148px_WEB_color.jpg?v=1722888802', 'width': 2148, 'height': 2148}, {'id': 42339902292127, 'created_at': '2024-08-05T16:13:56-04:00', 'position': 3, 'updated_at': '2024-08-05T16:13:58-04:00', 'product_id': 9499854504095, 'variant_ids': [46311525253279, 46311613431967], 'src': 'https://cdn.shopify.com/s/files/1/0483/9115/9967/files/BR1_4121_2148px_WEB_color.jpg?v=1722888838', 'width': 2148, 'height': 2148}, {'id': 42339902324895, 'created_at': '2024-08-05T16:14:06-04:00', 'position': 4, 'updated_at': '2024-08-05T16:14:08-04:00', 'product_id': 9499854504095, 'variant_ids': [46311525220511, 46311613366431], 'src': 'https://cdn.shopify.com/s/files/1/0483/9115/9967/files/Captura_de_pantalla_2024-08-05_a_la_s_2.12.25_p.m..png?v=1722888848', 'width': 1114, 'height': 1118}]","[{'name': 'Size', 'position': 1, 'values': ['M', 'L', 'XL', '2XL']}]",https://theangryroaster.com/products/fueling-revolutions-t-shirt,,42339902292127.0,9499854504095.0,3.0,2024-08-05T16:13:56-04:00,2024-08-05T16:13:58-04:00,,2148.0,2148.0,https://cdn.shopify.com/s/files/1/0483/9115/9967/files/BR1_4121_2148px_WEB_color.jpg?v=1722888838,"[46311525253279, 46311613431967]"
28,46311525253279,2XL,2XL,,,,True,True,,False,28.00,450,,4,9499854504095,2024-08-05T16:10:13-04:00,2026-10-09T07:37:16-04:00,9499854504095,Fueling Revolutions - T-Shirt,fueling-revolutions-t-shirt,2024-10-28T08:43:12-04:00,2024-08-05T16:10:12-04:00,2026-10-09T07:37:16-04:00,The Angry Roaster Coffee Co.,Merch,[],"[{'id': 42339846258847, 'created_at': '2024-08-05T16:13:20-04:00', 'position': 1, 'updated_at': '2024-08-05T16:13:22-04:00', 'product_id': 9499854504095, 'variant_ids': [], 'src': 'https://cdn.shopify.com/s/files/1/0483/9115/9967/files/BR1_3883_2148px_WEB_color.jpg?v=1722888802', 'width': 2148, 'height': 2148}, {'id': 42339846291615, 'created_at': '2024-08-05T16:13:21-04:00', 'position': 2, 'updated_at': '2024-08-05T16:13:22-04:00', 'product_id': 9499854504095, 'variant_ids': [], 'src': 'https://cdn.shopify.com/s/files/1/0483/9115/9967/files/BR1_3886_2148px_WEB_color.jpg?v=1722888802', 'width': 2148, 'height': 2148}, {'id': 42339902292127, 'created_at': '2024-08-05T16:13:56-04:00', 'position': 3, 'updated_at': '2024-08-05T16:13:58-04:00', 'product_id': 9499854504095, 'variant_ids': [46311525253279, 46311613431967], 'src': 'https://cdn.shopify.com/s/files/1/0483/9115/9967/files/BR1_4121_2148px_WEB_color.jpg?v=1722888838', 'width': 2148, 'height': 2148}, {'id': 42339902324895, 'created_at': '2024-08-05T16:14:06-04:00', 'position': 4, 'updated_at': '2024-08-05T16:14:08-04:00', 'product_id': 9499854504095, 'variant_ids': [46311525220511, 46311613366431], 'src': 'https://cdn.shopify.com/s/files/1/0483/9115/9967/files/Captura_de_pantalla_2024-08-05_a_la_s_2.12.25_p.m..png?v=1722888848', 'width': 1114, 'height': 1118}]","[{'name': 'Size', 'position': 1, 'values': ['M', 'L', 'XL', '2XL']}]",https://theangryroaster.com/products/fueling-revolutions-t-shirt,,42339902292127.0,9499854504095.0,3.0,2024-08-05T16:13:56-04:00,2024-08-05T16:13:58-04:00,,2148.0,2148.0,https://cdn.shopify.com/s/files/1/0483/9115/9967/files/BR1_4121_2148px_WEB_color.jpg?v=1722888838,"[46311525253279, 46311613431967]"
29,46314791960735,M,M,,,,True,True,,False,40.00,500,,1,9500027814047,2024-08-05T20:20:07-04:00,2026-10-09T07:37:16-04:00,9500027814047,THE ANGRY ROASTING CREW - Long Sleeve,the-angry-roasting-crew-long-sleeve,2024-10-14T17:44:33-04:00,2024-08-05T20:20:07-04:00,2026-10-09T07:37:16-04:00,The Angry Roaster Coffee Co.,Merch,[],"[{'id': 42348738642079, 'created_at': '2024-08-05T20:31:44-04:00', 'position': 1, 'updated_at': '2024-08-05T20:31:46-04:00', 'product_id': 9500027814047, 'variant_ids': [46314791960735, 46314791993503, 46314792026271, 46314792059039], 'src': 'https://cdn.shopify.com/s/files/1/0483/9115/9967/files/BR1_8976_eef63baf-70f7-43c7-bd73-deb7050e1338.jpg?v=1722904306', 'width': 2048, 'height': 2048}]","[{'name': 'Size', 'position': 1, 'values': ['M', 'L', 'XL', '2XL']}]",https://theangryroaster.com/products/the-angry-roasting-crew-long-sleeve,,42348738642079.0,9500027814047.0,1.0,2024-08-05T20:31:44-04:00,2024-08-05T20:31:46-04:00,,2048.0,2048.0,https://cdn.shopify.com/s/files/1/0483/9115/9967/files/BR1_8976_eef63baf-70f7-43c7-bd73-deb7050e1338.jpg?v=1722904306,"[46314791960735, 46314791993503, 46314792026271, 46314792059039]"
30,46314791993503,L,L,,,,True,True,,False,40.00,250,,2,9500027814047,2024-08-05T20:20:07-04:00,2026-10-09T07:37:16-04:00,9500027814047,THE ANGRY ROASTING CREW - Long Sleeve,the-angry-roasting-crew-long-sleeve,2024-10-14T17:44:33-04:00,2024-08-05T20:20:07-04:00,2026-10-09T07:37:16-04:00,The Angry Roaster Coffee Co.,Merch,[],"[{'id': 42348738642079, 'created_at': '2024-08-05T20:31:44-04:00', 'position': 1, 'updated_at': '2024-08-05T20:31:46-04:00', 'product_id': 9500027814047, 'variant_ids': [46314791960735, 46314791993503, 46314792026271, 46314792059039], 'src': 'https://cdn.shopify.com/s/files/1/0483/9115/9967/files/BR1_8976_eef63baf-70f7-43c7-bd73-deb7050e1338.jpg?v=1722904306', 'width': 2048, 'height': 2048}]","[{'name': 'Size', 'position': 1, 'values': ['M', 'L', 'XL', '2XL']}]",https://theangryroaster.com/products/the-angry-roasting-crew-long-sleeve,,42348738642079.0,9500027814047.0,1.0,2024-08-05T20:31:44-04:00,2024-08-05T20:31:46-04:00,,2048.0,2048.0,https://cdn.shopify.com/s/files/1/0483/9115/9967/files/BR1_8976_eef63baf-70f7-43c7-bd73-deb7050e1338.jpg?v=1722904306,"[46314791960735, 46314791993503, 46314792026271, 46314792059039]"
31,46314792026271,XL,XL,,,,True,True,,False,40.00,500,,3,9500027814047,2024-08-05T20:20:07-04:00,2026-10-09T07:37:16-04:00,9500027814047,THE ANGRY ROASTING CREW - Long Sleeve,the-angry-roasting-crew-long-sleeve,2024-10-14T17:44:33-04:00,2024-08-05T20:20:07-04:00,2026-10-09T07:37:16-04:00,The Angry Roaster Coffee Co.,Merch,[],"[{'id': 42348738642079, 'created_at': '2024-08-05T20:31:44-04:00', 'position': 1, 'updated_at': '2024-08-05T20:31:46-04:00', 'product_id': 9500027814047, 'variant_ids': [46314791960735, 46314791993503, 46314792026271, 46314792059039], 'src': 'https://cdn.shopify.com/s/files/1/0483/9115/9967/files/BR1_8976_eef63baf-70f7-43c7-bd73-deb7050e1338.jpg?v=1722904306', 'width': 2048, 'height': 2048}]","[{'name': 'Size', 'position': 1, 'values': ['M', 'L', 'XL', '2XL']}]",https://theangryroaster.com/products/the-angry-roasting-crew-long-sleeve,,42348738642079.0,9500027814047.0,1.0,2024-08-05T20:31:44-04:00,2024-08-05T20:31:46-04:00,,2048.0,2048.0,https://cdn.shopify.com/s/files/1/0483/9115/9967/files/BR1_8976_eef63baf-70f7-43c7-bd73-deb7050e1338.jpg?v=1722904306,"[46314791960735, 46314791993503, 46314792026271, 46314792059039]"
32,46314792059039,2XL,2XL,,,,True,True,,False,40.00,500,,4,9500027814047,2024-08-05T20:20:07-04:00,2026-10-09T07:37:16-04:00,9500027814047,THE ANGRY ROASTING CREW - Long Sleeve,the-angry-roasting-crew-long-sleeve,2024-10-14T17:44:33-04:00,2024-08-05T20:20:07-04:00,2026-10-09T07:37:16-04:00,The Angry Roaster Coffee Co.,Merch,[],"[{'id': 42348738642079, 'created_at': '2024-08-05T20:31:44-04:00', 'position': 1, 'updated_at': '2024-08-05T20:31:46-04:00', 'product_id': 9500027814047, 'variant_ids': [46314791960735, 46314791993503, 46314792026271, 46314792059039], 'src': 'https://cdn.shopify.com/s/files/1/0483/9115/9967/files/BR1_8976_eef63baf-70f7-43c7-bd73-deb7050e1338.jpg?v=1722904306', 'width': 2048, 'height': 2048}]","[{'name': 'Size', 'position': 1, 'values': ['M', 'L', 'XL', '2XL']}]",https://theangryroaster.com/products/the-angry-roasting-crew-long-sleeve,,42348738642079.0,9500027814047.0,1.0,2024-08-05T20:31:44-04:00,2024-08-05T20:31:46-04:00,,2048.0,2048.0,https://cdn.shopify.com/s/files/1/0483/9115/9967/files/BR1_8976_eef63baf-70f7-43c7-bd73-deb7050e1338.jpg?v=1722904306,"[46314791960735, 46314791993503, 46314792026271, 46314792059039]"
33,44538996687007,M,M,,,,True,True,,False,36.00,500,,1,9063538393247,2023-10-10T18:53:14-04:00,2026-10-09T07:37:16-04:00,9063538393247,THE ANGRY ROASTING CREW - TShirt,the-angry-roasters-roasting-long-sleeve,2024-09-05T15:10:01-04:00,2023-10-10T18:53:14-04:00,2026-10-09T07:37:16-04:00,The Angry Roaster Coffee Co.,Merch,[],"[{'id': 42347290067103, 'created_at': '2024-08-05T20:12:02-04:00', 'position': 1, 'updated_at': '2024-08-05T20:12:05-04:00', 'product_id': 9063538393247, 'variant_ids': [], 'src': 'https://cdn.shopify.com/s/files/1/0483/9115/9967/files/BR1_3883_2148px_WEB_color.png?v=1722903125', 'width': 2148, 'height': 2148}, {'id': 42347290362015, 'created_at': '2024-08-05T20:12:03-04:00', 'position': 2, 'updated_at': '2024-08-05T20:12:06-04:00', 'product_id': 9063538393247, 'variant_ids': [44538996719775], 'src': 'https://cdn.shopify.com/s/files/1/0483/9115/9967/files/BR1_3886_2148px_WEB_color.png?v=1722903126', 'width': 2148, 'height': 2148}, {'id': 42347290001567, 'created_at': '2024-08-05T20:12:03-04:00', 'position': 3, 'updated_at': '2024-08-05T20:12:05-04:00', 'product_id': 9063538393247, 'variant_ids': [44538996687007, 46314490658975, 46314490691743], 'src': 'https://cdn.shopify.com/s/files/1/0483/9115/9967/files/BR1_4121_2148px_WEB_color.png?v=1722903125', 'width': 2148, 'height': 2148}]","[{'name': 'Size', 'position': 1, 'values': ['M', 'L', 'XL', '2XL']}]",https://theangryroaster.com/products/the-angry-roasters-roasting-long-sleeve,,42347290001567.0,9063538393247.0,3.0,2024-08-05T20:12:03-04:00,2024-08-05T20:12:05-04:00,,2148.0,2148.0,https://cdn.shopify.com/s/files/1/0483/9115/9967/files/BR1_4121_2148px_WEB_color.png?v=1722903125,"[44538996687007, 46314490658975, 46314490691743]"
34,44538996719775,L,L,,,,True,True,,False,36.00,250,,2,9063538393247,2023-10-10T18:53:14-04:00,2026-10-09T07:37:16-04:00,9063538393247,THE ANGRY ROASTING CREW - TShirt,the-angry-roasters-roasting-long-sleeve,2024-09-05T15:10:01-04:00,2023-10-10T18:53:14-04:00,2026-10-09T07:37:16-04:00,The Angry Roaster Coffee Co.,Merch,[],"[{'id': 42347290067103, 'created_at': '2024-08-05T20:12:02-04:00', 'position': 1, 'updated_at': '2024-08-05T20:12:05-04:00', 'product_id': 9063538393247, 'variant_ids': [], 'src': 'https://cdn.shopify.com/s/files/1/0483/9115/9967/files/BR1_3883_2148px_WEB_color.png?v=1722903125', 'width': 2148, 'height': 2148}, {'id': 42347290362015, 'created_at': '2024-08-05T20:12:03-04:00', 'position': 2, 'updated_at': '2024-08-05T20:12:06-04:00', 'product_id': 9063538393247, 'variant_ids': [44538996719775], 'src': 'https://cdn.shopify.com/s/files/1/0483/9115/9967/files/BR1_3886_2148px_WEB_color.png?v=1722903126', 'width': 2148, 'height': 2148}, {'id': 42347290001567, 'created_at': '2024-08-05T20:12:03-04:00', 'position': 3, 'updated_at': '2024-08-05T20:12:05-04:00', 'product_id': 9063538393247, 'variant_ids': [44538996687007, 46314490658975, 46314490691743], 'src': 'https://cdn.shopify.com/s/files/1/0483/9115/9967/files/BR1_4121_2148px_WEB_color.png?v=1722903125', 'width': 2148, 'height': 2148}]","[{'name': 'Size', 'position': 1, 'values': ['M', 'L', 'XL', '2XL']}]",https://theangryroaster.com/products/the-angry-roasters-roasting-long-sleeve,,42347290362015.0,9063538393247.0,2.0,2024-08-05T20:12:03-04:00,2024-08-05T20:12:06-04:00,,2148.0,2148.0,https://cdn.shopify.com/s/files/1/0483/9115/9967/files/BR1_3886_2148px_WEB_color.png?v=1722903126,[44538996719775]
35,46314490658975,XL,XL,,,,True,True,,False,36.00,500,,3,9063538393247,2024-08-05T20:12:36-04:00,2026-10-09T07:37:16-04:00,9063538393247,THE ANGRY ROASTING CREW - TShirt,the-angry-roasters-roasting-long-sleeve,2024-09-05T15:10:01-04:00,2023-10-10T18:53:14-04:00,2026-10-09T07:37:16-04:00,The Angry Roaster Coffee Co.,Merch,[],"[{'id': 42347290067103, 'created_at': '2024-08-05T20:12:02-04:00', 'position': 1, 'updated_at': '2024-08-05T20:12:05-04:00', 'product_id': 9063538393247, 'variant_ids': [], 'src': 'https://cdn.shopify.com/s/files/1/0483/9115/9967/files/BR1_3883_2148px_WEB_color.png?v=1722903125', 'width': 2148, 'height': 2148}, {'id': 42347290362015, 'created_at': '2024-08-05T20:12:03-04:00', 'position': 2, 'updated_at': '2024-08-05T20:12:06-04:00', 'product_id': 9063538393247, 'variant_ids': [44538996719775], 'src': 'https://cdn.shopify.com/s/files/1/0483/9115/9967/files/BR1_3886_2148px_WEB_color.png?v=1722903126', 'width': 2148, 'height': 2148}, {'id': 42347290001567, 'created_at': '2024-08-05T20:12:03-04:00', 'position': 3, 'updated_at': '2024-08-05T20:12:05-04:00', 'product_id': 9063538393247, 'variant_ids': [44538996687007, 46314490658975, 46314490691743], 'src': 'https://cdn.shopify.com/s/files/1/0483/9115/9967/files/BR1_4121_2148px_WEB_color.png?v=1722903125', 'width': 2148, 'height': 2148}]","[{'name': 'Size', 'position': 1, 'values': ['M', 'L', 'XL', '2XL']}]",https://theangryroaster.com/products/the-angry-roasters-roasting-long-sleeve,,42347290001567.0,9063538393247.0,3.0,2024-08-05T20:12:03-04:00,2024-08-05T20:12:05-04:00,,2148.0,2148.0,https://cdn.shopify.com/s/files/1/0483/9115/9967/files/BR1_4121_2148px_WEB_color.png?v=1722903125,"[44538996687007, 46314490658975, 46314490691743]"
36,46314490691743,2XL,2XL,,,,True,True,,False,36.00,500,,4,9063538393247,2024-08-05T20:12:36-04:00,2026-10-09T07:37:16-04:00,9063538393247,THE ANGRY ROASTING CREW - TShirt,the-angry-roasters-roasting-long-sleeve,2024-09-05T15:10:01-04:00,2023-10-10T18:53:14-04:00,2026-10-09T07:37:16-04:00,The Angry Roaster Coffee Co.,Merch,[],"[{'id': 42347290067103, 'created_at': '2024-08-05T20:12:02-04:00', 'position': 1, 'updated_at': '2024-08-05T20:12:05-04:00', 'product_id': 9063538393247, 'variant_ids': [], 'src': 'https://cdn.shopify.com/s/files/1/0483/9115/9967/files/BR1_3883_2148px_WEB_color.png?v=1722903125', 'width': 2148, 'height': 2148}, {'id': 42347290362015, 'created_at': '2024-08-05T20:12:03-04:00', 'position': 2, 'updated_at': '2024-08-05T20:12:06-04:00', 'product_id': 9063538393247, 'variant_ids': [44538996719775], 'src': 'https://cdn.shopify.com/s/files/1/0483/9115/9967/files/BR1_3886_2148px_WEB_color.png?v=1722903126', 'width': 2148, 'height': 2148}, {'id': 42347290001567, 'created_at': '2024-08-05T20:12:03-04:00', 'position': 3, 'updated_at': '2024-08-05T20:12:05-04:00', 'product_id': 9063538393247, 'variant_ids': [44538996687007, 46314490658975, 46314490691743], 'src': 'https://cdn.shopify.com/s/files/1/0483/9115/9967/files/BR1_4121_2148px_WEB_color.png?v=1722903125', 'width': 2148, 'height': 2148}]","[{'name': 'Size', 'position': 1, 'values': ['M', 'L', 'XL', '2XL']}]",https://theangryroaster.com/products/the-angry-roasters-roasting-long-sleeve,,42347290001567.0,9063538393247.0,3.0,2024-08-05T20:12:03-04:00,2024-08-05T20:12:05-04:00,,2148.0,2148.0,https://cdn.shopify.com/s/files/1/0483/9115/9967/files/BR1_4121_2148px_WEB_color.png?v=1722903125,"[44538996687007, 46314490658975, 46314490691743]"
37,46316957335711,M / Blue Spruce,M,Blue Spruce,,,True,False,,False,35.00,0,,1,9500192702623,2024-08-05T22:29:01-04:00,2026-10-09T07:37:16-04:00,9500192702623,The World's About to End - Tshirt,the-worlds-about-to-end-tshirt,2024-08-05T22:29:00-04:00,2024-08-05T22:29:00-04:00,2026-10-09T07:37:16-04:00,The Angry Roaster Coffee Co.,Merch,[],"[{'id': 42353415192735, 'created_at': '2024-08-05T22:30:38-04:00', 'position': 1, 'updated_at': '2024-08-05T22:30:40-04:00', 'product_id': 9500192702623, 'variant_ids': [46316957401247], 'src': 'https://cdn.shopify.com/s/files/1/0483/9115/9967/files/BR1_3870_2148px_WEB_color_59d94d4c-574c-41d7-abd0-ccb9ad6ff835.jpg?v=1722911440', 'width': 2148, 'height': 2148}, {'id': 42353415159967, 'created_at': '2024-08-05T22:30:38-04:00', 'position': 2, 'updated_at': '2024-08-05T22:30:40-04:00', 'product_id': 9500192702623, 'variant_ids': [46316957335711, 46316957434015], 'src': 'https://cdn.shopify.com/s/files/1/0483/9115/9967/files/BR1_3873_2148px_WEB_color_4f4dca66-ca0e-4e12-b471-96d315001f40.jpg?v=1722911440', 'width': 2148, 'height': 2148}, {'id': 42353415225503, 'created_at': '2024-08-05T22:30:38-04:00', 'position': 3, 'updated_at': '2024-08-05T22:30:40-04:00', 'product_id': 9500192702623, 'variant_ids': [46316957368479], 'src': 'https://cdn.shopify.com/s/files/1/0483/9115/9967/files/Captura_de_pantalla_2024-08-05_a_la_s_1.37.03_p.m..webp?v=1722911440', 'width': 1114, 'height': 1118}, {'id': 42353415258271, 'created_at': '2024-08-05T22:30:38-04:00', 'position': 4, 'updated_at': '2024-08-05T22:30:40-04:00', 'product_id': 9500192702623, 'variant_ids': [46316957466783, 46316957499551, 46316957532319, 46316957565087], 'src': 'https://cdn.shopify.com/s/files/1/0483/9115/9967/files/BR1_3877_2148px_WEB_color_2743f904-3785-477f-b075-fc4ab4d50633.jpg?v=1722911440', 'width': 2148, 'height': 2148}, {'id': 42353415291039, 'created_at': '2024-08-05T22:30:38-04:00', 'position': 5, 'updated_at': '2024-08-05T22:30:40-04:00', 'product_id': 9500192702623, 'variant_ids': [], 'src': 'https://cdn.shopify.com/s/files/1/0483/9115/9967/files/Captura_de_pantalla_2024-08-05_a_la_s_1.33.37_p.m..webp?v=1722911440', 'width': 1004, 'height': 1052}]","[{'name': 'Size', 'position': 1, 'values': ['M', 'L', 'XL', '2XL']}, {'name': 'Color', 'position': 2, 'values': ['Blue Spruce', 'Berry']}]",https://theangryroaster.com/products/the-worlds-about-to-end-tshirt,,42353415159967.0,9500192702623.0,2.0,2024-08-05T22:30:38-04:00,2024-08-05T22:30:40-04:00,,2148.0,2148.0,https://cdn.shopify.com/s/files/1/0483/9115/9967/files/BR1_3873_2148px_WEB_color_4f4dca66-ca0e-4e12-b471-96d315001f40.jpg?v=1722911440,"[46316957335711, 46316957434015]"
38,46316957466783,M / Berry,M,Berry,,,True,False,,False,35.00,0,,2,9500192702623,2024-08-05T22:29:01-04:00,2026-10-09T07:37:16-04:00,9500192702623,The World's About to End - Tshirt,the-worlds-about-to-end-tshirt,2024-08-05T22:29:00-04:00,2024-08-05T22:29:00-04:00,2026-10-09T07:37:16-04:00,The Angry Roaster Coffee Co.,Merch,[],"[{'id': 42353415192735, 'created_at': '2024-08-05T22:30:38-04:00', 'position': 1, 'updated_at': '2024-08-05T22:30:40-04:00', 'product_id': 9500192702623, 'variant_ids': [46316957401247], 'src': 'https://cdn.shopify.com/s/files/1/0483/9115/9967/files/BR1_3870_2148px_WEB_color_59d94d4c-574c-41d7-abd0-ccb9ad6ff835.jpg?v=1722911440', 'width': 2148, 'height': 2148}, {'id': 42353415159967, 'created_at': '2024-08-05T22:30:38-04:00', 'position': 2, 'updated_at': '2024-08-05T22:30:40-04:00', 'product_id': 9500192702623, 'variant_ids': [46316957335711, 46316957434015], 'src': 'https://cdn.shopify.com/s/files/1/0483/9115/9967/files/BR1_3873_2148px_WEB_color_4f4dca66-ca0e-4e12-b471-96d315001f40.jpg?v=1722911440', 'width': 2148, 'height': 2148}, {'id': 42353415225503, 'created_at': '2024-08-05T22:30:38-04:00', 'position': 3, 'updated_at': '2024-08-05T22:30:40-04:00', 'product_id': 9500192702623, 'variant_ids': [46316957368479], 'src': 'https://cdn.shopify.com/s/files/1/0483/9115/9967/files/Captura_de_pantalla_2024-08-05_a_la_s_1.37.03_p.m..webp?v=1722911440', 'width': 1114, 'height': 1118}, {'id': 42353415258271, 'created_at': '2024-08-05T22:30:38-04:00', 'position': 4, 'updated_at': '2024-08-05T22:30:40-04:00', 'product_id': 9500192702623, 'variant_ids': [46316957466783, 46316957499551, 46316957532319, 46316957565087], 'src': 'https://cdn.shopify.com/s/files/1/0483/9115/9967/files/BR1_3877_2148px_WEB_color_2743f904-3785-477f-b075-fc4ab4d50633.jpg?v=1722911440', 'width': 2148, 'height': 2148}, {'id': 42353415291039, 'created_at': '2024-08-05T22:30:38-04:00', 'position': 5, 'updated_at': '2024-08-05T22:30:40-04:00', 'product_id': 9500192702623, 'variant_ids': [], 'src': 'https://cdn.shopify.com/s/files/1/0483/9115/9967/files/Captura_de_pantalla_2024-08-05_a_la_s_1.33.37_p.m..webp?v=1722911440', 'width': 1004, 'height': 1052}]","[{'name': 'Size', 'position': 1, 'values': ['M', 'L', 'XL', '2XL']}, {'name': 'Color', 'position': 2, 'values': ['Blue Spruce', 'Berry']}]",https://theangryroaster.com/products/the-worlds-about-to-end-tshirt,,42353415258271.0,9500192702623.0,4.0,2024-08-05T22:30:38-04:00,2024-08-05T22:30:40-04:00,,2148.0,2148.0,https://cdn.shopify.com/s/files/1/0483/9115/9967/files/BR1_3877_2148px_WEB_color_2743f904-3785-477f-b075-fc4ab4d50633.jpg?v=1722911440,"[46316957466783, 46316957499551, 46316957532319, 46316957565087]"
39,46316957368479,L / Blue Spruce,L,Blue Spruce,,,True,False,,False,35.00,0,,3,9500192702623,2024-08-05T22:29:01-04:00,2026-10-09T07:37:16-04:00,9500192702623,The World's About to End - Tshirt,the-worlds-about-to-end-tshirt,2024-08-05T22:29:00-04:00,2024-08-05T22:29:00-04:00,2026-10-09T07:37:16-04:00,The Angry Roaster Coffee Co.,Merch,[],"[{'id': 42353415192735, 'created_at': '2024-08-05T22:30:38-04:00', 'position': 1, 'updated_at': '2024-08-05T22:30:40-04:00', 'product_id': 9500192702623, 'variant_ids': [46316957401247], 'src': 'https://cdn.shopify.com/s/files/1/0483/9115/9967/files/BR1_3870_2148px_WEB_color_59d94d4c-574c-41d7-abd0-ccb9ad6ff835.jpg?v=1722911440', 'width': 2148, 'height': 2148}, {'id': 42353415159967, 'created_at': '2024-08-05T22:30:38-04:00', 'position': 2, 'updated_at': '2024-08-05T22:30:40-04:00', 'product_id': 9500192702623, 'variant_ids': [46316957335711, 46316957434015], 'src': 'https://cdn.shopify.com/s/files/1/0483/9115/9967/files/BR1_3873_2148px_WEB_color_4f4dca66-ca0e-4e12-b471-96d315001f40.jpg?v=1722911440', 'width': 2148, 'height': 2148}, {'id': 42353415225503, 'created_at': '2024-08-05T22:30:38-04:00', 'position': 3, 'updated_at': '2024-08-05T22:30:40-04:00', 'product_id': 9500192702623, 'variant_ids': [46316957368479], 'src': 'https://cdn.shopify.com/s/files/1/0483/9115/9967/files/Captura_de_pantalla_2024-08-05_a_la_s_1.37.03_p.m..webp?v=1722911440', 'width': 1114, 'height': 1118}, {'id': 42353415258271, 'created_at': '2024-08-05T22:30:38-04:00', 'position': 4, 'updated_at': '2024-08-05T22:30:40-04:00', 'product_id': 9500192702623, 'variant_ids': [46316957466783, 46316957499551, 46316957532319, 46316957565087], 'src': 'https://cdn.shopify.com/s/files/1/0483/9115/9967/files/BR1_3877_2148px_WEB_color_2743f904-3785-477f-b075-fc4ab4d50633.jpg?v=1722911440', 'width': 2148, 'height': 2148}, {'id': 42353415291039, 'created_at': '2024-08-05T22:30:38-04:00', 'position': 5, 'updated_at': '2024-08-05T22:30:40-04:00', 'product_id': 9500192702623, 'variant_ids': [], 'src': 'https://cdn.shopify.com/s/files/1/0483/9115/9967/files/Captura_de_pantalla_2024-08-05_a_la_s_1.33.37_p.m..webp?v=1722911440', 'width': 1004, 'height': 1052}]","[{'name': 'Size', 'position': 1, 'values': ['M', 'L', 'XL', '2XL']}, {'name': 'Color', 'position': 2, 'values': ['Blue Spruce', 'Berry']}]",https://theangryroaster.com/products/the-worlds-about-to-end-tshirt,,42353415225503.0,9500192702623.0,3.0,2024-08-05T22:30:38-04:00,2024-08-05T22:30:40-04:00,,1114.0,1118.0,https://cdn.shopify.com/s/files/1/0483/9115/9967/files/Captura_de_pantalla_2024-08-05_a_la_s_1.37.03_p.m..webp?v=1722911440,[46316957368479]
40,46316957499551,L / Berry,L,Berry,,,True,False,,False,35.00,0,,4,9500192702623,2024-08-05T22:29:01-04:00,2026-10-09T07:37:16-04:00,9500192702623,The World's About to End - Tshirt,the-worlds-about-to-end-tshirt,2024-08-05T22:29:00-04:00,2024-08-05T22:29:00-04:00,2026-10-09T07:37:16-04:00,The Angry Roaster Coffee Co.,Merch,[],"[{'id': 42353415192735, 'created_at': '2024-08-05T22:30:38-04:00', 'position': 1, 'updated_at': '2024-08-05T22:30:40-04:00', 'product_id': 9500192702623, 'variant_ids': [46316957401247], 'src': 'https://cdn.shopify.com/s/files/1/0483/9115/9967/files/BR1_3870_2148px_WEB_color_59d94d4c-574c-41d7-abd0-ccb9ad6ff835.jpg?v=1722911440', 'width': 2148, 'height': 2148}, {'id': 42353415159967, 'created_at': '2024-08-05T22:30:38-04:00', 'position': 2, 'updated_at': '2024-08-05T22:30:40-04:00', 'product_id': 9500192702623, 'variant_ids': [46316957335711, 46316957434015], 'src': 'https://cdn.shopify.com/s/files/1/0483/9115/9967/files/BR1_3873_2148px_WEB_color_4f4dca66-ca0e-4e12-b471-96d315001f40.jpg?v=1722911440', 'width': 2148, 'height': 2148}, {'id': 42353415225503, 'created_at': '2024-08-05T22:30:38-04:00', 'position': 3, 'updated_at': '2024-08-05T22:30:40-04:00', 'product_id': 9500192702623, 'variant_ids': [46316957368479], 'src': 'https://cdn.shopify.com/s/files/1/0483/9115/9967/files/Captura_de_pantalla_2024-08-05_a_la_s_1.37.03_p.m..webp?v=1722911440', 'width': 1114, 'height': 1118}, {'id': 42353415258271, 'created_at': '2024-08-05T22:30:38-04:00', 'position': 4, 'updated_at': '2024-08-05T22:30:40-04:00', 'product_id': 9500192702623, 'variant_ids': [46316957466783, 46316957499551, 46316957532319, 46316957565087], 'src': 'https://cdn.shopify.com/s/files/1/0483/9115/9967/files/BR1_3877_2148px_WEB_color_2743f904-3785-477f-b075-fc4ab4d50633.jpg?v=1722911440', 'width': 2148, 'height': 2148}, {'id': 42353415291039, 'created_at': '2024-08-05T22:30:38-04:00', 'position': 5, 'updated_at': '2024-08-05T22:30:40-04:00', 'product_id': 9500192702623, 'variant_ids': [], 'src': 'https://cdn.shopify.com/s/files/1/0483/9115/9967/files/Captura_de_pantalla_2024-08-05_a_la_s_1.33.37_p.m..webp?v=1722911440', 'width': 1004, 'height': 1052}]","[{'name': 'Size', 'position': 1, 'values': ['M', 'L', 'XL', '2XL']}, {'name': 'Color', 'position': 2, 'values': ['Blue Spruce', 'Berry']}]",https://theangryroaster.com/products/the-worlds-about-to-end-tshirt,,42353415258271.0,9500192702623.0,4.0,2024-08-05T22:30:38-04:00,2024-08-05T22:30:40-04:00,,2148.0,2148.0,https://cdn.shopify.com/s/files/1/0483/9115/9967/files/BR1_3877_2148px_WEB_color_2743f904-3785-477f-b075-fc4ab4d50633.jpg?v=1722911440,"[46316957466783, 46316957499551, 46316957532319, 46316957565087]"
41,46316957401247,XL / Blue Spruce,XL,Blue Spruce,,,True,False,,False,35.00,0,,5,9500192702623,2024-08-05T22:29:01-04:00,2026-10-09T07:37:16-04:00,9500192702623,The World's About to End - Tshirt,the-worlds-about-to-end-tshirt,2024-08-05T22:29:00-04:00,2024-08-05T22:29:00-04:00,2026-10-09T07:37:16-04:00,The Angry Roaster Coffee Co.,Merch,[],"[{'id': 42353415192735, 'created_at': '2024-08-05T22:30:38-04:00', 'position': 1, 'updated_at': '2024-08-05T22:30:40-04:00', 'product_id': 9500192702623, 'variant_ids': [46316957401247], 'src': 'https://cdn.shopify.com/s/files/1/0483/9115/9967/files/BR1_3870_2148px_WEB_color_59d94d4c-574c-41d7-abd0-ccb9ad6ff835.jpg?v=1722911440', 'width': 2148, 'height': 2148}, {'id': 42353415159967, 'created_at': '2024-08-05T22:30:38-04:00', 'position': 2, 'updated_at': '2024-08-05T22:30:40-04:00', 'product_id': 9500192702623, 'variant_ids': [46316957335711, 46316957434015], 'src': 'https://cdn.shopify.com/s/files/1/0483/9115/9967/files/BR1_3873_2148px_WEB_color_4f4dca66-ca0e-4e12-b471-96d315001f40.jpg?v=1722911440', 'width': 2148, 'height': 2148}, {'id': 42353415225503, 'created_at': '2024-08-05T22:30:38-04:00', 'position': 3, 'updated_at': '2024-08-05T22:30:40-04:00', 'product_id': 9500192702623, 'variant_ids': [46316957368479], 'src': 'https://cdn.shopify.com/s/files/1/0483/9115/9967/files/Captura_de_pantalla_2024-08-05_a_la_s_1.37.03_p.m..webp?v=1722911440', 'width': 1114, 'height': 1118}, {'id': 42353415258271, 'created_at': '2024-08-05T22:30:38-04:00', 'position': 4, 'updated_at': '2024-08-05T22:30:40-04:00', 'product_id': 9500192702623, 'variant_ids': [46316957466783, 46316957499551, 46316957532319, 46316957565087], 'src': 'https://cdn.shopify.com/s/files/1/0483/9115/9967/files/BR1_3877_2148px_WEB_color_2743f904-3785-477f-b075-fc4ab4d50633.jpg?v=1722911440', 'width': 2148, 'height': 2148}, {'id': 42353415291039, 'created_at': '2024-08-05T22:30:38-04:00', 'position': 5, 'updated_at': '2024-08-05T22:30:40-04:00', 'product_id': 9500192702623, 'variant_ids': [], 'src': 'https://cdn.shopify.com/s/files/1/0483/9115/9967/files/Captura_de_pantalla_2024-08-05_a_la_s_1.33.37_p.m..webp?v=1722911440', 'width': 1004, 'height': 1052}]","[{'name': 'Size', 'position': 1, 'values': ['M', 'L', 'XL', '2XL']}, {'name': 'Color', 'position': 2, 'values': ['Blue Spruce', 'Berry']}]",https://theangryroaster.com/products/the-worlds-about-to-end-tshirt,,42353415192735.0,9500192702623.0,1.0,2024-08-05T22:30:38-04:00,2024-08-05T22:30:40-04:00,,2148.0,2148.0,https://cdn.shopify.com/s/files/1/0483/9115/9967/files/BR1_3870_2148px_WEB_color_59d94d4c-574c-41d7-abd0-ccb9ad6ff835.jpg?v=1722911440,[46316957401247]
42,46316957532319,XL / Berry,XL,Berry,,,True,False,,False,35.00,0,,6,9500192702623,2024-08-05T22:29:01-04:00,2026-10-09T07:37:16-04:00,9500192702623,The World's About to End - Tshirt,the-worlds-about-to-end-tshirt,2024-08-05T22:29:00-04:00,2024-08-05T22:29:00-04:00,2026-10-09T07:37:16-04:00,The Angry Roaster Coffee Co.,Merch,[],"[{'id': 42353415192735, 'created_at': '2024-08-05T22:30:38-04:00', 'position': 1, 'updated_at': '2024-08-05T22:30:40-04:00', 'product_id': 9500192702623, 'variant_ids': [46316957401247], 'src': 'https://cdn.shopify.com/s/files/1/0483/9115/9967/files/BR1_3870_2148px_WEB_color_59d94d4c-574c-41d7-abd0-ccb9ad6ff835.jpg?v=1722911440', 'width': 2148, 'height': 2148}, {'id': 42353415159967, 'created_at': '2024-08-05T22:30:38-04:00', 'position': 2, 'updated_at': '2024-08-05T22:30:40-04:00', 'product_id': 9500192702623, 'variant_ids': [46316957335711, 46316957434015], 'src': 'https://cdn.shopify.com/s/files/1/0483/9115/9967/files/BR1_3873_2148px_WEB_color_4f4dca66-ca0e-4e12-b471-96d315001f40.jpg?v=1722911440', 'width': 2148, 'height': 2148}, {'id': 42353415225503, 'created_at': '2024-08-05T22:30:38-04:00', 'position': 3, 'updated_at': '2024-08-05T22:30:40-04:00', 'product_id': 9500192702623, 'variant_ids': [46316957368479], 'src': 'https://cdn.shopify.com/s/files/1/0483/9115/9967/files/Captura_de_pantalla_2024-08-05_a_la_s_1.37.03_p.m..webp?v=1722911440', 'width': 1114, 'height': 1118}, {'id': 42353415258271, 'created_at': '2024-08-05T22:30:38-04:00', 'position': 4, 'updated_at': '2024-08-05T22:30:40-04:00', 'product_id': 9500192702623, 'variant_ids': [46316957466783, 46316957499551, 46316957532319, 46316957565087], 'src': 'https://cdn.shopify.com/s/files/1/0483/9115/9967/files/BR1_3877_2148px_WEB_color_2743f904-3785-477f-b075-fc4ab4d50633.jpg?v=1722911440', 'width': 2148, 'height': 2148}, {'id': 42353415291039, 'created_at': '2024-08-05T22:30:38-04:00', 'position': 5, 'updated_at': '2024-08-05T22:30:40-04:00', 'product_id': 9500192702623, 'variant_ids': [], 'src': 'https://cdn.shopify.com/s/files/1/0483/9115/9967/files/Captura_de_pantalla_2024-08-05_a_la_s_1.33.37_p.m..webp?v=1722911440', 'width': 1004, 'height': 1052}]","[{'name': 'Size', 'position': 1, 'values': ['M', 'L', 'XL', '2XL']}, {'name': 'Color', 'position': 2, 'values': ['Blue Spruce', 'Berry']}]",https://theangryroaster.com/products/the-worlds-about-to-end-tshirt,,42353415258271.0,9500192702623.0,4.0,2024-08-05T22:30:38-04:00,2024-08-05T22:30:40-04:00,,2148.0,2148.0,https://cdn.shopify.com/s/files/1/0483/9115/9967/files/BR1_3877_2148px_WEB_color_2743f904-3785-477f-b075-fc4ab4d50633.jpg?v=1722911440,"[46316957466783, 46316957499551, 46316957532319, 46316957565087]"
43,46316957434015,2XL / Blue Spruce,2XL,Blue Spruce,,,True,False,,True,35.00,0,,7,9500192702623,2024-08-05T22:29:01-04:00,2026-10-09T07:37:16-04:00,9500192702623,The World's About to End - Tshirt,the-worlds-about-to-end-tshirt,2024-08-05T22:29:00-04:00,2024-08-05T22:29:00-04:00,2026-10-09T07:37:16-04:00,The Angry Roaster Coffee Co.,Merch,[],"[{'id': 42353415192735, 'created_at': '2024-08-05T22:30:38-04:00', 'position': 1, 'updated_at': '2024-08-05T22:30:40-04:00', 'product_id': 9500192702623, 'variant_ids': [46316957401247], 'src': 'https://cdn.shopify.com/s/files/1/0483/9115/9967/files/BR1_3870_2148px_WEB_color_59d94d4c-574c-41d7-abd0-ccb9ad6ff835.jpg?v=1722911440', 'width': 2148, 'height': 2148}, {'id': 42353415159967, 'created_at': '2024-08-05T22:30:38-04:00', 'position': 2, 'updated_at': '2024-08-05T22:30:40-04:00', 'product_id': 9500192702623, 'variant_ids': [46316957335711, 46316957434015], 'src': 'https://cdn.shopify.com/s/files/1/0483/9115/9967/files/BR1_3873_2148px_WEB_color_4f4dca66-ca0e-4e12-b471-96d315001f40.jpg?v=1722911440', 'width': 2148, 'height': 2148}, {'id': 42353415225503, 'created_at': '2024-08-05T22:30:38-04:00', 'position': 3, 'updated_at': '2024-08-05T22:30:40-04:00', 'product_id': 9500192702623, 'variant_ids': [46316957368479], 'src': 'https://cdn.shopify.com/s/files/1/0483/9115/9967/files/Captura_de_pantalla_2024-08-05_a_la_s_1.37.03_p.m..webp?v=1722911440', 'width': 1114, 'height': 1118}, {'id': 42353415258271, 'created_at': '2024-08-05T22:30:38-04:00', 'position': 4, 'updated_at': '2024-08-05T22:30:40-04:00', 'product_id': 9500192702623, 'variant_ids': [46316957466783, 46316957499551, 46316957532319, 46316957565087], 'src': 'https://cdn.shopify.com/s/files/1/0483/9115/9967/files/BR1_3877_2148px_WEB_color_2743f904-3785-477f-b075-fc4ab4d50633.jpg?v=1722911440', 'width': 2148, 'height': 2148}, {'id': 42353415291039, 'created_at': '2024-08-05T22:30:38-04:00', 'position': 5, 'updated_at': '2024-08-05T22:30:40-04:00', 'product_id': 9500192702623, 'variant_ids': [], 'src': 'https://cdn.shopify.com/s/files/1/0483/9115/9967/files/Captura_de_pantalla_2024-08-05_a_la_s_1.33.37_p.m..webp?v=1722911440', 'width': 1004, 'height': 1052}]","[{'name': 'Size', 'position': 1, 'values': ['M', 'L', 'XL', '2XL']}, {'name': 'Color', 'position': 2, 'values': ['Blue Spruce', 'Berry']}]",https://theangryroaster.com/products/the-worlds-about-to-end-tshirt,,42353415159967.0,9500192702623.0,2.0,2024-08-05T22:30:38-04:00,2024-08-05T22:30:40-04:00,,2148.0,2148.0,https://cdn.shopify.com/s/files/1/0483/9115/9967/files/BR1_3873_2148px_WEB_color_4f4dca66-ca0e-4e12-b471-96d315001f40.jpg?v=1722911440,"[46316957335711, 46316957434015]"
44,46316957565087,2XL / Berry,2XL,Berry,,,True,False,,False,35.00,0,,8,9500192702623,2024-08-05T22:29:01-04:00,2026-10-09T07:37:16-04:00,9500192702623,The World's About to End - Tshirt,the-worlds-about-to-end-tshirt,2024-08-05T22:29:00-04:00,2024-08-05T22:29:00-04:00,2026-10-09T07:37:16-04:00,The Angry Roaster Coffee Co.,Merch,[],"[{'id': 42353415192735, 'created_at': '2024-08-05T22:30:38-04:00', 'position': 1, 'updated_at': '2024-08-05T22:30:40-04:00', 'product_id': 9500192702623, 'variant_ids': [46316957401247], 'src': 'https://cdn.shopify.com/s/files/1/0483/9115/9967/files/BR1_3870_2148px_WEB_color_59d94d4c-574c-41d7-abd0-ccb9ad6ff835.jpg?v=1722911440', 'width': 2148, 'height': 2148}, {'id': 42353415159967, 'created_at': '2024-08-05T22:30:38-04:00', 'position': 2, 'updated_at': '2024-08-05T22:30:40-04:00', 'product_id': 9500192702623, 'variant_ids': [46316957335711, 46316957434015], 'src': 'https://cdn.shopify.com/s/files/1/0483/9115/9967/files/BR1_3873_2148px_WEB_color_4f4dca66-ca0e-4e12-b471-96d315001f40.jpg?v=1722911440', 'width': 2148, 'height': 2148}, {'id': 42353415225503, 'created_at': '2024-08-05T22:30:38-04:00', 'position': 3, 'updated_at': '2024-08-05T22:30:40-04:00', 'product_id': 9500192702623, 'variant_ids': [46316957368479], 'src': 'https://cdn.shopify.com/s/files/1/0483/9115/9967/files/Captura_de_pantalla_2024-08-05_a_la_s_1.37.03_p.m..webp?v=1722911440', 'width': 1114, 'height': 1118}, {'id': 42353415258271, 'created_at': '2024-08-05T22:30:38-04:00', 'position': 4, 'updated_at': '2024-08-05T22:30:40-04:00', 'product_id': 9500192702623, 'variant_ids': [46316957466783, 46316957499551, 46316957532319, 46316957565087], 'src': 'https://cdn.shopify.com/s/files/1/0483/9115/9967/files/BR1_3877_2148px_WEB_color_2743f904-3785-477f-b075-fc4ab4d50633.jpg?v=1722911440', 'width': 2148, 'height': 2148}, {'id': 42353415291039, 'created_at': '2024-08-05T22:30:38-04:00', 'position': 5, 'updated_at': '2024-08-05T22:30:40-04:00', 'product_id': 9500192702623, 'variant_ids': [], 'src': 'https://cdn.shopify.com/s/files/1/0483/9115/9967/files/Captura_de_pantalla_2024-08-05_a_la_s_1.33.37_p.m..webp?v=1722911440', 'width': 1004, 'height': 1052}]","[{'name': 'Size', 'position': 1, 'values': ['M', 'L', 'XL', '2XL']}, {'name': 'Color', 'position': 2, 'values': ['Blue Spruce', 'Berry']}]",https://theangryroaster.com/products/the-worlds-about-to-end-tshirt,,42353415258271.0,9500192702623.0,4.0,2024-08-05T22:30:38-04:00,2024-08-05T22:30:40-04:00,,2148.0,2148.0,https://cdn.shopify.com/s/files/1/0483/9115/9967/files/BR1_3877_2148px_WEB_color_2743f904-3785-477f-b075-fc4ab4d50633.jpg?v=1722911440,"[46316957466783, 46316957499551, 46316957532319, 46316957565087]"
45,44523029889183,300g,300g,,,,True,True,,True,22.00,300,,1,9059903373471,2023-10-03T20:34:35-04:00,2026-10-09T07:37:16-04:00,9059903373471,The Mad House Roast,the-mad-house-roast,2024-01-17T19:08:19-05:00,2023-10-03T20:34:35-04:00,2026-10-09T07:37:16-04:00,The Angry Roaster Coffee Co.,Coffee,"['amazonia', 'brazil', 'coffee', 'roast', 'specialty']","[{'id': 63496003780767, 'created_at': '2025-08-14T16:29:34-04:00', 'position': 1, 'updated_at': '2025-08-14T16:29:56-04:00', 'product_id': 9059903373471, 'variant_ids': [44523029889183], 'src': 'https://cdn.shopify.com/s/files/1/0483/9115/9967/files/250722_TARCC_Bags_House_Roast_FRONT_180dpi__2560x2510px.png?v=1755203396', 'width': 2560, 'height': 2510}, {'id': 63496003813535, 'created_at': '2025-08-14T16:29:34-04:00', 'position': 2, 'updated_at': '2025-08-14T16:29:56-04:00', 'product_id': 9059903373471, 'variant_ids': [], 'src': 'https://cdn.shopify.com/s/files/1/0483/9115/9967/files/250722_TARCC_Bags_House_Roast_BACK_180dpi-_2560x2510px.png?v=1755203396', 'width': 2560, 'height': 2510}, {'id': 63496496054431, 'created_at': '2025-08-14T22:11:00-04:00', 'position': 3, 'updated_at': '2025-08-14T22:11:18-04:00', 'product_id': 9059903373471, 'variant_ids': [44811121000607], 'src': 'https://cdn.shopify.com/s/files/1/0483/9115/9967/files/250722_House_Roast_2kg_FRONT_180dpi__2560x2510px.png?v=1755223878', 'width': 2560, 'height': 2510}, {'id': 63496003747999, 'created_at': '2025-08-14T16:29:33-04:00', 'position': 4, 'updated_at': '2025-08-14T22:11:18-04:00', 'product_id': 9059903373471, 'variant_ids': [], 'src': 'https://cdn.shopify.com/s/files/1/0483/9115/9967/files/250722_TARCC.MAD-HOUSE_SmalBag_LABEL.png?v=1755223878', 'width': 2560, 'height': 2510}, {'id': 63496003715231, 'created_at': '2025-08-14T16:29:33-04:00', 'position': 5, 'updated_at': '2025-08-14T22:11:18-04:00', 'product_id': 9059903373471, 'variant_ids': [], 'src': 'https://cdn.shopify.com/s/files/1/0483/9115/9967/files/Meter-Calm_MadHouse-2.png?v=1755223878', 'width': 2560, 'height': 2510}]","[{'name': 'Size', 'position': 1, 'values': ['300g', '2kg']}]",https://theangryroaster.com/products/the-mad-house-roast,,63496003780767.0,9059903373471.0,1.0,2025-08-14T16:29:34-04:00,2025-08-14T16:29:56-04:00,,2560.0,2510.0,https://cdn.shopify.com/s/files/1/0483/9115/9967/files/250722_TARCC_Bags_House_Roast_FRONT_180dpi__2560x2510px.png?v=1755203396,[44523029889183]
46,44811121000607,2kg,2kg,,,,True,False,,True,125.00,2000,,2,9059903373471,2024-01-17T19:07:30-05:00,2026-10-09T07:37:16-04:00,9059903373471,The Mad House Roast,the-mad-house-roast,2024-01-17T19:08:19-05:00,2023-10-03T20:34:35-04:00,2026-10-09T07:37:16-04:00,The Angry Roaster Coffee Co.,Coffee,"['amazonia', 'brazil', 'coffee', 'roast', 'specialty']","[{'id': 63496003780767, 'created_at': '2025-08-14T16:29:34-04:00', 'position': 1, 'updated_at': '2025-08-14T16:29:56-04:00', 'product_id': 9059903373471, 'variant_ids': [44523029889183], 'src': 'https://cdn.shopify.com/s/files/1/0483/9115/9967/files/250722_TARCC_Bags_House_Roast_FRONT_180dpi__2560x2510px.png?v=1755203396', 'width': 2560, 'height': 2510}, {'id': 63496003813535, 'created_at': '2025-08-14T16:29:34-04:00', 'position': 2, 'updated_at': '2025-08-14T16:29:56-04:00', 'product_id': 9059903373471, 'variant_ids': [], 'src': 'https://cdn.shopify.com/s/files/1/0483/9115/9967/files/250722_TARCC_Bags_House_Roast_BACK_180dpi-_2560x2510px.png?v=1755203396', 'width': 2560, 'height': 2510}, {'id': 63496496054431, 'created_at': '2025-08-14T22:11:00-04:00', 'position': 3, 'updated_at': '2025-08-14T22:11:18-04:00', 'product_id': 9059903373471, 'variant_ids': [44811121000607], 'src': 'https://cdn.shopify.com/s/files/1/0483/9115/9967/files/250722_House_Roast_2kg_FRONT_180dpi__2560x2510px.png?v=1755223878', 'width': 2560, 'height': 2510}, {'id': 63496003747999, 'created_at': '2025-08-14T16:29:33-04:00', 'position': 4, 'updated_at': '2025-08-14T22:11:18-04:00', 'product_id': 9059903373471, 'variant_ids': [], 'src': 'https://cdn.shopify.com/s/files/1/0483/9115/9967/files/250722_TARCC.MAD-HOUSE_SmalBag_LABEL.png?v=1755223878', 'width': 2560, 'height': 2510}, {'id': 63496003715231, 'created_at': '2025-08-14T16:29:33-04:00', 'position': 5, 'updated_at': '2025-08-14T22:11:18-04:00', 'product_id': 9059903373471, 'variant_ids': [], 'src': 'https://cdn.shopify.com/s/files/1/0483/9115/9967/files/Meter-Calm_MadHouse-2.png?v=1755223878', 'width': 2560, 'height': 2510}]","[{'name': 'Size', 'position': 1, 'values': ['300g', '2kg']}]",https://theangryroaster.com/products/the-mad-house-roast,,63496496054431.0,9059903373471.0,3.0,2025-08-14T22:11:00-04:00,2025-08-14T22:11:18-04:00,,2560.0,2510.0,https://cdn.shopify.com/s/files/1/0483/9115/9967/files/250722_House_Roast_2kg_FRONT_180dpi__2560x2510px.png?v=1755223878,[44811121000607]
47,44538988232863,M,M,,,,True,True,,False,40.00,500,,1,9063536853151,2023-10-10T18:50:07-04:00,2026-10-09T07:37:16-04:00,9063536853151,Fueling Revolutions - Long Sleeve,fueling-revolutions-long-sleeve,2023-10-30T11:30:00-04:00,2023-10-10T18:50:07-04:00,2026-10-09T07:37:16-04:00,The Angry Roaster Coffee Co.,Merch,[],"[{'id': 37063227670687, 'created_at': '2024-01-12T19:20:38-05:00', 'position': 1, 'updated_at': '2024-01-12T19:20:45-05:00', 'product_id': 9063536853151, 'variant_ids': [], 'src': 'https://cdn.shopify.com/s/files/1/0483/9115/9967/files/IMG_2648.png?v=1705105245', 'width': 2048, 'height': 2048}, {'id': 37063225671839, 'created_at': '2024-01-12T19:20:14-05:00', 'position': 2, 'updated_at': '2024-01-12T19:20:45-05:00', 'product_id': 9063536853151, 'variant_ids': [], 'src': 'https://cdn.shopify.com/s/files/1/0483/9115/9967/files/Instagrampost-1_CarruselB.png?v=1705105245', 'width': 1080, 'height': 1080}, {'id': 36658968625311, 'created_at': '2023-10-10T18:51:47-04:00', 'position': 3, 'updated_at': '2024-01-12T19:20:45-05:00', 'product_id': 9063536853151, 'variant_ids': [], 'src': 'https://cdn.shopify.com/s/files/1/0483/9115/9967/files/brewedfortheboldBACK.png?v=1705105245', 'width': 1024, 'height': 1004}, {'id': 36658968592543, 'created_at': '2023-10-10T18:51:47-04:00', 'position': 4, 'updated_at': '2024-01-12T19:20:45-05:00', 'product_id': 9063536853151, 'variant_ids': [], 'src': 'https://cdn.shopify.com/s/files/1/0483/9115/9967/files/brewedfortheboldSIDE1.png?v=1705105245', 'width': 1024, 'height': 1004}]","[{'name': 'Size', 'position': 1, 'values': ['M', '2xl']}]",https://theangryroaster.com/products/fueling-revolutions-long-sleeve,,,,,,,,,,,
48,45220588978335,2xl,2xl,,,,True,True,,False,40.00,450,,2,9063536853151,2024-04-09T19:48:32-04:00,2026-10-09T07:37:16-04:00,9063536853151,Fueling Revolutions - Long Sleeve,fueling-revolutions-long-sleeve,2023-10-30T11:30:00-04:00,2023-10-10T18:50:07-04:00,2026-10-09T07:37:16-04:00,The Angry Roaster Coffee Co.,Merch,[],"[{'id': 37063227670687, 'created_at': '2024-01-12T19:20:38-05:00', 'position': 1, 'updated_at': '2024-01-12T19:20:45-05:00', 'product_id': 9063536853151, 'variant_ids': [], 'src': 'https://cdn.shopify.com/s/files/1/0483/9115/9967/files/IMG_2648.png?v=1705105245', 'width': 2048, 'height': 2048}, {'id': 37063225671839, 'created_at': '2024-01-12T19:20:14-05:00', 'position': 2, 'updated_at': '2024-01-12T19:20:45-05:00', 'product_id': 9063536853151, 'variant_ids': [], 'src': 'https://cdn.shopify.com/s/files/1/0483/9115/9967/files/Instagrampost-1_CarruselB.png?v=1705105245', 'width': 1080, 'height': 1080}, {'id': 36658968625311, 'created_at': '2023-10-10T18:51:47-04:00', 'position': 3, 'updated_at': '2024-01-12T19:20:45-05:00', 'product_id': 9063536853151, 'variant_ids': [], 'src': 'https://cdn.shopify.com/s/files/1/0483/9115/9967/files/brewedfortheboldBACK.png?v=1705105245', 'width': 1024, 'height': 1004}, {'id': 36658968592543, 'created_at': '2023-10-10T18:51:47-04:00', 'position': 4, 'updated_at': '2024-01-12T19:20:45-05:00', 'product_id': 9063536853151, 'variant_ids': [], 'src': 'https://cdn.shopify.com/s/files/1/0483/9115/9967/files/brewedfortheboldSIDE1.png?v=1705105245', 'width': 1024, 'height': 1004}]","[{'name': 'Size', 'position': 1, 'values': ['M', '2xl']}]",https://theangryroaster.com/products/fueling-revolutions-long-sleeve,,,,,,,,,,,
0,44990839685287,300 Grams,300 Grams,,,,True,False,,False,26.00,300,,1,8017601069223,2024-04-01T14:00:25-04:00,2026-10-09T07:37:16-04:00,8017601069223,POSSIBLY MAYBE (ETA NOV),possibly-maybe,2024-04-02T16:22:46-04:00,2024-04-01T14:00:25-04:00,2026-10-09T07:37:16-04:00,Quietly Coffee,Coffee,[],"[{'id': 45820185641127, 'created_at': '2026-10-08T19:51:48-04:00', 'position': 1, 'updated_at': '2026-10-08T19:51:50-04:00', 'product_id': 8017601069223, 'variant_ids': [], 'src': 'https://cdn.shopify.com/s/files/1/0048/1624/0711/files/8PossiblyMaybe_5fdb7de1-ae0c-478e-a337-682a7933682e.png?v=1791503510', 'width': 2048, 'height': 2048}, {'id': 37694536614055, 'created_at': '2024-12-01T13:26:37-05:00', 'position': 2, 'updated_at': '2024-12-01T13:26:38-05:00', 'product_id': 8017601069223, 'variant_ids': [], 'src': 'https://cdn.shopify.com/s/files/1/0048/1624/0711/files/1Farm04_7f8dc403-11c4-4d09-afd7-a1eea7fc41ad.png?v=1733077598', 'width': 2048, 'height': 2048}, {'id': 37694536646823, 'created_at': '2024-12-01T13:26:38-05:00', 'position': 3, 'updated_at': '2024-12-01T13:26:39-05:00', 'product_id': 8017601069223, 'variant_ids': [], 'src': 'https://cdn.shopify.com/s/files/1/0048/1624/0711/files/1Farm03_e0e34a7d-f840-4651-b13f-617c9838f26a.png?v=1733077599', 'width': 2048, 'height': 2048}, {'id': 45820203172007, 'created_at': '2024-12-01T13:26:11-05:00', 'position': 4, 'updated_at': '2024-12-01T13:26:13-05:00', 'product_id': 8017601069223, 'variant_ids': [], 'src': 'https://cdn.shopify.com/s/files/1/0048/1624/0711/files/6Farm03_f1c63310-108b-423a-b076-5f5903dbc56f.png?v=1733077573', 'width': 2048, 'height': 2048}, {'id': 37694536581287, 'created_at': '2024-12-01T13:26:33-05:00', 'position': 5, 'updated_at': '2024-12-01T13:26:34-05:00', 'product_id': 8017601069223, 'variant_ids': [], 'src': 'https://cdn.shopify.com/s/files/1/0048/1624/0711/files/1Farm02_e5ca50f9-7843-41c8-b237-dec542e77a34.png?v=1733077594', 'width': 2048, 'height': 2048}, {'id': 37694536548519, 'created_at': '2024-12-01T13:26:32-05:00', 'position': 6, 'updated_at': '2024-12-01T13:26:33-05:00', 'product_id': 8017601069223, 'variant_ids': [], 'src': 'https://cdn.shopify.com/s/files/1/0048/1624/0711/files/1Farm01_208000d4-b102-4c42-9905-df3393dcced7.png?v=1733077593', 'width': 2048, 'height': 2048}]","[{'name': 'Size', 'position': 1, 'values': ['300 Grams', '5 Pounds']}]",https://www.quietlycoffee.com/products/possibly-maybe,,,,,,,,,,,
1,45635393585319,5 Pounds,5 Pounds,,,,True,False,,False,190.00,340,,2,8017601069223,2024-06-12T16:10:11-04:00,2026-10-09T07:37:16-04:00,8017601069223,POSSIBLY MAYBE (ETA NOV),possibly-maybe,2024-04-02T16:22:46-04:00,2024-04-01T14:00:25-04:00,2026-10-09T07:37:16-04:00,Quietly Coffee,Coffee,[],"[{'id': 45820185641127, 'created_at': '2026-10-08T19:51:48-04:00', 'position': 1, 'updated_at': '2026-10-08T19:51:50-04:00', 'product_id': 8017601069223, 'variant_ids': [], 'src': 'https://cdn.shopify.com/s/files/1/0048/1624/0711/files/8PossiblyMaybe_5fdb7de1-ae0c-478e-a337-682a7933682e.png?v=1791503510', 'width': 2048, 'height': 2048}, {'id': 37694536614055, 'created_at': '2024-12-01T13:26:37-05:00', 'position': 2, 'updated_at': '2024-12-01T13:26:38-05:00', 'product_id': 8017601069223, 'variant_ids': [], 'src': 'https://cdn.shopify.com/s/files/1/0048/1624/0711/files/1Farm04_7f8dc403-11c4-4d09-afd7-a1eea7fc41ad.png?v=1733077598', 'width': 2048, 'height': 2048}, {'id': 37694536646823, 'created_at': '2024-12-01T13:26:38-05:00', 'position': 3, 'updated_at': '2024-12-01T13:26:39-05:00', 'product_id': 8017601069223, 'variant_ids': [], 'src': 'https://cdn.shopify.com/s/files/1/0048/1624/0711/files/1Farm03_e0e34a7d-f840-4651-b13f-617c9838f26a.png?v=1733077599', 'width': 2048, 'height': 2048}, {'id': 45820203172007, 'created_at': '2024-12-01T13:26:11-05:00', 'position': 4, 'updated_at': '2024-12-01T13:26:13-05:00', 'product_id': 8017601069223, 'variant_ids': [], 'src': 'https://cdn.shopify.com/s/files/1/0048/1624/0711/files/6Farm03_f1c63310-108b-423a-b076-5f5903dbc56f.png?v=1733077573', 'width': 2048, 'height': 2048}, {'id': 37694536581287, 'created_at': '2024-12-01T13:26:33-05:00', 'position': 5, 'updated_at': '2024-12-01T13:26:34-05:00', 'product_id': 8017601069223, 'variant_ids': [], 'src': 'https://cdn.shopify.com/s/files/1/0048/1624/0711/files/1Farm02_e5ca50f9-7843-41c8-b237-dec542e77a34.png?v=1733077594', 'width': 2048, 'height': 2048}, {'id': 37694536548519, 'created_at': '2024-12-01T13:26:32-05:00', 'position': 6, 'updated_at': '2024-12-01T13:26:33-05:00', 'product_id': 8017601069223, 'variant_ids': [], 'src': 'https://cdn.shopify.com/s/files/1/0048/1624/0711/files/1Farm01_208000d4-b102-4c42-9905-df3393dcced7.png?v=1733077593', 'width': 2048, 'height': 2048}]","[{'name': 'Size', 'position': 1, 'values': ['300 Grams', '5 Pounds']}]",https://www.quietlycoffee.com/products/possibly-maybe,,,,,,,,,,,
2,44849357521063,300 Grams,300 Grams,,,,True,False,,True,28.00,300,,1,7972255367335,2024-03-13T11:27:20-04:00,2026-10-09T07:37:16-04:00,7972255367335,SUGAR MOUNTAIN,sugar-mountain,2024-03-13T12:29:24-04:00,2024-03-13T11:27:20-04:00,2026-10-09T07:37:16-04:00,Quietly Coffee,Coffee,[],"[{'id': 44974852407463, 'created_at': '2026-08-02T10:02:58-04:00', 'position': 1, 'updated_at': '2026-08-02T10:03:00-04:00', 'product_id': 7972255367335, 'variant_ids': [], 'src': 'https://cdn.shopify.com/s/files/1/0048/1624/0711/files/5Sugar_Mountain-100_0ad9ff64-c449-41b2-beca-24657603eeca.jpg?v=1785679380', 'width': 2048, 'height': 2048}, {'id': 44688862249127, 'created_at': '2026-07-08T17:09:05-04:00', 'position': 2, 'updated_at': '2026-07-08T17:18:24-04:00', 'product_id': 7972255367335, 'variant_ids': [], 'src': 'https://cdn.shopify.com/s/files/1/0048/1624/0711/files/5Artboard_6-100.jpg?v=1783545504', 'width': 2048, 'height': 2048}, {'id': 44688862216359, 'created_at': '2026-07-08T17:09:05-04:00', 'position': 3, 'updated_at': '2026-07-08T17:18:23-04:00', 'product_id': 7972255367335, 'variant_ids': [], 'src': 'https://cdn.shopify.com/s/files/1/0048/1624/0711/files/5Artboard_8-100.jpg?v=1783545503', 'width': 2048, 'height': 2048}, {'id': 44688862347431, 'created_at': '2026-07-08T17:09:08-04:00', 'position': 4, 'updated_at': '2026-07-08T17:18:28-04:00', 'product_id': 7972255367335, 'variant_ids': [], 'src': 'https://cdn.shopify.com/s/files/1/0048/1624/0711/files/5Artboard_5-100.jpg?v=1783545508', 'width': 2048, 'height': 2048}, {'id': 44688862281895, 'created_at': '2026-07-08T17:09:07-04:00', 'position': 5, 'updated_at': '2026-07-08T17:18:31-04:00', 'product_id': 7972255367335, 'variant_ids': [], 'src': 'https://cdn.shopify.com/s/files/1/0048/1624/0711/files/5Artboard_9-100.jpg?v=1783545511', 'width': 2048, 'height': 2048}, {'id': 44688862314663, 'created_at': '2026-07-08T17:09:08-04:00', 'position': 6, 'updated_at': '2026-07-08T17:18:32-04:00', 'product_id': 7972255367335, 'variant_ids': [], 'src': 'https://cdn.shopify.com/s/files/1/0048/1624/0711/files/5Artboard_4-100.jpg?v=1783545512', 'width': 2048, 'height': 2048}]","[{'name': 'Size', 'position': 1, 'values': ['300 Grams', '5 Pounds']}]",https://www.quietlycoffee.com/products/sugar-mountain,,,,,,,,,,,
3,44849357553831,5 Pounds,5 Pounds,,,,True,False,,False,220.00,350,,2,7972255367335,2024-03-13T11:27:20-04:00,2026-10-09T07:37:16-04:00,7972255367335,SUGAR MOUNTAIN,sugar-mountain,2024-03-13T12:29:24-04:00,2024-03-13T11:27:20-04:00,2026-10-09T07:37:16-04:00,Quietly Coffee,Coffee,[],"[{'id': 44974852407463, 'created_at': '2026-08-02T10:02:58-04:00', 'position': 1, 'updated_at': '2026-08-02T10:03:00-04:00', 'product_id': 7972255367335, 'variant_ids': [], 'src': 'https://cdn.shopify.com/s/files/1/0048/1624/0711/files/5Sugar_Mountain-100_0ad9ff64-c449-41b2-beca-24657603eeca.jpg?v=1785679380', 'width': 2048, 'height': 2048}, {'id': 44688862249127, 'created_at': '2026-07-08T17:09:05-04:00', 'position': 2, 'updated_at': '2026-07-08T17:18:24-04:00', 'product_id': 7972255367335, 'variant_ids': [], 'src': 'https://cdn.shopify.com/s/files/1/0048/1624/0711/files/5Artboard_6-100.jpg?v=1783545504', 'width': 2048, 'height': 2048}, {'id': 44688862216359, 'created_at': '2026-07-08T17:09:05-04:00', 'position': 3, 'updated_at': '2026-07-08T17:18:23-04:00', 'product_id': 7972255367335, 'variant_ids': [], 'src': 'https://cdn.shopify.com/s/files/1/0048/1624/0711/files/5Artboard_8-100.jpg?v=1783545503', 'width': 2048, 'height': 2048}, {'id': 44688862347431, 'created_at': '2026-07-08T17:09:08-04:00', 'position': 4, 'updated_at': '2026-07-08T17:18:28-04:00', 'product_id': 7972255367335, 'variant_ids': [], 'src': 'https://cdn.shopify.com/s/files/1/0048/1624/0711/files/5Artboard_5-100.jpg?v=1783545508', 'width': 2048, 'height': 2048}, {'id': 44688862281895, 'created_at': '2026-07-08T17:09:07-04:00', 'position': 5, 'updated_at': '2026-07-08T17:18:31-04:00', 'product_id': 7972255367335, 'variant_ids': [], 'src': 'https://cdn.shopify.com/s/files/1/0048/1624/0711/files/5Artboard_9-100.jpg?v=1783545511', 'width': 2048, 'height': 2048}, {'id': 44688862314663, 'created_at': '2026-07-08T17:09:08-04:00', 'position': 6, 'updated_at': '2026-07-08T17:18:32-04:00', 'product_id': 7972255367335, 'variant_ids': [], 'src': 'https://cdn.shopify.com/s/files/1/0048/1624/0711/files/5Artboard_4-100.jpg?v=1783545512', 'width': 2048, 'height': 2048}]","[{'name': 'Size', 'position': 1, 'values': ['300 Grams', '5 Pounds']}]",https://www.quietlycoffee.com/products/sugar-mountain,,,,,,,,,,,
4,44848997105831,300 Grams,300 Grams,,,,True,False,,True,28.00,300,,1,7972048601255,2024-03-13T09:35:15-04:00,2026-10-09T07:37:16-04:00,7972048601255,IN THE SUN,in-the-sun,2024-03-13T11:14:12-04:00,2024-03-13T09:35:15-04:00,2026-10-09T07:37:16-04:00,Quietly Coffee,Coffee,[],"[{'id': 39421672587431, 'created_at': '2025-07-01T14:06:19-04:00', 'position': 1, 'updated_at': '2025-07-01T14:08:17-04:00', 'product_id': 7972048601255, 'variant_ids': [], 'src': 'https://cdn.shopify.com/s/files/1/0048/1624/0711/files/InTheSun.png?v=1751393297', 'width': 2048, 'height': 2048}, {'id': 39421672652967, 'created_at': '2025-07-01T14:06:18-04:00', 'position': 2, 'updated_at': '2025-07-01T14:08:17-04:00', 'product_id': 7972048601255, 'variant_ids': [], 'src': 'https://cdn.shopify.com/s/files/1/0048/1624/0711/files/Artboard6_23be4fa6-78ba-4edb-8a62-391fb62af775.png?v=1751393297', 'width': 2048, 'height': 2048}, {'id': 39421672816807, 'created_at': '2025-07-01T14:06:19-04:00', 'position': 3, 'updated_at': '2025-07-01T14:08:15-04:00', 'product_id': 7972048601255, 'variant_ids': [], 'src': 'https://cdn.shopify.com/s/files/1/0048/1624/0711/files/Artboard9.png?v=1751393295', 'width': 2048, 'height': 2048}, {'id': 39421672849575, 'created_at': '2025-07-01T14:06:19-04:00', 'position': 4, 'updated_at': '2025-07-01T14:08:15-04:00', 'product_id': 7972048601255, 'variant_ids': [], 'src': 'https://cdn.shopify.com/s/files/1/0048/1624/0711/files/Artboard8.png?v=1751393295', 'width': 2048, 'height': 2048}, {'id': 39421672718503, 'created_at': '2025-07-01T14:06:18-04:00', 'position': 5, 'updated_at': '2025-07-01T14:08:17-04:00', 'product_id': 7972048601255, 'variant_ids': [], 'src': 'https://cdn.shopify.com/s/files/1/0048/1624/0711/files/Artboard4_36be9d71-2cea-4d14-a035-407260d4a6b3.png?v=1751393297', 'width': 2048, 'height': 2048}, {'id': 39218246811815, 'created_at': '2025-06-03T13:20:22-04:00', 'position': 6, 'updated_at': '2025-06-03T13:20:23-04:00', 'product_id': 7972048601255, 'variant_ids': [], 'src': 'https://cdn.shopify.com/s/files/1/0048/1624/0711/files/5Artboard_5_b4b489a0-cd58-4b95-a69b-1f1d87183ef1.png?v=1748971223', 'width': 2048, 'height': 2048}, {'id': 39218245992615, 'created_at': '2025-06-03T13:20:18-04:00', 'position': 7, 'updated_at': '2025-06-03T13:20:38-04:00', 'product_id': 7972048601255, 'variant_ids': [], 'src': 'https://cdn.shopify.com/s/files/1/0048/1624/0711/files/5Artboard_8_82ccfd58-bf92-4863-87ea-7be422843a4a.png?v=1748971238', 'width': 2048, 'height': 2048}]","[{'name': 'Size', 'position': 1, 'values': ['300 Grams', '5 Pounds']}]",https://www.quietlycoffee.com/products/in-the-sun,,,,,,,,,,,
5,44848997138599,5 Pounds,5 Pounds,,,,True,False,,True,220.00,400,,2,7972048601255,2024-03-13T09:35:15-04:00,2026-10-09T07:37:16-04:00,7972048601255,IN THE SUN,in-the-sun,2024-03-13T11:14:12-04:00,2024-03-13T09:35:15-04:00,2026-10-09T07:37:16-04:00,Quietly Coffee,Coffee,[],"[{'id': 39421672587431, 'created_at': '2025-07-01T14:06:19-04:00', 'position': 1, 'updated_at': '2025-07-01T14:08:17-04:00', 'product_id': 7972048601255, 'variant_ids': [], 'src': 'https://cdn.shopify.com/s/files/1/0048/1624/0711/files/InTheSun.png?v=1751393297', 'width': 2048, 'height': 2048}, {'id': 39421672652967, 'created_at': '2025-07-01T14:06:18-04:00', 'position': 2, 'updated_at': '2025-07-01T14:08:17-04:00', 'product_id': 7972048601255, 'variant_ids': [], 'src': 'https://cdn.shopify.com/s/files/1/0048/1624/0711/files/Artboard6_23be4fa6-78ba-4edb-8a62-391fb62af775.png?v=1751393297', 'width': 2048, 'height': 2048}, {'id': 39421672816807, 'created_at': '2025-07-01T14:06:19-04:00', 'position': 3, 'updated_at': '2025-07-01T14:08:15-04:00', 'product_id': 7972048601255, 'variant_ids': [], 'src': 'https://cdn.shopify.com/s/files/1/0048/1624/0711/files/Artboard9.png?v=1751393295', 'width': 2048, 'height': 2048}, {'id': 39421672849575, 'created_at': '2025-07-01T14:06:19-04:00', 'position': 4, 'updated_at': '2025-07-01T14:08:15-04:00', 'product_id': 7972048601255, 'variant_ids': [], 'src': 'https://cdn.shopify.com/s/files/1/0048/1624/0711/files/Artboard8.png?v=1751393295', 'width': 2048, 'height': 2048}, {'id': 39421672718503, 'created_at': '2025-07-01T14:06:18-04:00', 'position': 5, 'updated_at': '2025-07-01T14:08:17-04:00', 'product_id': 7972048601255, 'variant_ids': [], 'src': 'https://cdn.shopify.com/s/files/1/0048/1624/0711/files/Artboard4_36be9d71-2cea-4d14-a035-407260d4a6b3.png?v=1751393297', 'width': 2048, 'height': 2048}, {'id': 39218246811815, 'created_at': '2025-06-03T13:20:22-04:00', 'position': 6, 'updated_at': '2025-06-03T13:20:23-04:00', 'product_id': 7972048601255, 'variant_ids': [], 'src': 'https://cdn.shopify.com/s/files/1/0048/1624/0711/files/5Artboard_5_b4b489a0-cd58-4b95-a69b-1f1d87183ef1.png?v=1748971223', 'width': 2048, 'height': 2048}, {'id': 39218245992615, 'created_at': '2025-06-03T13:20:18-04:00', 'position': 7, 'updated_at': '2025-06-03T13:20:38-04:00', 'product_id': 7972048601255, 'variant_ids': [], 'src': 'https://cdn.shopify.com/s/files/1/0048/1624/0711/files/5Artboard_8_82ccfd58-bf92-4863-87ea-7be422843a4a.png?v=1748971238', 'width': 2048, 'height': 2048}]","[{'name': 'Size', 'position': 1, 'values': ['300 Grams', '5 Pounds']}]",https://www.quietlycoffee.com/products/in-the-sun,,,,,,,,,,,
6,43401623404711,300 Grams,300 Grams,,,,True,False,,True,24.00,300,,1,6858968694951,2023-07-24T10:36:11-04:00,2026-10-09T07:37:16-04:00,6858968694951,LAST SPLASH,last-splash,2024-01-03T09:16:44-05:00,2021-06-23T21:42:52-04:00,2026-10-09T07:37:16-04:00,Quietly Coffee,Coffee,[],"[{'id': 44742216515751, 'created_at': '2026-07-13T11:38:31-04:00', 'position': 1, 'updated_at': '2026-07-13T11:38:33-04:00', 'product_id': 6858968694951, 'variant_ids': [], 'src': 'https://cdn.shopify.com/s/files/1/0048/1624/0711/files/Last_Splash_3c332fa4-e6c1-4ca5-b423-bb608d3a4ab0.png?v=1783957113', 'width': 2048, 'height': 2048}, {'id': 38876687761575, 'created_at': '2025-05-03T13:41:05-04:00', 'position': 2, 'updated_at': '2025-07-23T09:58:25-04:00', 'product_id': 6858968694951, 'variant_ids': [], 'src': 'https://cdn.shopify.com/s/files/1/0048/1624/0711/files/5Artboard_9.png?v=1753279105', 'width': 2048, 'height': 2048}, {'id': 44742488653991, 'created_at': '2026-07-13T13:46:34-04:00', 'position': 3, 'updated_at': '2026-07-13T13:46:37-04:00', 'product_id': 6858968694951, 'variant_ids': [], 'src': 'https://cdn.shopify.com/s/files/1/0048/1624/0711/files/Artboard_8_6d6fe8f7-ace3-4f67-9289-928e6f63ab93.png?v=1783964797', 'width': 2048, 'height': 2048}, {'id': 44742488686759, 'created_at': '2026-07-13T13:46:35-04:00', 'position': 4, 'updated_at': '2026-07-13T13:46:37-04:00', 'product_id': 6858968694951, 'variant_ids': [], 'src': 'https://cdn.shopify.com/s/files/1/0048/1624/0711/files/Artboard_6_753c79dd-5cf0-4c06-9333-1865adebdca2.png?v=1783964797', 'width': 2048, 'height': 2048}, {'id': 44742488588455, 'created_at': '2026-07-13T13:46:34-04:00', 'position': 5, 'updated_at': '2026-07-13T13:46:36-04:00', 'product_id': 6858968694951, 'variant_ids': [], 'src': 'https://cdn.shopify.com/s/files/1/0048/1624/0711/files/Artboard_9_0554056c-eaa0-4016-8e7d-9c28a9808525.png?v=1783964796', 'width': 2048, 'height': 2048}, {'id': 44742488621223, 'created_at': '2026-07-13T13:46:34-04:00', 'position': 6, 'updated_at': '2026-07-13T13:46:37-04:00', 'product_id': 6858968694951, 'variant_ids': [], 'src': 'https://cdn.shopify.com/s/files/1/0048/1624/0711/files/Artboard_4_1e5673ec-439b-4fc3-9e3f-17989bb64aff.png?v=1783964797', 'width': 2048, 'height': 2048}]","[{'name': 'Size', 'position': 1, 'values': ['300 Grams', '5 Pounds']}]",https://www.quietlycoffee.com/products/last-splash,,,,,,,,,,,
7,43401623437479,5 Pounds,5 Pounds,,,,True,False,,False,185.00,300,,2,6858968694951,2023-07-24T10:36:11-04:00,2026-10-09T07:37:16-04:00,6858968694951,LAST SPLASH,last-splash,2024-01-03T09:16:44-05:00,2021-06-23T21:42:52-04:00,2026-10-09T07:37:16-04:00,Quietly Coffee,Coffee,[],"[{'id': 44742216515751, 'created_at': '2026-07-13T11:38:31-04:00', 'position': 1, 'updated_at': '2026-07-13T11:38:33-04:00', 'product_id': 6858968694951, 'variant_ids': [], 'src': 'https://cdn.shopify.com/s/files/1/0048/1624/0711/files/Last_Splash_3c332fa4-e6c1-4ca5-b423-bb608d3a4ab0.png?v=1783957113', 'width': 2048, 'height': 2048}, {'id': 38876687761575, 'created_at': '2025-05-03T13:41:05-04:00', 'position': 2, 'updated_at': '2025-07-23T09:58:25-04:00', 'product_id': 6858968694951, 'variant_ids': [], 'src': 'https://cdn.shopify.com/s/files/1/0048/1624/0711/files/5Artboard_9.png?v=1753279105', 'width': 2048, 'height': 2048}, {'id': 44742488653991, 'created_at': '2026-07-13T13:46:34-04:00', 'position': 3, 'updated_at': '2026-07-13T13:46:37-04:00', 'product_id': 6858968694951, 'variant_ids': [], 'src': 'https://cdn.shopify.com/s/files/1/0048/1624/0711/files/Artboard_8_6d6fe8f7-ace3-4f67-9289-928e6f63ab93.png?v=1783964797', 'width': 2048, 'height': 2048}, {'id': 44742488686759, 'created_at': '2026-07-13T13:46:35-04:00', 'position': 4, 'updated_at': '2026-07-13T13:46:37-04:00', 'product_id': 6858968694951, 'variant_ids': [], 'src': 'https://cdn.shopify.com/s/files/1/0048/1624/0711/files/Artboard_6_753c79dd-5cf0-4c06-9333-1865adebdca2.png?v=1783964797', 'width': 2048, 'height': 2048}, {'id': 44742488588455, 'created_at': '2026-07-13T13:46:34-04:00', 'position': 5, 'updated_at': '2026-07-13T13:46:36-04:00', 'product_id': 6858968694951, 'variant_ids': [], 'src': 'https://cdn.shopify.com/s/files/1/0048/1624/0711/files/Artboard_9_0554056c-eaa0-4016-8e7d-9c28a9808525.png?v=1783964796', 'width': 2048, 'height': 2048}, {'id': 44742488621223, 'created_at': '2026-07-13T13:46:34-04:00', 'position': 6, 'updated_at': '2026-07-13T13:46:37-04:00', 'product_id': 6858968694951, 'variant_ids': [], 'src': 'https://cdn.shopify.com/s/files/1/0048/1624/0711/files/Artboard_4_1e5673ec-439b-4fc3-9e3f-17989bb64aff.png?v=1783964797', 'width': 2048, 'height': 2048}]","[{'name': 'Size', 'position': 1, 'values': ['300 Grams', '5 Pounds']}]",https://www.quietlycoffee.com/products/last-splash,,,,,,,,,,,
8,42435356754087,Small / White,Small,White,,,True,True,,False,35.00,300,,1,7340068470951,2022-05-13T14:15:37-04:00,2026-10-09T07:37:16-04:00,7340068470951,SUCKS TEE,sucks-tee,2022-05-13T14:21:39-04:00,2022-05-13T14:15:36-04:00,2026-10-09T07:37:16-04:00,Quietly Coffee,Shirts,[],"[{'id': 32957675503783, 'created_at': '2022-05-13T14:18:20-04:00', 'position': 1, 'updated_at': '2022-05-13T14:18:22-04:00', 'product_id': 7340068470951, 'variant_ids': [], 'src': 'https://cdn.shopify.com/s/files/1/0048/1624/0711/products/6Farm03_0d93a5d2-b6ff-4e7a-a73b-934d5264c2f1.png?v=1652465902', 'width': 2048, 'height': 2048}, {'id': 32957678289063, 'created_at': '2022-05-13T14:19:44-04:00', 'position': 2, 'updated_at': '2022-05-13T14:19:46-04:00', 'product_id': 7340068470951, 'variant_ids': [], 'src': 'https://cdn.shopify.com/s/files/1/0048/1624/0711/products/6Farm01_ef8196d0-182b-426d-b7ba-fb2adc5ce71a.png?v=1652465986', 'width': 2048, 'height': 2048}, {'id': 32957681598631, 'created_at': '2022-05-13T14:21:39-04:00', 'position': 3, 'updated_at': '2022-05-13T14:21:41-04:00', 'product_id': 7340068470951, 'variant_ids': [], 'src': 'https://cdn.shopify.com/s/files/1/0048/1624/0711/products/images-product-seasonal-_2020_a08c20ae-1f3a-415a-b54c-c1e77530981b.gif?v=1652466101', 'width': 2048, 'height': 2048}]","[{'name': 'Size', 'position': 1, 'values': ['Small', 'Medium', 'Large', 'X-Large', '2X-Large', '3X-Large']}, {'name': 'Color', 'position': 2, 'values': ['White']}]",https://www.quietlycoffee.com/products/sucks-tee,,,,,,,,,,,
9,42435356852391,Medium / White,Medium,White,,,True,True,,False,35.00,100,,2,7340068470951,2022-05-13T14:15:37-04:00,2026-10-09T07:37:16-04:00,7340068470951,SUCKS TEE,sucks-tee,2022-05-13T14:21:39-04:00,2022-05-13T14:15:36-04:00,2026-10-09T07:37:16-04:00,Quietly Coffee,Shirts,[],"[{'id': 32957675503783, 'created_at': '2022-05-13T14:18:20-04:00', 'position': 1, 'updated_at': '2022-05-13T14:18:22-04:00', 'product_id': 7340068470951, 'variant_ids': [], 'src': 'https://cdn.shopify.com/s/files/1/0048/1624/0711/products/6Farm03_0d93a5d2-b6ff-4e7a-a73b-934d5264c2f1.png?v=1652465902', 'width': 2048, 'height': 2048}, {'id': 32957678289063, 'created_at': '2022-05-13T14:19:44-04:00', 'position': 2, 'updated_at': '2022-05-13T14:19:46-04:00', 'product_id': 7340068470951, 'variant_ids': [], 'src': 'https://cdn.shopify.com/s/files/1/0048/1624/0711/products/6Farm01_ef8196d0-182b-426d-b7ba-fb2adc5ce71a.png?v=1652465986', 'width': 2048, 'height': 2048}, {'id': 32957681598631, 'created_at': '2022-05-13T14:21:39-04:00', 'position': 3, 'updated_at': '2022-05-13T14:21:41-04:00', 'product_id': 7340068470951, 'variant_ids': [], 'src': 'https://cdn.shopify.com/s/files/1/0048/1624/0711/products/images-product-seasonal-_2020_a08c20ae-1f3a-415a-b54c-c1e77530981b.gif?v=1652466101', 'width': 2048, 'height': 2048}]","[{'name': 'Size', 'position': 1, 'values': ['Small', 'Medium', 'Large', 'X-Large', '2X-Large', '3X-Large']}, {'name': 'Color', 'position': 2, 'values': ['White']}]",https://www.quietlycoffee.com/products/sucks-tee,,,,,,,,,,,
10,42435356950695,Large / White,Large,White,,,True,True,,False,35.00,100,,3,7340068470951,2022-05-13T14:15:37-04:00,2026-10-09T07:37:16-04:00,7340068470951,SUCKS TEE,sucks-tee,2022-05-13T14:21:39-04:00,2022-05-13T14:15:36-04:00,2026-10-09T07:37:16-04:00,Quietly Coffee,Shirts,[],"[{'id': 32957675503783, 'created_at': '2022-05-13T14:18:20-04:00', 'position': 1, 'updated_at': '2022-05-13T14:18:22-04:00', 'product_id': 7340068470951, 'variant_ids': [], 'src': 'https://cdn.shopify.com/s/files/1/0048/1624/0711/products/6Farm03_0d93a5d2-b6ff-4e7a-a73b-934d5264c2f1.png?v=1652465902', 'width': 2048, 'height': 2048}, {'id': 32957678289063, 'created_at': '2022-05-13T14:19:44-04:00', 'position': 2, 'updated_at': '2022-05-13T14:19:46-04:00', 'product_id': 7340068470951, 'variant_ids': [], 'src': 'https://cdn.shopify.com/s/files/1/0048/1624/0711/products/6Farm01_ef8196d0-182b-426d-b7ba-fb2adc5ce71a.png?v=1652465986', 'width': 2048, 'height': 2048}, {'id': 32957681598631, 'created_at': '2022-05-13T14:21:39-04:00', 'position': 3, 'updated_at': '2022-05-13T14:21:41-04:00', 'product_id': 7340068470951, 'variant_ids': [], 'src': 'https://cdn.shopify.com/s/files/1/0048/1624/0711/products/images-product-seasonal-_2020_a08c20ae-1f3a-415a-b54c-c1e77530981b.gif?v=1652466101', 'width': 2048, 'height': 2048}]","[{'name': 'Size', 'position': 1, 'values': ['Small', 'Medium', 'Large', 'X-Large', '2X-Large', '3X-Large']}, {'name': 'Color', 'position': 2, 'values': ['White']}]",https://www.quietlycoffee.com/products/sucks-tee,,,,,,,,,,,
11,42435357048999,X-Large / White,X-Large,White,,,True,True,,False,35.00,100,,4,7340068470951,2022-05-13T14:15:37-04:00,2026-10-09T07:37:16-04:00,7340068470951,SUCKS TEE,sucks-tee,2022-05-13T14:21:39-04:00,2022-05-13T14:15:36-04:00,2026-10-09T07:37:16-04:00,Quietly Coffee,Shirts,[],"[{'id': 32957675503783, 'created_at': '2022-05-13T14:18:20-04:00', 'position': 1, 'updated_at': '2022-05-13T14:18:22-04:00', 'product_id': 7340068470951, 'variant_ids': [], 'src': 'https://cdn.shopify.com/s/files/1/0048/1624/0711/products/6Farm03_0d93a5d2-b6ff-4e7a-a73b-934d5264c2f1.png?v=1652465902', 'width': 2048, 'height': 2048}, {'id': 32957678289063, 'created_at': '2022-05-13T14:19:44-04:00', 'position': 2, 'updated_at': '2022-05-13T14:19:46-04:00', 'product_id': 7340068470951, 'variant_ids': [], 'src': 'https://cdn.shopify.com/s/files/1/0048/1624/0711/products/6Farm01_ef8196d0-182b-426d-b7ba-fb2adc5ce71a.png?v=1652465986', 'width': 2048, 'height': 2048}, {'id': 32957681598631, 'created_at': '2022-05-13T14:21:39-04:00', 'position': 3, 'updated_at': '2022-05-13T14:21:41-04:00', 'product_id': 7340068470951, 'variant_ids': [], 'src': 'https://cdn.shopify.com/s/files/1/0048/1624/0711/products/images-product-seasonal-_2020_a08c20ae-1f3a-415a-b54c-c1e77530981b.gif?v=1652466101', 'width': 2048, 'height': 2048}]","[{'name': 'Size', 'position': 1, 'values': ['Small', 'Medium', 'Large', 'X-Large', '2X-Large', '3X-Large']}, {'name': 'Color', 'position': 2, 'values': ['White']}]",https://www.quietlycoffee.com/products/sucks-tee,,,,,,,,,,,
12,42435357147303,2X-Large / White,2X-Large,White,,,True,True,,False,35.00,100,,5,7340068470951,2022-05-13T14:15:37-04:00,2026-10-09T07:37:16-04:00,7340068470951,SUCKS TEE,sucks-tee,2022-05-13T14:21:39-04:00,2022-05-13T14:15:36-04:00,2026-10-09T07:37:16-04:00,Quietly Coffee,Shirts,[],"[{'id': 32957675503783, 'created_at': '2022-05-13T14:18:20-04:00', 'position': 1, 'updated_at': '2022-05-13T14:18:22-04:00', 'product_id': 7340068470951, 'variant_ids': [], 'src': 'https://cdn.shopify.com/s/files/1/0048/1624/0711/products/6Farm03_0d93a5d2-b6ff-4e7a-a73b-934d5264c2f1.png?v=1652465902', 'width': 2048, 'height': 2048}, {'id': 32957678289063, 'created_at': '2022-05-13T14:19:44-04:00', 'position': 2, 'updated_at': '2022-05-13T14:19:46-04:00', 'product_id': 7340068470951, 'variant_ids': [], 'src': 'https://cdn.shopify.com/s/files/1/0048/1624/0711/products/6Farm01_ef8196d0-182b-426d-b7ba-fb2adc5ce71a.png?v=1652465986', 'width': 2048, 'height': 2048}, {'id': 32957681598631, 'created_at': '2022-05-13T14:21:39-04:00', 'position': 3, 'updated_at': '2022-05-13T14:21:41-04:00', 'product_id': 7340068470951, 'variant_ids': [], 'src': 'https://cdn.shopify.com/s/files/1/0048/1624/0711/products/images-product-seasonal-_2020_a08c20ae-1f3a-415a-b54c-c1e77530981b.gif?v=1652466101', 'width': 2048, 'height': 2048}]","[{'name': 'Size', 'position': 1, 'values': ['Small', 'Medium', 'Large', 'X-Large', '2X-Large', '3X-Large']}, {'name': 'Color', 'position': 2, 'values': ['White']}]",https://www.quietlycoffee.com/products/sucks-tee,,,,,,,,,,,
13,42580726481063,3X-Large / White,3X-Large,White,,,True,True,,False,35.00,100,,6,7340068470951,2022-07-07T09:26:02-04:00,2026-10-09T07:37:16-04:00,7340068470951,SUCKS TEE,sucks-tee,2022-05-13T14:21:39-04:00,2022-05-13T14:15:36-04:00,2026-10-09T07:37:16-04:00,Quietly Coffee,Shirts,[],"[{'id': 32957675503783, 'created_at': '2022-05-13T14:18:20-04:00', 'position': 1, 'updated_at': '2022-05-13T14:18:22-04:00', 'product_id': 7340068470951, 'variant_ids': [], 'src': 'https://cdn.shopify.com/s/files/1/0048/1624/0711/products/6Farm03_0d93a5d2-b6ff-4e7a-a73b-934d5264c2f1.png?v=1652465902', 'width': 2048, 'height': 2048}, {'id': 32957678289063, 'created_at': '2022-05-13T14:19:44-04:00', 'position': 2, 'updated_at': '2022-05-13T14:19:46-04:00', 'product_id': 7340068470951, 'variant_ids': [], 'src': 'https://cdn.shopify.com/s/files/1/0048/1624/0711/products/6Farm01_ef8196d0-182b-426d-b7ba-fb2adc5ce71a.png?v=1652465986', 'width': 2048, 'height': 2048}, {'id': 32957681598631, 'created_at': '2022-05-13T14:21:39-04:00', 'position': 3, 'updated_at': '2022-05-13T14:21:41-04:00', 'product_id': 7340068470951, 'variant_ids': [], 'src': 'https://cdn.shopify.com/s/files/1/0048/1624/0711/products/images-product-seasonal-_2020_a08c20ae-1f3a-415a-b54c-c1e77530981b.gif?v=1652466101', 'width': 2048, 'height': 2048}]","[{'name': 'Size', 'position': 1, 'values': ['Small', 'Medium', 'Large', 'X-Large', '2X-Large', '3X-Large']}, {'name': 'Color', 'position': 2, 'values': ['White']}]",https://www.quietlycoffee.com/products/sucks-tee,,,,,,,,,,,
14,42435268378791,Small / Oatmeal,Small,Oatmeal,,,True,True,,False,45.00,100,,1,7340041404583,2022-05-13T13:15:49-04:00,2026-10-09T07:37:16-04:00,7340041404583,COUNTRYSIDE SWEATSHIRT,countryside,2022-05-13T13:40:21-04:00,2022-05-13T13:15:48-04:00,2026-10-09T07:37:16-04:00,Quietly Coffee,Apparel & Accessories,[],"[{'id': 32957608853671, 'created_at': '2022-05-13T13:41:36-04:00', 'position': 1, 'updated_at': '2022-05-13T13:41:38-04:00', 'product_id': 7340041404583, 'variant_ids': [42435306487975, 42435306553511, 42435306619047, 42435306684583, 42435306750119], 'src': 'https://cdn.shopify.com/s/files/1/0048/1624/0711/products/6Farm02_db0aa4f5-c0dc-4ccc-a837-08f8a162a005.png?v=1652463698', 'width': 2048, 'height': 2048}, {'id': 32957639819431, 'created_at': '2022-05-13T13:57:55-04:00', 'position': 2, 'updated_at': '2022-05-13T13:57:58-04:00', 'product_id': 7340041404583, 'variant_ids': [], 'src': 'https://cdn.shopify.com/s/files/1/0048/1624/0711/products/images-product-seasonal-_2020.gif?v=1652464678', 'width': 2048, 'height': 2048}, {'id': 32957616488615, 'created_at': '2022-05-13T13:44:50-04:00', 'position': 3, 'updated_at': '2022-05-13T13:57:58-04:00', 'product_id': 7340041404583, 'variant_ids': [42435306520743, 42435306586279, 42435306651815, 42435306717351, 42435306782887], 'src': 'https://cdn.shopify.com/s/files/1/0048/1624/0711/products/6Farm04_4f87a159-1fb8-4cd6-b614-dcfc3c18df3e.png?v=1652464678', 'width': 2048, 'height': 2048}, {'id': 32957623599271, 'created_at': '2022-05-13T13:47:52-04:00', 'position': 4, 'updated_at': '2022-05-13T13:57:58-04:00', 'product_id': 7340041404583, 'variant_ids': [42435268378791, 42435268477095, 42435268509863, 42435268542631, 42435268575399], 'src': 'https://cdn.shopify.com/s/files/1/0048/1624/0711/products/6Farm03_fb7bedaa-ac7a-4947-b10c-13d43c49c410.png?v=1652464678', 'width': 2048, 'height': 2048}]","[{'name': 'Size', 'position': 1, 'values': ['Small', 'Medium', 'Large', 'X-Large', '2X-Large']}, {'name': 'Color', 'position': 2, 'values': ['Oatmeal', 'Burgundy', 'Navy']}]",https://www.quietlycoffee.com/products/countryside,,32957623599271.0,7340041404583.0,4.0,2022-05-13T13:47:52-04:00,2022-05-13T13:57:58-04:00,,2048.0,2048.0,https://cdn.shopify.com/s/files/1/0048/1624/0711/products/6Farm03_fb7bedaa-ac7a-4947-b10c-13d43c49c410.png?v=1652464678,"[42435268378791, 42435268477095, 42435268509863, 42435268542631, 42435268575399]"
15,42435306487975,Small / Burgundy,Small,Burgundy,,,True,True,,False,45.00,100,,2,7340041404583,2022-05-13T13:40:22-04:00,2026-10-09T07:37:16-04:00,7340041404583,COUNTRYSIDE SWEATSHIRT,countryside,2022-05-13T13:40:21-04:00,2022-05-13T13:15:48-04:00,2026-10-09T07:37:16-04:00,Quietly Coffee,Apparel & Accessories,[],"[{'id': 32957608853671, 'created_at': '2022-05-13T13:41:36-04:00', 'position': 1, 'updated_at': '2022-05-13T13:41:38-04:00', 'product_id': 7340041404583, 'variant_ids': [42435306487975, 42435306553511, 42435306619047, 42435306684583, 42435306750119], 'src': 'https://cdn.shopify.com/s/files/1/0048/1624/0711/products/6Farm02_db0aa4f5-c0dc-4ccc-a837-08f8a162a005.png?v=1652463698', 'width': 2048, 'height': 2048}, {'id': 32957639819431, 'created_at': '2022-05-13T13:57:55-04:00', 'position': 2, 'updated_at': '2022-05-13T13:57:58-04:00', 'product_id': 7340041404583, 'variant_ids': [], 'src': 'https://cdn.shopify.com/s/files/1/0048/1624/0711/products/images-product-seasonal-_2020.gif?v=1652464678', 'width': 2048, 'height': 2048}, {'id': 32957616488615, 'created_at': '2022-05-13T13:44:50-04:00', 'position': 3, 'updated_at': '2022-05-13T13:57:58-04:00', 'product_id': 7340041404583, 'variant_ids': [42435306520743, 42435306586279, 42435306651815, 42435306717351, 42435306782887], 'src': 'https://cdn.shopify.com/s/files/1/0048/1624/0711/products/6Farm04_4f87a159-1fb8-4cd6-b614-dcfc3c18df3e.png?v=1652464678', 'width': 2048, 'height': 2048}, {'id': 32957623599271, 'created_at': '2022-05-13T13:47:52-04:00', 'position': 4, 'updated_at': '2022-05-13T13:57:58-04:00', 'product_id': 7340041404583, 'variant_ids': [42435268378791, 42435268477095, 42435268509863, 42435268542631, 42435268575399], 'src': 'https://cdn.shopify.com/s/files/1/0048/1624/0711/products/6Farm03_fb7bedaa-ac7a-4947-b10c-13d43c49c410.png?v=1652464678', 'width': 2048, 'height': 2048}]","[{'name': 'Size', 'position': 1, 'values': ['Small', 'Medium', 'Large', 'X-Large', '2X-Large']}, {'name': 'Color', 'position': 2, 'values': ['Oatmeal', 'Burgundy', 'Navy']}]",https://www.quietlycoffee.com/products/countryside,,32957608853671.0,7340041404583.0,1.0,2022-05-13T13:41:36-04:00,2022-05-13T13:41:38-04:00,,2048.0,2048.0,https://cdn.shopify.com/s/files/1/0048/1624/0711/products/6Farm02_db0aa4f5-c0dc-4ccc-a837-08f8a162a005.png?v=1652463698,"[42435306487975, 42435306553511, 42435306619047, 42435306684583, 42435306750119]"
16,42435306520743,Small / Navy,Small,Navy,,,True,True,,False,45.00,100,,3,7340041404583,2022-05-13T13:40:22-04:00,2026-10-09T07:37:16-04:00,7340041404583,COUNTRYSIDE SWEATSHIRT,countryside,2022-05-13T13:40:21-04:00,2022-05-13T13:15:48-04:00,2026-10-09T07:37:16-04:00,Quietly Coffee,Apparel & Accessories,[],"[{'id': 32957608853671, 'created_at': '2022-05-13T13:41:36-04:00', 'position': 1, 'updated_at': '2022-05-13T13:41:38-04:00', 'product_id': 7340041404583, 'variant_ids': [42435306487975, 42435306553511, 42435306619047, 42435306684583, 42435306750119], 'src': 'https://cdn.shopify.com/s/files/1/0048/1624/0711/products/6Farm02_db0aa4f5-c0dc-4ccc-a837-08f8a162a005.png?v=1652463698', 'width': 2048, 'height': 2048}, {'id': 32957639819431, 'created_at': '2022-05-13T13:57:55-04:00', 'position': 2, 'updated_at': '2022-05-13T13:57:58-04:00', 'product_id': 7340041404583, 'variant_ids': [], 'src': 'https://cdn.shopify.com/s/files/1/0048/1624/0711/products/images-product-seasonal-_2020.gif?v=1652464678', 'width': 2048, 'height': 2048}, {'id': 32957616488615, 'created_at': '2022-05-13T13:44:50-04:00', 'position': 3, 'updated_at': '2022-05-13T13:57:58-04:00', 'product_id': 7340041404583, 'variant_ids': [42435306520743, 42435306586279, 42435306651815, 42435306717351, 42435306782887], 'src': 'https://cdn.shopify.com/s/files/1/0048/1624/0711/products/6Farm04_4f87a159-1fb8-4cd6-b614-dcfc3c18df3e.png?v=1652464678', 'width': 2048, 'height': 2048}, {'id': 32957623599271, 'created_at': '2022-05-13T13:47:52-04:00', 'position': 4, 'updated_at': '2022-05-13T13:57:58-04:00', 'product_id': 7340041404583, 'variant_ids': [42435268378791, 42435268477095, 42435268509863, 42435268542631, 42435268575399], 'src': 'https://cdn.shopify.com/s/files/1/0048/1624/0711/products/6Farm03_fb7bedaa-ac7a-4947-b10c-13d43c49c410.png?v=1652464678', 'width': 2048, 'height': 2048}]","[{'name': 'Size', 'position': 1, 'values': ['Small', 'Medium', 'Large', 'X-Large', '2X-Large']}, {'name': 'Color', 'position': 2, 'values': ['Oatmeal', 'Burgundy', 'Navy']}]",https://www.quietlycoffee.com/products/countryside,,32957616488615.0,7340041404583.0,3.0,2022-05-13T13:44:50-04:00,2022-05-13T13:57:58-04:00,,2048.0,2048.0,https://cdn.shopify.com/s/files/1/0048/1624/0711/products/6Farm04_4f87a159-1fb8-4cd6-b614-dcfc3c18df3e.png?v=1652464678,"[42435306520743, 42435306586279, 42435306651815, 42435306717351, 42435306782887]"
17,42435268477095,Medium / Oatmeal,Medium,Oatmeal,,,True,True,,False,45.00,100,,4,7340041404583,2022-05-13T13:15:49-04:00,2026-10-09T07:37:16-04:00,7340041404583,COUNTRYSIDE SWEATSHIRT,countryside,2022-05-13T13:40:21-04:00,2022-05-13T13:15:48-04:00,2026-10-09T07:37:16-04:00,Quietly Coffee,Apparel & Accessories,[],"[{'id': 32957608853671, 'created_at': '2022-05-13T13:41:36-04:00', 'position': 1, 'updated_at': '2022-05-13T13:41:38-04:00', 'product_id': 7340041404583, 'variant_ids': [42435306487975, 42435306553511, 42435306619047, 42435306684583, 42435306750119], 'src': 'https://cdn.shopify.com/s/files/1/0048/1624/0711/products/6Farm02_db0aa4f5-c0dc-4ccc-a837-08f8a162a005.png?v=1652463698', 'width': 2048, 'height': 2048}, {'id': 32957639819431, 'created_at': '2022-05-13T13:57:55-04:00', 'position': 2, 'updated_at': '2022-05-13T13:57:58-04:00', 'product_id': 7340041404583, 'variant_ids': [], 'src': 'https://cdn.shopify.com/s/files/1/0048/1624/0711/products/images-product-seasonal-_2020.gif?v=1652464678', 'width': 2048, 'height': 2048}, {'id': 32957616488615, 'created_at': '2022-05-13T13:44:50-04:00', 'position': 3, 'updated_at': '2022-05-13T13:57:58-04:00', 'product_id': 7340041404583, 'variant_ids': [42435306520743, 42435306586279, 42435306651815, 42435306717351, 42435306782887], 'src': 'https://cdn.shopify.com/s/files/1/0048/1624/0711/products/6Farm04_4f87a159-1fb8-4cd6-b614-dcfc3c18df3e.png?v=1652464678', 'width': 2048, 'height': 2048}, {'id': 32957623599271, 'created_at': '2022-05-13T13:47:52-04:00', 'position': 4, 'updated_at': '2022-05-13T13:57:58-04:00', 'product_id': 7340041404583, 'variant_ids': [42435268378791, 42435268477095, 42435268509863, 42435268542631, 42435268575399], 'src': 'https://cdn.shopify.com/s/files/1/0048/1624/0711/products/6Farm03_fb7bedaa-ac7a-4947-b10c-13d43c49c410.png?v=1652464678', 'width': 2048, 'height': 2048}]","[{'name': 'Size', 'position': 1, 'values': ['Small', 'Medium', 'Large', 'X-Large', '2X-Large']}, {'name': 'Color', 'position': 2, 'values': ['Oatmeal', 'Burgundy', 'Navy']}]",https://www.quietlycoffee.com/products/countryside,,32957623599271.0,7340041404583.0,4.0,2022-05-13T13:47:52-04:00,2022-05-13T13:57:58-04:00,,2048.0,2048.0,https://cdn.shopify.com/s/files/1/0048/1624/0711/products/6Farm03_fb7bedaa-ac7a-4947-b10c-13d43c49c410.png?v=1652464678,"[42435268378791, 42435268477095, 42435268509863, 42435268542631, 42435268575399]"
18,42435306553511,Medium / Burgundy,Medium,Burgundy,,,True,True,,False,45.00,100,,5,7340041404583,2022-05-13T13:40:22-04:00,2026-10-09T07:37:16-04:00,7340041404583,COUNTRYSIDE SWEATSHIRT,countryside,2022-05-13T13:40:21-04:00,2022-05-13T13:15:48-04:00,2026-10-09T07:37:16-04:00,Quietly Coffee,Apparel & Accessories,[],"[{'id': 32957608853671, 'created_at': '2022-05-13T13:41:36-04:00', 'position': 1, 'updated_at': '2022-05-13T13:41:38-04:00', 'product_id': 7340041404583, 'variant_ids': [42435306487975, 42435306553511, 42435306619047, 42435306684583, 42435306750119], 'src': 'https://cdn.shopify.com/s/files/1/0048/1624/0711/products/6Farm02_db0aa4f5-c0dc-4ccc-a837-08f8a162a005.png?v=1652463698', 'width': 2048, 'height': 2048}, {'id': 32957639819431, 'created_at': '2022-05-13T13:57:55-04:00', 'position': 2, 'updated_at': '2022-05-13T13:57:58-04:00', 'product_id': 7340041404583, 'variant_ids': [], 'src': 'https://cdn.shopify.com/s/files/1/0048/1624/0711/products/images-product-seasonal-_2020.gif?v=1652464678', 'width': 2048, 'height': 2048}, {'id': 32957616488615, 'created_at': '2022-05-13T13:44:50-04:00', 'position': 3, 'updated_at': '2022-05-13T13:57:58-04:00', 'product_id': 7340041404583, 'variant_ids': [42435306520743, 42435306586279, 42435306651815, 42435306717351, 42435306782887], 'src': 'https://cdn.shopify.com/s/files/1/0048/1624/0711/products/6Farm04_4f87a159-1fb8-4cd6-b614-dcfc3c18df3e.png?v=1652464678', 'width': 2048, 'height': 2048}, {'id': 32957623599271, 'created_at': '2022-05-13T13:47:52-04:00', 'position': 4, 'updated_at': '2022-05-13T13:57:58-04:00', 'product_id': 7340041404583, 'variant_ids': [42435268378791, 42435268477095, 42435268509863, 42435268542631, 42435268575399], 'src': 'https://cdn.shopify.com/s/files/1/0048/1624/0711/products/6Farm03_fb7bedaa-ac7a-4947-b10c-13d43c49c410.png?v=1652464678', 'width': 2048, 'height': 2048}]","[{'name': 'Size', 'position': 1, 'values': ['Small', 'Medium', 'Large', 'X-Large', '2X-Large']}, {'name': 'Color', 'position': 2, 'values': ['Oatmeal', 'Burgundy', 'Navy']}]",https://www.quietlycoffee.com/products/countryside,,32957608853671.0,7340041404583.0,1.0,2022-05-13T13:41:36-04:00,2022-05-13T13:41:38-04:00,,2048.0,2048.0,https://cdn.shopify.com/s/files/1/0048/1624/0711/products/6Farm02_db0aa4f5-c0dc-4ccc-a837-08f8a162a005.png?v=1652463698,"[42435306487975, 42435306553511, 42435306619047, 42435306684583, 42435306750119]"
19,42435306586279,Medium / Navy,Medium,Navy,,,True,True,,False,45.00,100,,6,7340041404583,2022-05-13T13:40:22-04:00,2026-10-09T07:37:16-04:00,7340041404583,COUNTRYSIDE SWEATSHIRT,countryside,2022-05-13T13:40:21-04:00,2022-05-13T13:15:48-04:00,2026-10-09T07:37:16-04:00,Quietly Coffee,Apparel & Accessories,[],"[{'id': 32957608853671, 'created_at': '2022-05-13T13:41:36-04:00', 'position': 1, 'updated_at': '2022-05-13T13:41:38-04:00', 'product_id': 7340041404583, 'variant_ids': [42435306487975, 42435306553511, 42435306619047, 42435306684583, 42435306750119], 'src': 'https://cdn.shopify.com/s/files/1/0048/1624/0711/products/6Farm02_db0aa4f5-c0dc-4ccc-a837-08f8a162a005.png?v=1652463698', 'width': 2048, 'height': 2048}, {'id': 32957639819431, 'created_at': '2022-05-13T13:57:55-04:00', 'position': 2, 'updated_at': '2022-05-13T13:57:58-04:00', 'product_id': 7340041404583, 'variant_ids': [], 'src': 'https://cdn.shopify.com/s/files/1/0048/1624/0711/products/images-product-seasonal-_2020.gif?v=1652464678', 'width': 2048, 'height': 2048}, {'id': 32957616488615, 'created_at': '2022-05-13T13:44:50-04:00', 'position': 3, 'updated_at': '2022-05-13T13:57:58-04:00', 'product_id': 7340041404583, 'variant_ids': [42435306520743, 42435306586279, 42435306651815, 42435306717351, 42435306782887], 'src': 'https://cdn.shopify.com/s/files/1/0048/1624/0711/products/6Farm04_4f87a159-1fb8-4cd6-b614-dcfc3c18df3e.png?v=1652464678', 'width': 2048, 'height': 2048}, {'id': 32957623599271, 'created_at': '2022-05-13T13:47:52-04:00', 'position': 4, 'updated_at': '2022-05-13T13:57:58-04:00', 'product_id': 7340041404583, 'variant_ids': [42435268378791, 42435268477095, 42435268509863, 42435268542631, 42435268575399], 'src': 'https://cdn.shopify.com/s/files/1/0048/1624/0711/products/6Farm03_fb7bedaa-ac7a-4947-b10c-13d43c49c410.png?v=1652464678', 'width': 2048, 'height': 2048}]","[{'name': 'Size', 'position': 1, 'values': ['Small', 'Medium', 'Large', 'X-Large', '2X-Large']}, {'name': 'Color', 'position': 2, 'values': ['Oatmeal', 'Burgundy', 'Navy']}]",https://www.quietlycoffee.com/products/countryside,,32957616488615.0,7340041404583.0,3.0,2022-05-13T13:44:50-04:00,2022-05-13T13:57:58-04:00,,2048.0,2048.0,https://cdn.shopify.com/s/files/1/0048/1624/0711/products/6Farm04_4f87a159-1fb8-4cd6-b614-dcfc3c18df3e.png?v=1652464678,"[42435306520743, 42435306586279, 42435306651815, 42435306717351, 42435306782887]"
20,42435268509863,Large / Oatmeal,Large,Oatmeal,,,True,True,,False,45.00,100,,7,7340041404583,2022-05-13T13:15:49-04:00,2026-10-09T07:37:16-04:00,7340041404583,COUNTRYSIDE SWEATSHIRT,countryside,2022-05-13T13:40:21-04:00,2022-05-13T13:15:48-04:00,2026-10-09T07:37:16-04:00,Quietly Coffee,Apparel & Accessories,[],"[{'id': 32957608853671, 'created_at': '2022-05-13T13:41:36-04:00', 'position': 1, 'updated_at': '2022-05-13T13:41:38-04:00', 'product_id': 7340041404583, 'variant_ids': [42435306487975, 42435306553511, 42435306619047, 42435306684583, 42435306750119], 'src': 'https://cdn.shopify.com/s/files/1/0048/1624/0711/products/6Farm02_db0aa4f5-c0dc-4ccc-a837-08f8a162a005.png?v=1652463698', 'width': 2048, 'height': 2048}, {'id': 32957639819431, 'created_at': '2022-05-13T13:57:55-04:00', 'position': 2, 'updated_at': '2022-05-13T13:57:58-04:00', 'product_id': 7340041404583, 'variant_ids': [], 'src': 'https://cdn.shopify.com/s/files/1/0048/1624/0711/products/images-product-seasonal-_2020.gif?v=1652464678', 'width': 2048, 'height': 2048}, {'id': 32957616488615, 'created_at': '2022-05-13T13:44:50-04:00', 'position': 3, 'updated_at': '2022-05-13T13:57:58-04:00', 'product_id': 7340041404583, 'variant_ids': [42435306520743, 42435306586279, 42435306651815, 42435306717351, 42435306782887], 'src': 'https://cdn.shopify.com/s/files/1/0048/1624/0711/products/6Farm04_4f87a159-1fb8-4cd6-b614-dcfc3c18df3e.png?v=1652464678', 'width': 2048, 'height': 2048}, {'id': 32957623599271, 'created_at': '2022-05-13T13:47:52-04:00', 'position': 4, 'updated_at': '2022-05-13T13:57:58-04:00', 'product_id': 7340041404583, 'variant_ids': [42435268378791, 42435268477095, 42435268509863, 42435268542631, 42435268575399], 'src': 'https://cdn.shopify.com/s/files/1/0048/1624/0711/products/6Farm03_fb7bedaa-ac7a-4947-b10c-13d43c49c410.png?v=1652464678', 'width': 2048, 'height': 2048}]","[{'name': 'Size', 'position': 1, 'values': ['Small', 'Medium', 'Large', 'X-Large', '2X-Large']}, {'name': 'Color', 'position': 2, 'values': ['Oatmeal', 'Burgundy', 'Navy']}]",https://www.quietlycoffee.com/products/countryside,,32957623599271.0,7340041404583.0,4.0,2022-05-13T13:47:52-04:00,2022-05-13T13:57:58-04:00,,2048.0,2048.0,https://cdn.shopify.com/s/files/1/0048/1624/0711/products/6Farm03_fb7bedaa-ac7a-4947-b10c-13d43c49c410.png?v=1652464678,"[42435268378791, 42435268477095, 42435268509863, 42435268542631, 42435268575399]"
21,42435306619047,Large / Burgundy,Large,Burgundy,,,True,True,,False,45.00,100,,8,7340041404583,2022-05-13T13:40:22-04:00,2026-10-09T07:37:16-04:00,7340041404583,COUNTRYSIDE SWEATSHIRT,countryside,2022-05-13T13:40:21-04:00,2022-05-13T13:15:48-04:00,2026-10-09T07:37:16-04:00,Quietly Coffee,Apparel & Accessories,[],"[{'id': 32957608853671, 'created_at': '2022-05-13T13:41:36-04:00', 'position': 1, 'updated_at': '2022-05-13T13:41:38-04:00', 'product_id': 7340041404583, 'variant_ids': [42435306487975, 42435306553511, 42435306619047, 42435306684583, 42435306750119], 'src': 'https://cdn.shopify.com/s/files/1/0048/1624/0711/products/6Farm02_db0aa4f5-c0dc-4ccc-a837-08f8a162a005.png?v=1652463698', 'width': 2048, 'height': 2048}, {'id': 32957639819431, 'created_at': '2022-05-13T13:57:55-04:00', 'position': 2, 'updated_at': '2022-05-13T13:57:58-04:00', 'product_id': 7340041404583, 'variant_ids': [], 'src': 'https://cdn.shopify.com/s/files/1/0048/1624/0711/products/images-product-seasonal-_2020.gif?v=1652464678', 'width': 2048, 'height': 2048}, {'id': 32957616488615, 'created_at': '2022-05-13T13:44:50-04:00', 'position': 3, 'updated_at': '2022-05-13T13:57:58-04:00', 'product_id': 7340041404583, 'variant_ids': [42435306520743, 42435306586279, 42435306651815, 42435306717351, 42435306782887], 'src': 'https://cdn.shopify.com/s/files/1/0048/1624/0711/products/6Farm04_4f87a159-1fb8-4cd6-b614-dcfc3c18df3e.png?v=1652464678', 'width': 2048, 'height': 2048}, {'id': 32957623599271, 'created_at': '2022-05-13T13:47:52-04:00', 'position': 4, 'updated_at': '2022-05-13T13:57:58-04:00', 'product_id': 7340041404583, 'variant_ids': [42435268378791, 42435268477095, 42435268509863, 42435268542631, 42435268575399], 'src': 'https://cdn.shopify.com/s/files/1/0048/1624/0711/products/6Farm03_fb7bedaa-ac7a-4947-b10c-13d43c49c410.png?v=1652464678', 'width': 2048, 'height': 2048}]","[{'name': 'Size', 'position': 1, 'values': ['Small', 'Medium', 'Large', 'X-Large', '2X-Large']}, {'name': 'Color', 'position': 2, 'values': ['Oatmeal', 'Burgundy', 'Navy']}]",https://www.quietlycoffee.com/products/countryside,,32957608853671.0,7340041404583.0,1.0,2022-05-13T13:41:36-04:00,2022-05-13T13:41:38-04:00,,2048.0,2048.0,https://cdn.shopify.com/s/files/1/0048/1624/0711/products/6Farm02_db0aa4f5-c0dc-4ccc-a837-08f8a162a005.png?v=1652463698,"[42435306487975, 42435306553511, 42435306619047, 42435306684583, 42435306750119]"
22,42435306651815,Large / Navy,Large,Navy,,,True,True,,False,45.00,100,,9,7340041404583,2022-05-13T13:40:22-04:00,2026-10-09T07:37:16-04:00,7340041404583,COUNTRYSIDE SWEATSHIRT,countryside,2022-05-13T13:40:21-04:00,2022-05-13T13:15:48-04:00,2026-10-09T07:37:16-04:00,Quietly Coffee,Apparel & Accessories,[],"[{'id': 32957608853671, 'created_at': '2022-05-13T13:41:36-04:00', 'position': 1, 'updated_at': '2022-05-13T13:41:38-04:00', 'product_id': 7340041404583, 'variant_ids': [42435306487975, 42435306553511, 42435306619047, 42435306684583, 42435306750119], 'src': 'https://cdn.shopify.com/s/files/1/0048/1624/0711/products/6Farm02_db0aa4f5-c0dc-4ccc-a837-08f8a162a005.png?v=1652463698', 'width': 2048, 'height': 2048}, {'id': 32957639819431, 'created_at': '2022-05-13T13:57:55-04:00', 'position': 2, 'updated_at': '2022-05-13T13:57:58-04:00', 'product_id': 7340041404583, 'variant_ids': [], 'src': 'https://cdn.shopify.com/s/files/1/0048/1624/0711/products/images-product-seasonal-_2020.gif?v=1652464678', 'width': 2048, 'height': 2048}, {'id': 32957616488615, 'created_at': '2022-05-13T13:44:50-04:00', 'position': 3, 'updated_at': '2022-05-13T13:57:58-04:00', 'product_id': 7340041404583, 'variant_ids': [42435306520743, 42435306586279, 42435306651815, 42435306717351, 42435306782887], 'src': 'https://cdn.shopify.com/s/files/1/0048/1624/0711/products/6Farm04_4f87a159-1fb8-4cd6-b614-dcfc3c18df3e.png?v=1652464678', 'width': 2048, 'height': 2048}, {'id': 32957623599271, 'created_at': '2022-05-13T13:47:52-04:00', 'position': 4, 'updated_at': '2022-05-13T13:57:58-04:00', 'product_id': 7340041404583, 'variant_ids': [42435268378791, 42435268477095, 42435268509863, 42435268542631, 42435268575399], 'src': 'https://cdn.shopify.com/s/files/1/0048/1624/0711/products/6Farm03_fb7bedaa-ac7a-4947-b10c-13d43c49c410.png?v=1652464678', 'width': 2048, 'height': 2048}]","[{'name': 'Size', 'position': 1, 'values': ['Small', 'Medium', 'Large', 'X-Large', '2X-Large']}, {'name': 'Color', 'position': 2, 'values': ['Oatmeal', 'Burgundy', 'Navy']}]",https://www.quietlycoffee.com/products/countryside,,32957616488615.0,7340041404583.0,3.0,2022-05-13T13:44:50-04:00,2022-05-13T13:57:58-04:00,,2048.0,2048.0,https://cdn.shopify.com/s/files/1/0048/1624/0711/products/6Farm04_4f87a159-1fb8-4cd6-b614-dcfc3c18df3e.png?v=1652464678,"[42435306520743, 42435306586279, 42435306651815, 42435306717351, 42435306782887]"
23,42435268542631,X-Large / Oatmeal,X-Large,Oatmeal,,,True,True,,False,45.00,100,,10,7340041404583,2022-05-13T13:15:49-04:00,2026-10-09T07:37:16-04:00,7340041404583,COUNTRYSIDE SWEATSHIRT,countryside,2022-05-13T13:40:21-04:00,2022-05-13T13:15:48-04:00,2026-10-09T07:37:16-04:00,Quietly Coffee,Apparel & Accessories,[],"[{'id': 32957608853671, 'created_at': '2022-05-13T13:41:36-04:00', 'position': 1, 'updated_at': '2022-05-13T13:41:38-04:00', 'product_id': 7340041404583, 'variant_ids': [42435306487975, 42435306553511, 42435306619047, 42435306684583, 42435306750119], 'src': 'https://cdn.shopify.com/s/files/1/0048/1624/0711/products/6Farm02_db0aa4f5-c0dc-4ccc-a837-08f8a162a005.png?v=1652463698', 'width': 2048, 'height': 2048}, {'id': 32957639819431, 'created_at': '2022-05-13T13:57:55-04:00', 'position': 2, 'updated_at': '2022-05-13T13:57:58-04:00', 'product_id': 7340041404583, 'variant_ids': [], 'src': 'https://cdn.shopify.com/s/files/1/0048/1624/0711/products/images-product-seasonal-_2020.gif?v=1652464678', 'width': 2048, 'height': 2048}, {'id': 32957616488615, 'created_at': '2022-05-13T13:44:50-04:00', 'position': 3, 'updated_at': '2022-05-13T13:57:58-04:00', 'product_id': 7340041404583, 'variant_ids': [42435306520743, 42435306586279, 42435306651815, 42435306717351, 42435306782887], 'src': 'https://cdn.shopify.com/s/files/1/0048/1624/0711/products/6Farm04_4f87a159-1fb8-4cd6-b614-dcfc3c18df3e.png?v=1652464678', 'width': 2048, 'height': 2048}, {'id': 32957623599271, 'created_at': '2022-05-13T13:47:52-04:00', 'position': 4, 'updated_at': '2022-05-13T13:57:58-04:00', 'product_id': 7340041404583, 'variant_ids': [42435268378791, 42435268477095, 42435268509863, 42435268542631, 42435268575399], 'src': 'https://cdn.shopify.com/s/files/1/0048/1624/0711/products/6Farm03_fb7bedaa-ac7a-4947-b10c-13d43c49c410.png?v=1652464678', 'width': 2048, 'height': 2048}]","[{'name': 'Size', 'position': 1, 'values': ['Small', 'Medium', 'Large', 'X-Large', '2X-Large']}, {'name': 'Color', 'position': 2, 'values': ['Oatmeal', 'Burgundy', 'Navy']}]",https://www.quietlycoffee.com/products/countryside,,32957623599271.0,7340041404583.0,4.0,2022-05-13T13:47:52-04:00,2022-05-13T13:57:58-04:00,,2048.0,2048.0,https://cdn.shopify.com/s/files/1/0048/1624/0711/products/6Farm03_fb7bedaa-ac7a-4947-b10c-13d43c49c410.png?v=1652464678,"[42435268378791, 42435268477095, 42435268509863, 42435268542631, 42435268575399]"
24,42435306684583,X-Large / Burgundy,X-Large,Burgundy,,,True,True,,False,45.00,100,,11,7340041404583,2022-05-13T13:40:22-04:00,2026-10-09T07:37:16-04:00,7340041404583,COUNTRYSIDE SWEATSHIRT,countryside,2022-05-13T13:40:21-04:00,2022-05-13T13:15:48-04:00,2026-10-09T07:37:16-04:00,Quietly Coffee,Apparel & Accessories,[],"[{'id': 32957608853671, 'created_at': '2022-05-13T13:41:36-04:00', 'position': 1, 'updated_at': '2022-05-13T13:41:38-04:00', 'product_id': 7340041404583, 'variant_ids': [42435306487975, 42435306553511, 42435306619047, 42435306684583, 42435306750119], 'src': 'https://cdn.shopify.com/s/files/1/0048/1624/0711/products/6Farm02_db0aa4f5-c0dc-4ccc-a837-08f8a162a005.png?v=1652463698', 'width': 2048, 'height': 2048}, {'id': 32957639819431, 'created_at': '2022-05-13T13:57:55-04:00', 'position': 2, 'updated_at': '2022-05-13T13:57:58-04:00', 'product_id': 7340041404583, 'variant_ids': [], 'src': 'https://cdn.shopify.com/s/files/1/0048/1624/0711/products/images-product-seasonal-_2020.gif?v=1652464678', 'width': 2048, 'height': 2048}, {'id': 32957616488615, 'created_at': '2022-05-13T13:44:50-04:00', 'position': 3, 'updated_at': '2022-05-13T13:57:58-04:00', 'product_id': 7340041404583, 'variant_ids': [42435306520743, 42435306586279, 42435306651815, 42435306717351, 42435306782887], 'src': 'https://cdn.shopify.com/s/files/1/0048/1624/0711/products/6Farm04_4f87a159-1fb8-4cd6-b614-dcfc3c18df3e.png?v=1652464678', 'width': 2048, 'height': 2048}, {'id': 32957623599271, 'created_at': '2022-05-13T13:47:52-04:00', 'position': 4, 'updated_at': '2022-05-13T13:57:58-04:00', 'product_id': 7340041404583, 'variant_ids': [42435268378791, 42435268477095, 42435268509863, 42435268542631, 42435268575399], 'src': 'https://cdn.shopify.com/s/files/1/0048/1624/0711/products/6Farm03_fb7bedaa-ac7a-4947-b10c-13d43c49c410.png?v=1652464678', 'width': 2048, 'height': 2048}]","[{'name': 'Size', 'position': 1, 'values': ['Small', 'Medium', 'Large', 'X-Large', '2X-Large']}, {'name': 'Color', 'position': 2, 'values': ['Oatmeal', 'Burgundy', 'Navy']}]",https://www.quietlycoffee.com/products/countryside,,32957608853671.0,7340041404583.0,1.0,2022-05-13T13:41:36-04:00,2022-05-13T13:41:38-04:00,,2048.0,2048.0,https://cdn.shopify.com/s/files/1/0048/1624/0711/products/6Farm02_db0aa4f5-c0dc-4ccc-a837-08f8a162a005.png?v=1652463698,"[42435306487975, 42435306553511, 42435306619047, 42435306684583, 42435306750119]"
25,42435306717351,X-Large / Navy,X-Large,Navy,,,True,True,,False,45.00,100,,12,7340041404583,2022-05-13T13:40:22-04:00,2026-10-09T07:37:16-04:00,7340041404583,COUNTRYSIDE SWEATSHIRT,countryside,2022-05-13T13:40:21-04:00,2022-05-13T13:15:48-04:00,2026-10-09T07:37:16-04:00,Quietly Coffee,Apparel & Accessories,[],"[{'id': 32957608853671, 'created_at': '2022-05-13T13:41:36-04:00', 'position': 1, 'updated_at': '2022-05-13T13:41:38-04:00', 'product_id': 7340041404583, 'variant_ids': [42435306487975, 42435306553511, 42435306619047, 42435306684583, 42435306750119], 'src': 'https://cdn.shopify.com/s/files/1/0048/1624/0711/products/6Farm02_db0aa4f5-c0dc-4ccc-a837-08f8a162a005.png?v=1652463698', 'width': 2048, 'height': 2048}, {'id': 32957639819431, 'created_at': '2022-05-13T13:57:55-04:00', 'position': 2, 'updated_at': '2022-05-13T13:57:58-04:00', 'product_id': 7340041404583, 'variant_ids': [], 'src': 'https://cdn.shopify.com/s/files/1/0048/1624/0711/products/images-product-seasonal-_2020.gif?v=1652464678', 'width': 2048, 'height': 2048}, {'id': 32957616488615, 'created_at': '2022-05-13T13:44:50-04:00', 'position': 3, 'updated_at': '2022-05-13T13:57:58-04:00', 'product_id': 7340041404583, 'variant_ids': [42435306520743, 42435306586279, 42435306651815, 42435306717351, 42435306782887], 'src': 'https://cdn.shopify.com/s/files/1/0048/1624/0711/products/6Farm04_4f87a159-1fb8-4cd6-b614-dcfc3c18df3e.png?v=1652464678', 'width': 2048, 'height': 2048}, {'id': 32957623599271, 'created_at': '2022-05-13T13:47:52-04:00', 'position': 4, 'updated_at': '2022-05-13T13:57:58-04:00', 'product_id': 7340041404583, 'variant_ids': [42435268378791, 42435268477095, 42435268509863, 42435268542631, 42435268575399], 'src': 'https://cdn.shopify.com/s/files/1/0048/1624/0711/products/6Farm03_fb7bedaa-ac7a-4947-b10c-13d43c49c410.png?v=1652464678', 'width': 2048, 'height': 2048}]","[{'name': 'Size', 'position': 1, 'values': ['Small', 'Medium', 'Large', 'X-Large', '2X-Large']}, {'name': 'Color', 'position': 2, 'values': ['Oatmeal', 'Burgundy', 'Navy']}]",https://www.quietlycoffee.com/products/countryside,,32957616488615.0,7340041404583.0,3.0,2022-05-13T13:44:50-04:00,2022-05-13T13:57:58-04:00,,2048.0,2048.0,https://cdn.shopify.com/s/files/1/0048/1624/0711/products/6Farm04_4f87a159-1fb8-4cd6-b614-dcfc3c18df3e.png?v=1652464678,"[42435306520743, 42435306586279, 42435306651815, 42435306717351, 42435306782887]"
26,42435268575399,2X-Large / Oatmeal,2X-Large,Oatmeal,,,True,True,,False,45.00,100,,13,7340041404583,2022-05-13T13:15:49-04:00,2026-10-09T07:37:16-04:00,7340041404583,COUNTRYSIDE SWEATSHIRT,countryside,2022-05-13T13:40:21-04:00,2022-05-13T13:15:48-04:00,2026-10-09T07:37:16-04:00,Quietly Coffee,Apparel & Accessories,[],"[{'id': 32957608853671, 'created_at': '2022-05-13T13:41:36-04:00', 'position': 1, 'updated_at': '2022-05-13T13:41:38-04:00', 'product_id': 7340041404583, 'variant_ids': [42435306487975, 42435306553511, 42435306619047, 42435306684583, 42435306750119], 'src': 'https://cdn.shopify.com/s/files/1/0048/1624/0711/products/6Farm02_db0aa4f5-c0dc-4ccc-a837-08f8a162a005.png?v=1652463698', 'width': 2048, 'height': 2048}, {'id': 32957639819431, 'created_at': '2022-05-13T13:57:55-04:00', 'position': 2, 'updated_at': '2022-05-13T13:57:58-04:00', 'product_id': 7340041404583, 'variant_ids': [], 'src': 'https://cdn.shopify.com/s/files/1/0048/1624/0711/products/images-product-seasonal-_2020.gif?v=1652464678', 'width': 2048, 'height': 2048}, {'id': 32957616488615, 'created_at': '2022-05-13T13:44:50-04:00', 'position': 3, 'updated_at': '2022-05-13T13:57:58-04:00', 'product_id': 7340041404583, 'variant_ids': [42435306520743, 42435306586279, 42435306651815, 42435306717351, 42435306782887], 'src': 'https://cdn.shopify.com/s/files/1/0048/1624/0711/products/6Farm04_4f87a159-1fb8-4cd6-b614-dcfc3c18df3e.png?v=1652464678', 'width': 2048, 'height': 2048}, {'id': 32957623599271, 'created_at': '2022-05-13T13:47:52-04:00', 'position': 4, 'updated_at': '2022-05-13T13:57:58-04:00', 'product_id': 7340041404583, 'variant_ids': [42435268378791, 42435268477095, 42435268509863, 42435268542631, 42435268575399], 'src': 'https://cdn.shopify.com/s/files/1/0048/1624/0711/products/6Farm03_fb7bedaa-ac7a-4947-b10c-13d43c49c410.png?v=1652464678', 'width': 2048, 'height': 2048}]","[{'name': 'Size', 'position': 1, 'values': ['Small', 'Medium', 'Large', 'X-Large', '2X-Large']}, {'name': 'Color', 'position': 2, 'values': ['Oatmeal', 'Burgundy', 'Navy']}]",https://www.quietlycoffee.com/products/countryside,,32957623599271.0,7340041404583.0,4.0,2022-05-13T13:47:52-04:00,2022-05-13T13:57:58-04:00,,2048.0,2048.0,https://cdn.shopify.com/s/files/1/0048/1624/0711/products/6Farm03_fb7bedaa-ac7a-4947-b10c-13d43c49c410.png?v=1652464678,"[42435268378791, 42435268477095, 42435268509863, 42435268542631, 42435268575399]"
27,42435306750119,2X-Large / Burgundy,2X-Large,Burgundy,,,True,True,,False,45.00,100,,14,7340041404583,2022-05-13T13:40:22-04:00,2026-10-09T07:37:16-04:00,7340041404583,COUNTRYSIDE SWEATSHIRT,countryside,2022-05-13T13:40:21-04:00,2022-05-13T13:15:48-04:00,2026-10-09T07:37:16-04:00,Quietly Coffee,Apparel & Accessories,[],"[{'id': 32957608853671, 'created_at': '2022-05-13T13:41:36-04:00', 'position': 1, 'updated_at': '2022-05-13T13:41:38-04:00', 'product_id': 7340041404583, 'variant_ids': [42435306487975, 42435306553511, 42435306619047, 42435306684583, 42435306750119], 'src': 'https://cdn.shopify.com/s/files/1/0048/1624/0711/products/6Farm02_db0aa4f5-c0dc-4ccc-a837-08f8a162a005.png?v=1652463698', 'width': 2048, 'height': 2048}, {'id': 32957639819431, 'created_at': '2022-05-13T13:57:55-04:00', 'position': 2, 'updated_at': '2022-05-13T13:57:58-04:00', 'product_id': 7340041404583, 'variant_ids': [], 'src': 'https://cdn.shopify.com/s/files/1/0048/1624/0711/products/images-product-seasonal-_2020.gif?v=1652464678', 'width': 2048, 'height': 2048}, {'id': 32957616488615, 'created_at': '2022-05-13T13:44:50-04:00', 'position': 3, 'updated_at': '2022-05-13T13:57:58-04:00', 'product_id': 7340041404583, 'variant_ids': [42435306520743, 42435306586279, 42435306651815, 42435306717351, 42435306782887], 'src': 'https://cdn.shopify.com/s/files/1/0048/1624/0711/products/6Farm04_4f87a159-1fb8-4cd6-b614-dcfc3c18df3e.png?v=1652464678', 'width': 2048, 'height': 2048}, {'id': 32957623599271, 'created_at': '2022-05-13T13:47:52-04:00', 'position': 4, 'updated_at': '2022-05-13T13:57:58-04:00', 'product_id': 7340041404583, 'variant_ids': [42435268378791, 42435268477095, 42435268509863, 42435268542631, 42435268575399], 'src': 'https://cdn.shopify.com/s/files/1/0048/1624/0711/products/6Farm03_fb7bedaa-ac7a-4947-b10c-13d43c49c410.png?v=1652464678', 'width': 2048, 'height': 2048}]","[{'name': 'Size', 'position': 1, 'values': ['Small', 'Medium', 'Large', 'X-Large', '2X-Large']}, {'name': 'Color', 'position': 2, 'values': ['Oatmeal', 'Burgundy', 'Navy']}]",https://www.quietlycoffee.com/products/countryside,,32957608853671.0,7340041404583.0,1.0,2022-05-13T13:41:36-04:00,2022-05-13T13:41:38-04:00,,2048.0,2048.0,https://cdn.shopify.com/s/files/1/0048/1624/0711/products/6Farm02_db0aa4f5-c0dc-4ccc-a837-08f8a162a005.png?v=1652463698,"[42435306487975, 42435306553511, 42435306619047, 42435306684583, 42435306750119]"
28,42435306782887,2X-Large / Navy,2X-Large,Navy,,,True,True,,False,45.00,100,,15,7340041404583,2022-05-13T13:40:22-04:00,2026-10-09T07:37:16-04:00,7340041404583,COUNTRYSIDE SWEATSHIRT,countryside,2022-05-13T13:40:21-04:00,2022-05-13T13:15:48-04:00,2026-10-09T07:37:16-04:00,Quietly Coffee,Apparel & Accessories,[],"[{'id': 32957608853671, 'created_at': '2022-05-13T13:41:36-04:00', 'position': 1, 'updated_at': '2022-05-13T13:41:38-04:00', 'product_id': 7340041404583, 'variant_ids': [42435306487975, 42435306553511, 42435306619047, 42435306684583, 42435306750119], 'src': 'https://cdn.shopify.com/s/files/1/0048/1624/0711/products/6Farm02_db0aa4f5-c0dc-4ccc-a837-08f8a162a005.png?v=1652463698', 'width': 2048, 'height': 2048}, {'id': 32957639819431, 'created_at': '2022-05-13T13:57:55-04:00', 'position': 2, 'updated_at': '2022-05-13T13:57:58-04:00', 'product_id': 7340041404583, 'variant_ids': [], 'src': 'https://cdn.shopify.com/s/files/1/0048/1624/0711/products/images-product-seasonal-_2020.gif?v=1652464678', 'width': 2048, 'height': 2048}, {'id': 32957616488615, 'created_at': '2022-05-13T13:44:50-04:00', 'position': 3, 'updated_at': '2022-05-13T13:57:58-04:00', 'product_id': 7340041404583, 'variant_ids': [42435306520743, 42435306586279, 42435306651815, 42435306717351, 42435306782887], 'src': 'https://cdn.shopify.com/s/files/1/0048/1624/0711/products/6Farm04_4f87a159-1fb8-4cd6-b614-dcfc3c18df3e.png?v=1652464678', 'width': 2048, 'height': 2048}, {'id': 32957623599271, 'created_at': '2022-05-13T13:47:52-04:00', 'position': 4, 'updated_at': '2022-05-13T13:57:58-04:00', 'product_id': 7340041404583, 'variant_ids': [42435268378791, 42435268477095, 42435268509863, 42435268542631, 42435268575399], 'src': 'https://cdn.shopify.com/s/files/1/0048/1624/0711/products/6Farm03_fb7bedaa-ac7a-4947-b10c-13d43c49c410.png?v=1652464678', 'width': 2048, 'height': 2048}]","[{'name': 'Size', 'position': 1, 'values': ['Small', 'Medium', 'Large', 'X-Large', '2X-Large']}, {'name': 'Color', 'position': 2, 'values': ['Oatmeal', 'Burgundy', 'Navy']}]",https://www.quietlycoffee.com/products/countryside,,32957616488615.0,7340041404583.0,3.0,2022-05-13T13:44:50-04:00,2022-05-13T13:57:58-04:00,,2048.0,2048.0,https://cdn.shopify.com/s/files/1/0048/1624/0711/products/6Farm04_4f87a159-1fb8-4cd6-b614-dcfc3c18df3e.png?v=1652464678,"[42435306520743, 42435306586279, 42435306651815, 42435306717351, 42435306782887]"
29,31882802036874,300 Grams,300 Grams,,,,True,False,,True,24.00,300,,1,4492332990602,2020-01-21T22:02:41-05:00,2026-10-09T07:37:16-04:00,4492332990602,MAGNOLIA,magnolia,2021-08-20T09:09:44-04:00,2020-01-21T22:02:41-05:00,2026-10-09T07:37:16-04:00,Quietly Coffee,Coffee,[],"[{'id': 45610218356903, 'created_at': '2026-09-25T10:57:04-04:00', 'position': 1, 'updated_at': '2026-09-25T10:57:06-04:00', 'product_id': 4492332990602, 'variant_ids': [], 'src': 'https://cdn.shopify.com/s/files/1/0048/1624/0711/files/5Magnolia-100_5d09961a-d8d3-4f0e-a945-5a4c340beb0d.jpg?v=1790348226', 'width': 2048, 'height': 2048}, {'id': 38799688073383, 'created_at': '2025-04-22T20:22:07-04:00', 'position': 2, 'updated_at': '2025-04-22T20:22:22-04:00', 'product_id': 4492332990602, 'variant_ids': [], 'src': 'https://cdn.shopify.com/s/files/1/0048/1624/0711/files/5Artboard_5.png?v=1745367742', 'width': 2048, 'height': 2048}, {'id': 45610206265511, 'created_at': '2026-09-25T10:54:23-04:00', 'position': 3, 'updated_at': '2026-09-25T10:54:25-04:00', 'product_id': 4492332990602, 'variant_ids': [], 'src': 'https://cdn.shopify.com/s/files/1/0048/1624/0711/files/5Artboard_9-100_2d89b499-8842-4de3-8ecf-3c11f38d704e.jpg?v=1790348065', 'width': 2048, 'height': 2048}, {'id': 45610206331047, 'created_at': '2026-09-25T10:54:26-04:00', 'position': 4, 'updated_at': '2026-09-25T10:54:28-04:00', 'product_id': 4492332990602, 'variant_ids': [], 'src': 'https://cdn.shopify.com/s/files/1/0048/1624/0711/files/5Artboard_4-100_440e2db8-d6c3-49b7-abf0-ee8c50d32e44.jpg?v=1790348068', 'width': 2048, 'height': 2048}, {'id': 45610207248551, 'created_at': '2026-09-25T10:54:37-04:00', 'position': 5, 'updated_at': '2026-09-25T10:54:39-04:00', 'product_id': 4492332990602, 'variant_ids': [], 'src': 'https://cdn.shopify.com/s/files/1/0048/1624/0711/files/5Artboard_6-100_fc54d3b0-3041-474e-94e6-03040cfd5def.jpg?v=1790348079', 'width': 2048, 'height': 2048}, {'id': 45610207543463, 'created_at': '2026-09-25T10:54:39-04:00', 'position': 6, 'updated_at': '2026-09-25T10:54:41-04:00', 'product_id': 4492332990602, 'variant_ids': [], 'src': 'https://cdn.shopify.com/s/files/1/0048/1624/0711/files/5Artboard_8-100_f542c595-ae3d-49b8-b631-ac42a7b14203.jpg?v=1790348081', 'width': 2048, 'height': 2048}]","[{'name': 'Size', 'position': 1, 'values': ['300 Grams', '5 Pounds']}]",https://www.quietlycoffee.com/products/magnolia,,,,,,,,,,,
30,31882802069642,5 Pounds,5 Pounds,,,,True,False,,True,180.00,400,,2,4492332990602,2020-01-21T22:02:41-05:00,2026-10-09T07:37:16-04:00,4492332990602,MAGNOLIA,magnolia,2021-08-20T09:09:44-04:00,2020-01-21T22:02:41-05:00,2026-10-09T07:37:16-04:00,Quietly Coffee,Coffee,[],"[{'id': 45610218356903, 'created_at': '2026-09-25T10:57:04-04:00', 'position': 1, 'updated_at': '2026-09-25T10:57:06-04:00', 'product_id': 4492332990602, 'variant_ids': [], 'src': 'https://cdn.shopify.com/s/files/1/0048/1624/0711/files/5Magnolia-100_5d09961a-d8d3-4f0e-a945-5a4c340beb0d.jpg?v=1790348226', 'width': 2048, 'height': 2048}, {'id': 38799688073383, 'created_at': '2025-04-22T20:22:07-04:00', 'position': 2, 'updated_at': '2025-04-22T20:22:22-04:00', 'product_id': 4492332990602, 'variant_ids': [], 'src': 'https://cdn.shopify.com/s/files/1/0048/1624/0711/files/5Artboard_5.png?v=1745367742', 'width': 2048, 'height': 2048}, {'id': 45610206265511, 'created_at': '2026-09-25T10:54:23-04:00', 'position': 3, 'updated_at': '2026-09-25T10:54:25-04:00', 'product_id': 4492332990602, 'variant_ids': [], 'src': 'https://cdn.shopify.com/s/files/1/0048/1624/0711/files/5Artboard_9-100_2d89b499-8842-4de3-8ecf-3c11f38d704e.jpg?v=1790348065', 'width': 2048, 'height': 2048}, {'id': 45610206331047, 'created_at': '2026-09-25T10:54:26-04:00', 'position': 4, 'updated_at': '2026-09-25T10:54:28-04:00', 'product_id': 4492332990602, 'variant_ids': [], 'src': 'https://cdn.shopify.com/s/files/1/0048/1624/0711/files/5Artboard_4-100_440e2db8-d6c3-49b7-abf0-ee8c50d32e44.jpg?v=1790348068', 'width': 2048, 'height': 2048}, {'id': 45610207248551, 'created_at': '2026-09-25T10:54:37-04:00', 'position': 5, 'updated_at': '2026-09-25T10:54:39-04:00', 'product_id': 4492332990602, 'variant_ids': [], 'src': 'https://cdn.shopify.com/s/files/1/0048/1624/0711/files/5Artboard_6-100_fc54d3b0-3041-474e-94e6-03040cfd5def.jpg?v=1790348079', 'width': 2048, 'height': 2048}, {'id': 45610207543463, 'created_at': '2026-09-25T10:54:39-04:00', 'position': 6, 'updated_at': '2026-09-25T10:54:41-04:00', 'product_id': 4492332990602, 'variant_ids': [], 'src': 'https://cdn.shopify.com/s/files/1/0048/1624/0711/files/5Artboard_8-100_f542c595-ae3d-49b8-b631-ac42a7b14203.jpg?v=1790348081', 'width': 2048, 'height': 2048}]","[{'name': 'Size', 'position': 1, 'values': ['300 Grams', '5 Pounds']}]",https://www.quietlycoffee.com/products/magnolia,,,,,,,,,,,
31,39848844427431,Navy,Navy,,,,True,True,,False,18.00,0,,1,6677112389799,2021-04-29T18:32:16-04:00,2026-10-09T07:37:16-04:00,6677112389799,"11"" KETTLE TOQUE",11-kettle-toque,2021-04-29T18:32:23-04:00,2021-04-29T18:32:15-04:00,2026-10-09T07:37:16-04:00,Quietly Coffee,Hats,[],"[{'id': 28764767289511, 'created_at': '2021-04-29T18:32:19-04:00', 'position': 1, 'updated_at': '2021-04-29T18:32:19-04:00', 'product_id': 6677112389799, 'variant_ids': [], 'src': 'https://cdn.shopify.com/s/files/1/0048/1624/0711/products/Label-Filter_1e8cf6ac-5ffd-4f82-942b-f4eb16fdecb8.png?v=1619735539', 'width': 2048, 'height': 2048}, {'id': 28764767092903, 'created_at': '2021-04-29T18:32:18-04:00', 'position': 2, 'updated_at': '2021-04-29T18:32:19-04:00', 'product_id': 6677112389799, 'variant_ids': [], 'src': 'https://cdn.shopify.com/s/files/1/0048/1624/0711/products/Label-Filtercopy_f3302bf6-50ee-4feb-8e19-2757559f9e12.png?v=1619735539', 'width': 2048, 'height': 2048}, {'id': 28764767453351, 'created_at': '2021-04-29T18:32:19-04:00', 'position': 3, 'updated_at': '2021-04-29T18:32:19-04:00', 'product_id': 6677112389799, 'variant_ids': [], 'src': 'https://cdn.shopify.com/s/files/1/0048/1624/0711/products/Farm01_03c31045-7728-4a3b-b340-7235112924af.png?v=1619735539', 'width': 2048, 'height': 2048}, {'id': 28764767158439, 'created_at': '2021-04-29T18:32:18-04:00', 'position': 4, 'updated_at': '2021-04-29T18:32:19-04:00', 'product_id': 6677112389799, 'variant_ids': [], 'src': 'https://cdn.shopify.com/s/files/1/0048/1624/0711/products/Farm02_07239fd5-d77b-4038-8ab4-e9e427e1e0bc.png?v=1619735539', 'width': 2048, 'height': 2048}, {'id': 28764767191207, 'created_at': '2021-04-29T18:32:18-04:00', 'position': 5, 'updated_at': '2021-04-29T18:32:19-04:00', 'product_id': 6677112389799, 'variant_ids': [], 'src': 'https://cdn.shopify.com/s/files/1/0048/1624/0711/products/Image_01e9789c-e4a2-4bf9-b297-cc6345130908.png?v=1619735539', 'width': 2048, 'height': 2048}]","[{'name': 'Size', 'position': 1, 'values': ['Navy', 'Olive', 'Burgundy']}]",https://www.quietlycoffee.com/products/11-kettle-toque,,,,,,,,,,,
32,39848844460199,Olive,Olive,,,,True,True,,False,18.00,0,,2,6677112389799,2021-04-29T18:32:16-04:00,2026-10-09T07:37:16-04:00,6677112389799,"11"" KETTLE TOQUE",11-kettle-toque,2021-04-29T18:32:23-04:00,2021-04-29T18:32:15-04:00,2026-10-09T07:37:16-04:00,Quietly Coffee,Hats,[],"[{'id': 28764767289511, 'created_at': '2021-04-29T18:32:19-04:00', 'position': 1, 'updated_at': '2021-04-29T18:32:19-04:00', 'product_id': 6677112389799, 'variant_ids': [], 'src': 'https://cdn.shopify.com/s/files/1/0048/1624/0711/products/Label-Filter_1e8cf6ac-5ffd-4f82-942b-f4eb16fdecb8.png?v=1619735539', 'width': 2048, 'height': 2048}, {'id': 28764767092903, 'created_at': '2021-04-29T18:32:18-04:00', 'position': 2, 'updated_at': '2021-04-29T18:32:19-04:00', 'product_id': 6677112389799, 'variant_ids': [], 'src': 'https://cdn.shopify.com/s/files/1/0048/1624/0711/products/Label-Filtercopy_f3302bf6-50ee-4feb-8e19-2757559f9e12.png?v=1619735539', 'width': 2048, 'height': 2048}, {'id': 28764767453351, 'created_at': '2021-04-29T18:32:19-04:00', 'position': 3, 'updated_at': '2021-04-29T18:32:19-04:00', 'product_id': 6677112389799, 'variant_ids': [], 'src': 'https://cdn.shopify.com/s/files/1/0048/1624/0711/products/Farm01_03c31045-7728-4a3b-b340-7235112924af.png?v=1619735539', 'width': 2048, 'height': 2048}, {'id': 28764767158439, 'created_at': '2021-04-29T18:32:18-04:00', 'position': 4, 'updated_at': '2021-04-29T18:32:19-04:00', 'product_id': 6677112389799, 'variant_ids': [], 'src': 'https://cdn.shopify.com/s/files/1/0048/1624/0711/products/Farm02_07239fd5-d77b-4038-8ab4-e9e427e1e0bc.png?v=1619735539', 'width': 2048, 'height': 2048}, {'id': 28764767191207, 'created_at': '2021-04-29T18:32:18-04:00', 'position': 5, 'updated_at': '2021-04-29T18:32:19-04:00', 'product_id': 6677112389799, 'variant_ids': [], 'src': 'https://cdn.shopify.com/s/files/1/0048/1624/0711/products/Image_01e9789c-e4a2-4bf9-b297-cc6345130908.png?v=1619735539', 'width': 2048, 'height': 2048}]","[{'name': 'Size', 'position': 1, 'values': ['Navy', 'Olive', 'Burgundy']}]",https://www.quietlycoffee.com/products/11-kettle-toque,,,,,,,,,,,
33,39848844492967,Burgundy,Burgundy,,,,True,True,,False,18.00,0,,3,6677112389799,2021-04-29T18:32:16-04:00,2026-10-09T07:37:16-04:00,6677112389799,"11"" KETTLE TOQUE",11-kettle-toque,2021-04-29T18:32:23-04:00,2021-04-29T18:32:15-04:00,2026-10-09T07:37:16-04:00,Quietly Coffee,Hats,[],"[{'id': 28764767289511, 'created_at': '2021-04-29T18:32:19-04:00', 'position': 1, 'updated_at': '2021-04-29T18:32:19-04:00', 'product_id': 6677112389799, 'variant_ids': [], 'src': 'https://cdn.shopify.com/s/files/1/0048/1624/0711/products/Label-Filter_1e8cf6ac-5ffd-4f82-942b-f4eb16fdecb8.png?v=1619735539', 'width': 2048, 'height': 2048}, {'id': 28764767092903, 'created_at': '2021-04-29T18:32:18-04:00', 'position': 2, 'updated_at': '2021-04-29T18:32:19-04:00', 'product_id': 6677112389799, 'variant_ids': [], 'src': 'https://cdn.shopify.com/s/files/1/0048/1624/0711/products/Label-Filtercopy_f3302bf6-50ee-4feb-8e19-2757559f9e12.png?v=1619735539', 'width': 2048, 'height': 2048}, {'id': 28764767453351, 'created_at': '2021-04-29T18:32:19-04:00', 'position': 3, 'updated_at': '2021-04-29T18:32:19-04:00', 'product_id': 6677112389799, 'variant_ids': [], 'src': 'https://cdn.shopify.com/s/files/1/0048/1624/0711/products/Farm01_03c31045-7728-4a3b-b340-7235112924af.png?v=1619735539', 'width': 2048, 'height': 2048}, {'id': 28764767158439, 'created_at': '2021-04-29T18:32:18-04:00', 'position': 4, 'updated_at': '2021-04-29T18:32:19-04:00', 'product_id': 6677112389799, 'variant_ids': [], 'src': 'https://cdn.shopify.com/s/files/1/0048/1624/0711/products/Farm02_07239fd5-d77b-4038-8ab4-e9e427e1e0bc.png?v=1619735539', 'width': 2048, 'height': 2048}, {'id': 28764767191207, 'created_at': '2021-04-29T18:32:18-04:00', 'position': 5, 'updated_at': '2021-04-29T18:32:19-04:00', 'product_id': 6677112389799, 'variant_ids': [], 'src': 'https://cdn.shopify.com/s/files/1/0048/1624/0711/products/Image_01e9789c-e4a2-4bf9-b297-cc6345130908.png?v=1619735539', 'width': 2048, 'height': 2048}]","[{'name': 'Size', 'position': 1, 'values': ['Navy', 'Olive', 'Burgundy']}]",https://www.quietlycoffee.com/products/11-kettle-toque,,,,,,,,,,,
34,39847862436007,Navy,Navy,,,,True,True,,False,18.00,10,,1,6676925776039,2021-04-29T16:40:44-04:00,2026-10-09T07:37:16-04:00,6676925776039,"9"" WATCH CAP",9-watch-cap,2021-04-29T16:41:04-04:00,2021-04-29T16:40:44-04:00,2026-10-09T07:37:16-04:00,Quietly Coffee,Hats,[],"[{'id': 28763293515943, 'created_at': '2021-04-29T16:40:47-04:00', 'position': 1, 'updated_at': '2021-04-29T16:40:47-04:00', 'product_id': 6676925776039, 'variant_ids': [], 'src': 'https://cdn.shopify.com/s/files/1/0048/1624/0711/products/Image_ff25c449-3e86-4f5a-a334-a90f17cbf0d9.png?v=1619728847', 'width': 2048, 'height': 2048}, {'id': 28763293450407, 'created_at': '2021-04-29T16:40:47-04:00', 'position': 2, 'updated_at': '2021-04-29T20:17:34-04:00', 'product_id': 6676925776039, 'variant_ids': [], 'src': 'https://cdn.shopify.com/s/files/1/0048/1624/0711/products/Label-Filtercopy.png?v=1619741854', 'width': 2048, 'height': 2048}, {'id': 28763293221031, 'created_at': '2021-04-29T16:40:47-04:00', 'position': 3, 'updated_at': '2021-04-29T20:17:34-04:00', 'product_id': 6676925776039, 'variant_ids': [], 'src': 'https://cdn.shopify.com/s/files/1/0048/1624/0711/products/Farm02_3997e6f5-d273-40d3-a827-b5844bc4e868.png?v=1619741854', 'width': 2048, 'height': 2048}, {'id': 28763293778087, 'created_at': '2021-04-29T16:40:47-04:00', 'position': 4, 'updated_at': '2021-04-29T20:17:34-04:00', 'product_id': 6676925776039, 'variant_ids': [], 'src': 'https://cdn.shopify.com/s/files/1/0048/1624/0711/products/Label-Filter.png?v=1619741854', 'width': 2048, 'height': 2048}, {'id': 28763293417639, 'created_at': '2021-04-29T16:40:47-04:00', 'position': 5, 'updated_at': '2021-04-29T16:40:47-04:00', 'product_id': 6676925776039, 'variant_ids': [], 'src': 'https://cdn.shopify.com/s/files/1/0048/1624/0711/products/Farm01_2e95d67a-600f-42bc-aee3-9db51cc712e3.png?v=1619728847', 'width': 2048, 'height': 2048}]","[{'name': 'Color', 'position': 1, 'values': ['Navy', 'Olive', 'Burgundy']}]",https://www.quietlycoffee.com/products/9-watch-cap,,,,,,,,,,,
35,39847862468775,Olive,Olive,,,,True,True,,False,18.00,10,,2,6676925776039,2021-04-29T16:40:44-04:00,2026-10-09T07:37:16-04:00,6676925776039,"9"" WATCH CAP",9-watch-cap,2021-04-29T16:41:04-04:00,2021-04-29T16:40:44-04:00,2026-10-09T07:37:16-04:00,Quietly Coffee,Hats,[],"[{'id': 28763293515943, 'created_at': '2021-04-29T16:40:47-04:00', 'position': 1, 'updated_at': '2021-04-29T16:40:47-04:00', 'product_id': 6676925776039, 'variant_ids': [], 'src': 'https://cdn.shopify.com/s/files/1/0048/1624/0711/products/Image_ff25c449-3e86-4f5a-a334-a90f17cbf0d9.png?v=1619728847', 'width': 2048, 'height': 2048}, {'id': 28763293450407, 'created_at': '2021-04-29T16:40:47-04:00', 'position': 2, 'updated_at': '2021-04-29T20:17:34-04:00', 'product_id': 6676925776039, 'variant_ids': [], 'src': 'https://cdn.shopify.com/s/files/1/0048/1624/0711/products/Label-Filtercopy.png?v=1619741854', 'width': 2048, 'height': 2048}, {'id': 28763293221031, 'created_at': '2021-04-29T16:40:47-04:00', 'position': 3, 'updated_at': '2021-04-29T20:17:34-04:00', 'product_id': 6676925776039, 'variant_ids': [], 'src': 'https://cdn.shopify.com/s/files/1/0048/1624/0711/products/Farm02_3997e6f5-d273-40d3-a827-b5844bc4e868.png?v=1619741854', 'width': 2048, 'height': 2048}, {'id': 28763293778087, 'created_at': '2021-04-29T16:40:47-04:00', 'position': 4, 'updated_at': '2021-04-29T20:17:34-04:00', 'product_id': 6676925776039, 'variant_ids': [], 'src': 'https://cdn.shopify.com/s/files/1/0048/1624/0711/products/Label-Filter.png?v=1619741854', 'width': 2048, 'height': 2048}, {'id': 28763293417639, 'created_at': '2021-04-29T16:40:47-04:00', 'position': 5, 'updated_at': '2021-04-29T16:40:47-04:00', 'product_id': 6676925776039, 'variant_ids': [], 'src': 'https://cdn.shopify.com/s/files/1/0048/1624/0711/products/Farm01_2e95d67a-600f-42bc-aee3-9db51cc712e3.png?v=1619728847', 'width': 2048, 'height': 2048}]","[{'name': 'Color', 'position': 1, 'values': ['Navy', 'Olive', 'Burgundy']}]",https://www.quietlycoffee.com/products/9-watch-cap,,,,,,,,,,,
36,39847862501543,Burgundy,Burgundy,,,,True,True,,False,18.00,10,,3,6676925776039,2021-04-29T16:40:44-04:00,2026-10-09T07:37:16-04:00,6676925776039,"9"" WATCH CAP",9-watch-cap,2021-04-29T16:41:04-04:00,2021-04-29T16:40:44-04:00,2026-10-09T07:37:16-04:00,Quietly Coffee,Hats,[],"[{'id': 28763293515943, 'created_at': '2021-04-29T16:40:47-04:00', 'position': 1, 'updated_at': '2021-04-29T16:40:47-04:00', 'product_id': 6676925776039, 'variant_ids': [], 'src': 'https://cdn.shopify.com/s/files/1/0048/1624/0711/products/Image_ff25c449-3e86-4f5a-a334-a90f17cbf0d9.png?v=1619728847', 'width': 2048, 'height': 2048}, {'id': 28763293450407, 'created_at': '2021-04-29T16:40:47-04:00', 'position': 2, 'updated_at': '2021-04-29T20:17:34-04:00', 'product_id': 6676925776039, 'variant_ids': [], 'src': 'https://cdn.shopify.com/s/files/1/0048/1624/0711/products/Label-Filtercopy.png?v=1619741854', 'width': 2048, 'height': 2048}, {'id': 28763293221031, 'created_at': '2021-04-29T16:40:47-04:00', 'position': 3, 'updated_at': '2021-04-29T20:17:34-04:00', 'product_id': 6676925776039, 'variant_ids': [], 'src': 'https://cdn.shopify.com/s/files/1/0048/1624/0711/products/Farm02_3997e6f5-d273-40d3-a827-b5844bc4e868.png?v=1619741854', 'width': 2048, 'height': 2048}, {'id': 28763293778087, 'created_at': '2021-04-29T16:40:47-04:00', 'position': 4, 'updated_at': '2021-04-29T20:17:34-04:00', 'product_id': 6676925776039, 'variant_ids': [], 'src': 'https://cdn.shopify.com/s/files/1/0048/1624/0711/products/Label-Filter.png?v=1619741854', 'width': 2048, 'height': 2048}, {'id': 28763293417639, 'created_at': '2021-04-29T16:40:47-04:00', 'position': 5, 'updated_at': '2021-04-29T16:40:47-04:00', 'product_id': 6676925776039, 'variant_ids': [], 'src': 'https://cdn.shopify.com/s/files/1/0048/1624/0711/products/Farm01_2e95d67a-600f-42bc-aee3-9db51cc712e3.png?v=1619728847', 'width': 2048, 'height': 2048}]","[{'name': 'Color', 'position': 1, 'values': ['Navy', 'Olive', 'Burgundy']}]",https://www.quietlycoffee.com/products/9-watch-cap,,,,,,,,,,,
37,39499914707111,Two / Allie & Lennie / Three,Two,Allie & Lennie,Three,,True,False,,False,160.00,0,,1,6598706266279,2021-03-25T11:44:56-04:00,2026-10-09T07:37:16-04:00,6598706266279,ESPRESSO SUBSCRIPTION,espresso-subscription,2021-03-25T11:36:10-04:00,2021-03-25T11:29:21-04:00,2026-10-09T07:37:16-04:00,Quietly Coffee,Subscriptions,[],"[{'id': 36320059424935, 'created_at': '2024-05-22T13:49:08-04:00', 'position': 1, 'updated_at': '2024-05-22T13:49:13-04:00', 'product_id': 6598706266279, 'variant_ids': [], 'src': 'https://cdn.shopify.com/s/files/1/0048/1624/0711/files/8AQuietHoliday.png?v=1716400153', 'width': 2048, 'height': 2048}, {'id': 28268994396327, 'created_at': '2021-03-25T11:29:23-04:00', 'position': 2, 'updated_at': '2024-05-22T13:49:13-04:00', 'product_id': 6598706266279, 'variant_ids': [], 'src': 'https://cdn.shopify.com/s/files/1/0048/1624/0711/products/2_800x_fc108cf6-da7c-47a1-a8e5-f17f67259313.gif?v=1716400153', 'width': 800, 'height': 800}]","[{'name': 'Bags Per Month', 'position': 1, 'values': ['Two', 'Four']}, {'name': 'Coffee', 'position': 2, 'values': ['Allie & Lennie', 'Magnolia', 'Shady Lane']}, {'name': 'Months', 'position': 3, 'values': ['Three', 'Six', 'Twelve']}]",https://www.quietlycoffee.com/products/espresso-subscription,,,,,,,,,,,
38,39499914772647,Two / Allie & Lennie / Six,Two,Allie & Lennie,Six,,True,False,,False,320.00,0,,2,6598706266279,2021-03-25T11:44:56-04:00,2026-10-09T07:37:16-04:00,6598706266279,ESPRESSO SUBSCRIPTION,espresso-subscription,2021-03-25T11:36:10-04:00,2021-03-25T11:29:21-04:00,2026-10-09T07:37:16-04:00,Quietly Coffee,Subscriptions,[],"[{'id': 36320059424935, 'created_at': '2024-05-22T13:49:08-04:00', 'position': 1, 'updated_at': '2024-05-22T13:49:13-04:00', 'product_id': 6598706266279, 'variant_ids': [], 'src': 'https://cdn.shopify.com/s/files/1/0048/1624/0711/files/8AQuietHoliday.png?v=1716400153', 'width': 2048, 'height': 2048}, {'id': 28268994396327, 'created_at': '2021-03-25T11:29:23-04:00', 'position': 2, 'updated_at': '2024-05-22T13:49:13-04:00', 'product_id': 6598706266279, 'variant_ids': [], 'src': 'https://cdn.shopify.com/s/files/1/0048/1624/0711/products/2_800x_fc108cf6-da7c-47a1-a8e5-f17f67259313.gif?v=1716400153', 'width': 800, 'height': 800}]","[{'name': 'Bags Per Month', 'position': 1, 'values': ['Two', 'Four']}, {'name': 'Coffee', 'position': 2, 'values': ['Allie & Lennie', 'Magnolia', 'Shady Lane']}, {'name': 'Months', 'position': 3, 'values': ['Three', 'Six', 'Twelve']}]",https://www.quietlycoffee.com/products/espresso-subscription,,,,,,,,,,,
39,39499914838183,Two / Allie & Lennie / Twelve,Two,Allie & Lennie,Twelve,,True,False,,False,640.00,0,,3,6598706266279,2021-03-25T11:44:56-04:00,2026-10-09T07:37:16-04:00,6598706266279,ESPRESSO SUBSCRIPTION,espresso-subscription,2021-03-25T11:36:10-04:00,2021-03-25T11:29:21-04:00,2026-10-09T07:37:16-04:00,Quietly Coffee,Subscriptions,[],"[{'id': 36320059424935, 'created_at': '2024-05-22T13:49:08-04:00', 'position': 1, 'updated_at': '2024-05-22T13:49:13-04:00', 'product_id': 6598706266279, 'variant_ids': [], 'src': 'https://cdn.shopify.com/s/files/1/0048/1624/0711/files/8AQuietHoliday.png?v=1716400153', 'width': 2048, 'height': 2048}, {'id': 28268994396327, 'created_at': '2021-03-25T11:29:23-04:00', 'position': 2, 'updated_at': '2024-05-22T13:49:13-04:00', 'product_id': 6598706266279, 'variant_ids': [], 'src': 'https://cdn.shopify.com/s/files/1/0048/1624/0711/products/2_800x_fc108cf6-da7c-47a1-a8e5-f17f67259313.gif?v=1716400153', 'width': 800, 'height': 800}]","[{'name': 'Bags Per Month', 'position': 1, 'values': ['Two', 'Four']}, {'name': 'Coffee', 'position': 2, 'values': ['Allie & Lennie', 'Magnolia', 'Shady Lane']}, {'name': 'Months', 'position': 3, 'values': ['Three', 'Six', 'Twelve']}]",https://www.quietlycoffee.com/products/espresso-subscription,,,,,,,,,,,
40,39499914903719,Two / Magnolia / Three,Two,Magnolia,Three,,True,False,,False,165.00,0,,4,6598706266279,2021-03-25T11:44:57-04:00,2026-10-09T07:37:16-04:00,6598706266279,ESPRESSO SUBSCRIPTION,espresso-subscription,2021-03-25T11:36:10-04:00,2021-03-25T11:29:21-04:00,2026-10-09T07:37:16-04:00,Quietly Coffee,Subscriptions,[],"[{'id': 36320059424935, 'created_at': '2024-05-22T13:49:08-04:00', 'position': 1, 'updated_at': '2024-05-22T13:49:13-04:00', 'product_id': 6598706266279, 'variant_ids': [], 'src': 'https://cdn.shopify.com/s/files/1/0048/1624/0711/files/8AQuietHoliday.png?v=1716400153', 'width': 2048, 'height': 2048}, {'id': 28268994396327, 'created_at': '2021-03-25T11:29:23-04:00', 'position': 2, 'updated_at': '2024-05-22T13:49:13-04:00', 'product_id': 6598706266279, 'variant_ids': [], 'src': 'https://cdn.shopify.com/s/files/1/0048/1624/0711/products/2_800x_fc108cf6-da7c-47a1-a8e5-f17f67259313.gif?v=1716400153', 'width': 800, 'height': 800}]","[{'name': 'Bags Per Month', 'position': 1, 'values': ['Two', 'Four']}, {'name': 'Coffee', 'position': 2, 'values': ['Allie & Lennie', 'Magnolia', 'Shady Lane']}, {'name': 'Months', 'position': 3, 'values': ['Three', 'Six', 'Twelve']}]",https://www.quietlycoffee.com/products/espresso-subscription,,,,,,,,,,,
41,39499914969255,Two / Magnolia / Six,Two,Magnolia,Six,,True,False,,False,330.00,0,,5,6598706266279,2021-03-25T11:44:57-04:00,2026-10-09T07:37:16-04:00,6598706266279,ESPRESSO SUBSCRIPTION,espresso-subscription,2021-03-25T11:36:10-04:00,2021-03-25T11:29:21-04:00,2026-10-09T07:37:16-04:00,Quietly Coffee,Subscriptions,[],"[{'id': 36320059424935, 'created_at': '2024-05-22T13:49:08-04:00', 'position': 1, 'updated_at': '2024-05-22T13:49:13-04:00', 'product_id': 6598706266279, 'variant_ids': [], 'src': 'https://cdn.shopify.com/s/files/1/0048/1624/0711/files/8AQuietHoliday.png?v=1716400153', 'width': 2048, 'height': 2048}, {'id': 28268994396327, 'created_at': '2021-03-25T11:29:23-04:00', 'position': 2, 'updated_at': '2024-05-22T13:49:13-04:00', 'product_id': 6598706266279, 'variant_ids': [], 'src': 'https://cdn.shopify.com/s/files/1/0048/1624/0711/products/2_800x_fc108cf6-da7c-47a1-a8e5-f17f67259313.gif?v=1716400153', 'width': 800, 'height': 800}]","[{'name': 'Bags Per Month', 'position': 1, 'values': ['Two', 'Four']}, {'name': 'Coffee', 'position': 2, 'values': ['Allie & Lennie', 'Magnolia', 'Shady Lane']}, {'name': 'Months', 'position': 3, 'values': ['Three', 'Six', 'Twelve']}]",https://www.quietlycoffee.com/products/espresso-subscription,,,,,,,,,,,
42,39499915034791,Two / Magnolia / Twelve,Two,Magnolia,Twelve,,True,False,,False,660.00,0,,6,6598706266279,2021-03-25T11:44:57-04:00,2026-10-09T07:37:16-04:00,6598706266279,ESPRESSO SUBSCRIPTION,espresso-subscription,2021-03-25T11:36:10-04:00,2021-03-25T11:29:21-04:00,2026-10-09T07:37:16-04:00,Quietly Coffee,Subscriptions,[],"[{'id': 36320059424935, 'created_at': '2024-05-22T13:49:08-04:00', 'position': 1, 'updated_at': '2024-05-22T13:49:13-04:00', 'product_id': 6598706266279, 'variant_ids': [], 'src': 'https://cdn.shopify.com/s/files/1/0048/1624/0711/files/8AQuietHoliday.png?v=1716400153', 'width': 2048, 'height': 2048}, {'id': 28268994396327, 'created_at': '2021-03-25T11:29:23-04:00', 'position': 2, 'updated_at': '2024-05-22T13:49:13-04:00', 'product_id': 6598706266279, 'variant_ids': [], 'src': 'https://cdn.shopify.com/s/files/1/0048/1624/0711/products/2_800x_fc108cf6-da7c-47a1-a8e5-f17f67259313.gif?v=1716400153', 'width': 800, 'height': 800}]","[{'name': 'Bags Per Month', 'position': 1, 'values': ['Two', 'Four']}, {'name': 'Coffee', 'position': 2, 'values': ['Allie & Lennie', 'Magnolia', 'Shady Lane']}, {'name': 'Months', 'position': 3, 'values': ['Three', 'Six', 'Twelve']}]",https://www.quietlycoffee.com/products/espresso-subscription,,,,,,,,,,,
43,39499915100327,Two / Shady Lane / Three,Two,Shady Lane,Three,,True,False,,False,165.00,0,,7,6598706266279,2021-03-25T11:44:57-04:00,2026-10-09T07:37:16-04:00,6598706266279,ESPRESSO SUBSCRIPTION,espresso-subscription,2021-03-25T11:36:10-04:00,2021-03-25T11:29:21-04:00,2026-10-09T07:37:16-04:00,Quietly Coffee,Subscriptions,[],"[{'id': 36320059424935, 'created_at': '2024-05-22T13:49:08-04:00', 'position': 1, 'updated_at': '2024-05-22T13:49:13-04:00', 'product_id': 6598706266279, 'variant_ids': [], 'src': 'https://cdn.shopify.com/s/files/1/0048/1624/0711/files/8AQuietHoliday.png?v=1716400153', 'width': 2048, 'height': 2048}, {'id': 28268994396327, 'created_at': '2021-03-25T11:29:23-04:00', 'position': 2, 'updated_at': '2024-05-22T13:49:13-04:00', 'product_id': 6598706266279, 'variant_ids': [], 'src': 'https://cdn.shopify.com/s/files/1/0048/1624/0711/products/2_800x_fc108cf6-da7c-47a1-a8e5-f17f67259313.gif?v=1716400153', 'width': 800, 'height': 800}]","[{'name': 'Bags Per Month', 'position': 1, 'values': ['Two', 'Four']}, {'name': 'Coffee', 'position': 2, 'values': ['Allie & Lennie', 'Magnolia', 'Shady Lane']}, {'name': 'Months', 'position': 3, 'values': ['Three', 'Six', 'Twelve']}]",https://www.quietlycoffee.com/products/espresso-subscription,,,,,,,,,,,
44,39499915198631,Two / Shady Lane / Six,Two,Shady Lane,Six,,True,False,,False,330.00,0,,8,6598706266279,2021-03-25T11:44:57-04:00,2026-10-09T07:37:16-04:00,6598706266279,ESPRESSO SUBSCRIPTION,espresso-subscription,2021-03-25T11:36:10-04:00,2021-03-25T11:29:21-04:00,2026-10-09T07:37:16-04:00,Quietly Coffee,Subscriptions,[],"[{'id': 36320059424935, 'created_at': '2024-05-22T13:49:08-04:00', 'position': 1, 'updated_at': '2024-05-22T13:49:13-04:00', 'product_id': 6598706266279, 'variant_ids': [], 'src': 'https://cdn.shopify.com/s/files/1/0048/1624/0711/files/8AQuietHoliday.png?v=1716400153', 'width': 2048, 'height': 2048}, {'id': 28268994396327, 'created_at': '2021-03-25T11:29:23-04:00', 'position': 2, 'updated_at': '2024-05-22T13:49:13-04:00', 'product_id': 6598706266279, 'variant_ids': [], 'src': 'https://cdn.shopify.com/s/files/1/0048/1624/0711/products/2_800x_fc108cf6-da7c-47a1-a8e5-f17f67259313.gif?v=1716400153', 'width': 800, 'height': 800}]","[{'name': 'Bags Per Month', 'position': 1, 'values': ['Two', 'Four']}, {'name': 'Coffee', 'position': 2, 'values': ['Allie & Lennie', 'Magnolia', 'Shady Lane']}, {'name': 'Months', 'position': 3, 'values': ['Three', 'Six', 'Twelve']}]",https://www.quietlycoffee.com/products/espresso-subscription,,,,,,,,,,,
45,39499915296935,Two / Shady Lane / Twelve,Two,Shady Lane,Twelve,,True,False,,False,660.00,0,,9,6598706266279,2021-03-25T11:44:57-04:00,2026-10-09T07:37:16-04:00,6598706266279,ESPRESSO SUBSCRIPTION,espresso-subscription,2021-03-25T11:36:10-04:00,2021-03-25T11:29:21-04:00,2026-10-09T07:37:16-04:00,Quietly Coffee,Subscriptions,[],"[{'id': 36320059424935, 'created_at': '2024-05-22T13:49:08-04:00', 'position': 1, 'updated_at': '2024-05-22T13:49:13-04:00', 'product_id': 6598706266279, 'variant_ids': [], 'src': 'https://cdn.shopify.com/s/files/1/0048/1624/0711/files/8AQuietHoliday.png?v=1716400153', 'width': 2048, 'height': 2048}, {'id': 28268994396327, 'created_at': '2021-03-25T11:29:23-04:00', 'position': 2, 'updated_at': '2024-05-22T13:49:13-04:00', 'product_id': 6598706266279, 'variant_ids': [], 'src': 'https://cdn.shopify.com/s/files/1/0048/1624/0711/products/2_800x_fc108cf6-da7c-47a1-a8e5-f17f67259313.gif?v=1716400153', 'width': 800, 'height': 800}]","[{'name': 'Bags Per Month', 'position': 1, 'values': ['Two', 'Four']}, {'name': 'Coffee', 'position': 2, 'values': ['Allie & Lennie', 'Magnolia', 'Shady Lane']}, {'name': 'Months', 'position': 3, 'values': ['Three', 'Six', 'Twelve']}]",https://www.quietlycoffee.com/products/espresso-subscription,,,,,,,,,,,
46,39499914739879,Four / Allie & Lennie / Three,Four,Allie & Lennie,Three,,True,False,,False,320.00,0,,10,6598706266279,2021-03-25T11:44:56-04:00,2026-10-09T07:37:16-04:00,6598706266279,ESPRESSO SUBSCRIPTION,espresso-subscription,2021-03-25T11:36:10-04:00,2021-03-25T11:29:21-04:00,2026-10-09T07:37:16-04:00,Quietly Coffee,Subscriptions,[],"[{'id': 36320059424935, 'created_at': '2024-05-22T13:49:08-04:00', 'position': 1, 'updated_at': '2024-05-22T13:49:13-04:00', 'product_id': 6598706266279, 'variant_ids': [], 'src': 'https://cdn.shopify.com/s/files/1/0048/1624/0711/files/8AQuietHoliday.png?v=1716400153', 'width': 2048, 'height': 2048}, {'id': 28268994396327, 'created_at': '2021-03-25T11:29:23-04:00', 'position': 2, 'updated_at': '2024-05-22T13:49:13-04:00', 'product_id': 6598706266279, 'variant_ids': [], 'src': 'https://cdn.shopify.com/s/files/1/0048/1624/0711/products/2_800x_fc108cf6-da7c-47a1-a8e5-f17f67259313.gif?v=1716400153', 'width': 800, 'height': 800}]","[{'name': 'Bags Per Month', 'position': 1, 'values': ['Two', 'Four']}, {'name': 'Coffee', 'position': 2, 'values': ['Allie & Lennie', 'Magnolia', 'Shady Lane']}, {'name': 'Months', 'position': 3, 'values': ['Three', 'Six', 'Twelve']}]",https://www.quietlycoffee.com/products/espresso-subscription,,,,,,,,,,,
47,39499914805415,Four / Allie & Lennie / Six,Four,Allie & Lennie,Six,,True,False,,False,640.00,0,,11,6598706266279,2021-03-25T11:44:56-04:00,2026-10-09T07:37:16-04:00,6598706266279,ESPRESSO SUBSCRIPTION,espresso-subscription,2021-03-25T11:36:10-04:00,2021-03-25T11:29:21-04:00,2026-10-09T07:37:16-04:00,Quietly Coffee,Subscriptions,[],"[{'id': 36320059424935, 'created_at': '2024-05-22T13:49:08-04:00', 'position': 1, 'updated_at': '2024-05-22T13:49:13-04:00', 'product_id': 6598706266279, 'variant_ids': [], 'src': 'https://cdn.shopify.com/s/files/1/0048/1624/0711/files/8AQuietHoliday.png?v=1716400153', 'width': 2048, 'height': 2048}, {'id': 28268994396327, 'created_at': '2021-03-25T11:29:23-04:00', 'position': 2, 'updated_at': '2024-05-22T13:49:13-04:00', 'product_id': 6598706266279, 'variant_ids': [], 'src': 'https://cdn.shopify.com/s/files/1/0048/1624/0711/products/2_800x_fc108cf6-da7c-47a1-a8e5-f17f67259313.gif?v=1716400153', 'width': 800, 'height': 800}]","[{'name': 'Bags Per Month', 'position': 1, 'values': ['Two', 'Four']}, {'name': 'Coffee', 'position': 2, 'values': ['Allie & Lennie', 'Magnolia', 'Shady Lane']}, {'name': 'Months', 'position': 3, 'values': ['Three', 'Six', 'Twelve']}]",https://www.quietlycoffee.com/products/espresso-subscription,,,,,,,,,,,
48,39499914870951,Four / Allie & Lennie / Twelve,Four,Allie & Lennie,Twelve,,True,False,,False,1280.00,0,,12,6598706266279,2021-03-25T11:44:56-04:00,2026-10-09T07:37:16-04:00,6598706266279,ESPRESSO SUBSCRIPTION,espresso-subscription,2021-03-25T11:36:10-04:00,2021-03-25T11:29:21-04:00,2026-10-09T07:37:16-04:00,Quietly Coffee,Subscriptions,[],"[{'id': 36320059424935, 'created_at': '2024-05-22T13:49:08-04:00', 'position': 1, 'updated_at': '2024-05-22T13:49:13-04:00', 'product_id': 6598706266279, 'variant_ids': [], 'src': 'https://cdn.shopify.com/s/files/1/0048/1624/0711/files/8AQuietHoliday.png?v=1716400153', 'width': 2048, 'height': 2048}, {'id': 28268994396327, 'created_at': '2021-03-25T11:29:23-04:00', 'position': 2, 'updated_at': '2024-05-22T13:49:13-04:00', 'product_id': 6598706266279, 'variant_ids': [], 'src': 'https://cdn.shopify.com/s/files/1/0048/1624/0711/products/2_800x_fc108cf6-da7c-47a1-a8e5-f17f67259313.gif?v=1716400153', 'width': 800, 'height': 800}]","[{'name': 'Bags Per Month', 'position': 1, 'values': ['Two', 'Four']}, {'name': 'Coffee', 'position': 2, 'values': ['Allie & Lennie', 'Magnolia', 'Shady Lane']}, {'name': 'Months', 'position': 3, 'values': ['Three', 'Six', 'Twelve']}]",https://www.quietlycoffee.com/products/espresso-subscription,,,,,,,,,,,
49,39499914936487,Four / Magnolia / Three,Four,Magnolia,Three,,True,False,,False,330.00,0,,13,6598706266279,2021-03-25T11:44:57-04:00,2026-10-09T07:37:16-04:00,6598706266279,ESPRESSO SUBSCRIPTION,espresso-subscription,2021-03-25T11:36:10-04:00,2021-03-25T11:29:21-04:00,2026-10-09T07:37:16-04:00,Quietly Coffee,Subscriptions,[],"[{'id': 36320059424935, 'created_at': '2024-05-22T13:49:08-04:00', 'position': 1, 'updated_at': '2024-05-22T13:49:13-04:00', 'product_id': 6598706266279, 'variant_ids': [], 'src': 'https://cdn.shopify.com/s/files/1/0048/1624/0711/files/8AQuietHoliday.png?v=1716400153', 'width': 2048, 'height': 2048}, {'id': 28268994396327, 'created_at': '2021-03-25T11:29:23-04:00', 'position': 2, 'updated_at': '2024-05-22T13:49:13-04:00', 'product_id': 6598706266279, 'variant_ids': [], 'src': 'https://cdn.shopify.com/s/files/1/0048/1624/0711/products/2_800x_fc108cf6-da7c-47a1-a8e5-f17f67259313.gif?v=1716400153', 'width': 800, 'height': 800}]","[{'name': 'Bags Per Month', 'position': 1, 'values': ['Two', 'Four']}, {'name': 'Coffee', 'position': 2, 'values': ['Allie & Lennie', 'Magnolia', 'Shady Lane']}, {'name': 'Months', 'position': 3, 'values': ['Three', 'Six', 'Twelve']}]",https://www.quietlycoffee.com/products/espresso-subscription,,,,,,,,,,,
50,39499915002023,Four / Magnolia / Six,Four,Magnolia,Six,,True,False,,False,660.00,0,,14,6598706266279,2021-03-25T11:44:57-04:00,2026-10-09T07:37:16-04:00,6598706266279,ESPRESSO SUBSCRIPTION,espresso-subscription,2021-03-25T11:36:10-04:00,2021-03-25T11:29:21-04:00,2026-10-09T07:37:16-04:00,Quietly Coffee,Subscriptions,[],"[{'id': 36320059424935, 'created_at': '2024-05-22T13:49:08-04:00', 'position': 1, 'updated_at': '2024-05-22T13:49:13-04:00', 'product_id': 6598706266279, 'variant_ids': [], 'src': 'https://cdn.shopify.com/s/files/1/0048/1624/0711/files/8AQuietHoliday.png?v=1716400153', 'width': 2048, 'height': 2048}, {'id': 28268994396327, 'created_at': '2021-03-25T11:29:23-04:00', 'position': 2, 'updated_at': '2024-05-22T13:49:13-04:00', 'product_id': 6598706266279, 'variant_ids': [], 'src': 'https://cdn.shopify.com/s/files/1/0048/1624/0711/products/2_800x_fc108cf6-da7c-47a1-a8e5-f17f67259313.gif?v=1716400153', 'width': 800, 'height': 800}]","[{'name': 'Bags Per Month', 'position': 1, 'values': ['Two', 'Four']}, {'name': 'Coffee', 'position': 2, 'values': ['Allie & Lennie', 'Magnolia', 'Shady Lane']}, {'name': 'Months', 'position': 3, 'values': ['Three', 'Six', 'Twelve']}]",https://www.quietlycoffee.com/products/espresso-subscription,,,,,,,,,,,
51,39499915067559,Four / Magnolia / Twelve,Four,Magnolia,Twelve,,True,False,,False,1320.00,0,,15,6598706266279,2021-03-25T11:44:57-04:00,2026-10-09T07:37:16-04:00,6598706266279,ESPRESSO SUBSCRIPTION,espresso-subscription,2021-03-25T11:36:10-04:00,2021-03-25T11:29:21-04:00,2026-10-09T07:37:16-04:00,Quietly Coffee,Subscriptions,[],"[{'id': 36320059424935, 'created_at': '2024-05-22T13:49:08-04:00', 'position': 1, 'updated_at': '2024-05-22T13:49:13-04:00', 'product_id': 6598706266279, 'variant_ids': [], 'src': 'https://cdn.shopify.com/s/files/1/0048/1624/0711/files/8AQuietHoliday.png?v=1716400153', 'width': 2048, 'height': 2048}, {'id': 28268994396327, 'created_at': '2021-03-25T11:29:23-04:00', 'position': 2, 'updated_at': '2024-05-22T13:49:13-04:00', 'product_id': 6598706266279, 'variant_ids': [], 'src': 'https://cdn.shopify.com/s/files/1/0048/1624/0711/products/2_800x_fc108cf6-da7c-47a1-a8e5-f17f67259313.gif?v=1716400153', 'width': 800, 'height': 800}]","[{'name': 'Bags Per Month', 'position': 1, 'values': ['Two', 'Four']}, {'name': 'Coffee', 'position': 2, 'values': ['Allie & Lennie', 'Magnolia', 'Shady Lane']}, {'name': 'Months', 'position': 3, 'values': ['Three', 'Six', 'Twelve']}]",https://www.quietlycoffee.com/products/espresso-subscription,,,,,,,,,,,
52,39499915165863,Four / Shady Lane / Three,Four,Shady Lane,Three,,True,False,,False,330.00,0,,16,6598706266279,2021-03-25T11:44:57-04:00,2026-10-09T07:37:16-04:00,6598706266279,ESPRESSO SUBSCRIPTION,espresso-subscription,2021-03-25T11:36:10-04:00,2021-03-25T11:29:21-04:00,2026-10-09T07:37:16-04:00,Quietly Coffee,Subscriptions,[],"[{'id': 36320059424935, 'created_at': '2024-05-22T13:49:08-04:00', 'position': 1, 'updated_at': '2024-05-22T13:49:13-04:00', 'product_id': 6598706266279, 'variant_ids': [], 'src': 'https://cdn.shopify.com/s/files/1/0048/1624/0711/files/8AQuietHoliday.png?v=1716400153', 'width': 2048, 'height': 2048}, {'id': 28268994396327, 'created_at': '2021-03-25T11:29:23-04:00', 'position': 2, 'updated_at': '2024-05-22T13:49:13-04:00', 'product_id': 6598706266279, 'variant_ids': [], 'src': 'https://cdn.shopify.com/s/files/1/0048/1624/0711/products/2_800x_fc108cf6-da7c-47a1-a8e5-f17f67259313.gif?v=1716400153', 'width': 800, 'height': 800}]","[{'name': 'Bags Per Month', 'position': 1, 'values': ['Two', 'Four']}, {'name': 'Coffee', 'position': 2, 'values': ['Allie & Lennie', 'Magnolia', 'Shady Lane']}, {'name': 'Months', 'position': 3, 'values': ['Three', 'Six', 'Twelve']}]",https://www.quietlycoffee.com/products/espresso-subscription,,,,,,,,,,,
53,39499915264167,Four / Shady Lane / Six,Four,Shady Lane,Six,,True,False,,False,660.00,0,,17,6598706266279,2021-03-25T11:44:57-04:00,2026-10-09T07:37:16-04:00,6598706266279,ESPRESSO SUBSCRIPTION,espresso-subscription,2021-03-25T11:36:10-04:00,2021-03-25T11:29:21-04:00,2026-10-09T07:37:16-04:00,Quietly Coffee,Subscriptions,[],"[{'id': 36320059424935, 'created_at': '2024-05-22T13:49:08-04:00', 'position': 1, 'updated_at': '2024-05-22T13:49:13-04:00', 'product_id': 6598706266279, 'variant_ids': [], 'src': 'https://cdn.shopify.com/s/files/1/0048/1624/0711/files/8AQuietHoliday.png?v=1716400153', 'width': 2048, 'height': 2048}, {'id': 28268994396327, 'created_at': '2021-03-25T11:29:23-04:00', 'position': 2, 'updated_at': '2024-05-22T13:49:13-04:00', 'product_id': 6598706266279, 'variant_ids': [], 'src': 'https://cdn.shopify.com/s/files/1/0048/1624/0711/products/2_800x_fc108cf6-da7c-47a1-a8e5-f17f67259313.gif?v=1716400153', 'width': 800, 'height': 800}]","[{'name': 'Bags Per Month', 'position': 1, 'values': ['Two', 'Four']}, {'name': 'Coffee', 'position': 2, 'values': ['Allie & Lennie', 'Magnolia', 'Shady Lane']}, {'name': 'Months', 'position': 3, 'values': ['Three', 'Six', 'Twelve']}]",https://www.quietlycoffee.com/products/espresso-subscription,,,,,,,,,,,
54,39499915362471,Four / Shady Lane / Twelve,Four,Shady Lane,Twelve,,True,False,,False,1320.00,0,,18,6598706266279,2021-03-25T11:44:58-04:00,2026-10-09T07:37:16-04:00,6598706266279,ESPRESSO SUBSCRIPTION,espresso-subscription,2021-03-25T11:36:10-04:00,2021-03-25T11:29:21-04:00,2026-10-09T07:37:16-04:00,Quietly Coffee,Subscriptions,[],"[{'id': 36320059424935, 'created_at': '2024-05-22T13:49:08-04:00', 'position': 1, 'updated_at': '2024-05-22T13:49:13-04:00', 'product_id': 6598706266279, 'variant_ids': [], 'src': 'https://cdn.shopify.com/s/files/1/0048/1624/0711/files/8AQuietHoliday.png?v=1716400153', 'width': 2048, 'height': 2048}, {'id': 28268994396327, 'created_at': '2021-03-25T11:29:23-04:00', 'position': 2, 'updated_at': '2024-05-22T13:49:13-04:00', 'product_id': 6598706266279, 'variant_ids': [], 'src': 'https://cdn.shopify.com/s/files/1/0048/1624/0711/products/2_800x_fc108cf6-da7c-47a1-a8e5-f17f67259313.gif?v=1716400153', 'width': 800, 'height': 800}]","[{'name': 'Bags Per Month', 'position': 1, 'values': ['Two', 'Four']}, {'name': 'Coffee', 'position': 2, 'values': ['Allie & Lennie', 'Magnolia', 'Shady Lane']}, {'name': 'Months', 'position': 3, 'values': ['Three', 'Six', 'Twelve']}]",https://www.quietlycoffee.com/products/espresso-subscription,,,,,,,,,,,
55,39355957346471,Small,Small,,,,True,True,,False,45.00,1000,,1,6559480447143,2021-03-06T21:01:06-05:00,2026-10-09T07:37:16-04:00,6559480447143,QUOTE SWEATSHIRT,quote-sweatshirt,2021-03-06T21:03:27-05:00,2021-03-06T21:01:06-05:00,2026-10-09T07:37:16-04:00,Quietly Coffee,,[],"[{'id': 32957625729191, 'created_at': '2022-05-13T13:49:20-04:00', 'position': 1, 'updated_at': '2022-05-13T13:50:44-04:00', 'product_id': 6559480447143, 'variant_ids': [], 'src': 'https://cdn.shopify.com/s/files/1/0048/1624/0711/products/6Farm01_54b73c79-6883-41a2-8ede-048b0261add3.png?v=1652464244', 'width': 2048, 'height': 2048}, {'id': 28048848978087, 'created_at': '2021-03-06T21:01:10-05:00', 'position': 2, 'updated_at': '2022-05-13T13:50:44-04:00', 'product_id': 6559480447143, 'variant_ids': [], 'src': 'https://cdn.shopify.com/s/files/1/0048/1624/0711/products/Farm03_e838030d-8a1b-46da-854b-d1624daa8841.png?v=1652464244', 'width': 2048, 'height': 2048}]","[{'name': 'Size', 'position': 1, 'values': ['Small', 'Medium', 'Large', 'X-Large', '2X-Large']}]",https://www.quietlycoffee.com/products/quote-sweatshirt,,,,,,,,,,,
56,39355957379239,Medium,Medium,,,,True,True,,False,45.00,1000,,2,6559480447143,2021-03-06T21:01:06-05:00,2026-10-09T07:37:16-04:00,6559480447143,QUOTE SWEATSHIRT,quote-sweatshirt,2021-03-06T21:03:27-05:00,2021-03-06T21:01:06-05:00,2026-10-09T07:37:16-04:00,Quietly Coffee,,[],"[{'id': 32957625729191, 'created_at': '2022-05-13T13:49:20-04:00', 'position': 1, 'updated_at': '2022-05-13T13:50:44-04:00', 'product_id': 6559480447143, 'variant_ids': [], 'src': 'https://cdn.shopify.com/s/files/1/0048/1624/0711/products/6Farm01_54b73c79-6883-41a2-8ede-048b0261add3.png?v=1652464244', 'width': 2048, 'height': 2048}, {'id': 28048848978087, 'created_at': '2021-03-06T21:01:10-05:00', 'position': 2, 'updated_at': '2022-05-13T13:50:44-04:00', 'product_id': 6559480447143, 'variant_ids': [], 'src': 'https://cdn.shopify.com/s/files/1/0048/1624/0711/products/Farm03_e838030d-8a1b-46da-854b-d1624daa8841.png?v=1652464244', 'width': 2048, 'height': 2048}]","[{'name': 'Size', 'position': 1, 'values': ['Small', 'Medium', 'Large', 'X-Large', '2X-Large']}]",https://www.quietlycoffee.com/products/quote-sweatshirt,,,,,,,,,,,
57,39355957412007,Large,Large,,,,True,True,,False,45.00,1000,,3,6559480447143,2021-03-06T21:01:06-05:00,2026-10-09T07:37:16-04:00,6559480447143,QUOTE SWEATSHIRT,quote-sweatshirt,2021-03-06T21:03:27-05:00,2021-03-06T21:01:06-05:00,2026-10-09T07:37:16-04:00,Quietly Coffee,,[],"[{'id': 32957625729191, 'created_at': '2022-05-13T13:49:20-04:00', 'position': 1, 'updated_at': '2022-05-13T13:50:44-04:00', 'product_id': 6559480447143, 'variant_ids': [], 'src': 'https://cdn.shopify.com/s/files/1/0048/1624/0711/products/6Farm01_54b73c79-6883-41a2-8ede-048b0261add3.png?v=1652464244', 'width': 2048, 'height': 2048}, {'id': 28048848978087, 'created_at': '2021-03-06T21:01:10-05:00', 'position': 2, 'updated_at': '2022-05-13T13:50:44-04:00', 'product_id': 6559480447143, 'variant_ids': [], 'src': 'https://cdn.shopify.com/s/files/1/0048/1624/0711/products/Farm03_e838030d-8a1b-46da-854b-d1624daa8841.png?v=1652464244', 'width': 2048, 'height': 2048}]","[{'name': 'Size', 'position': 1, 'values': ['Small', 'Medium', 'Large', 'X-Large', '2X-Large']}]",https://www.quietlycoffee.com/products/quote-sweatshirt,,,,,,,,,,,
58,39355957444775,X-Large,X-Large,,,,True,True,,False,45.00,1000,,4,6559480447143,2021-03-06T21:01:06-05:00,2026-10-09T07:37:16-04:00,6559480447143,QUOTE SWEATSHIRT,quote-sweatshirt,2021-03-06T21:03:27-05:00,2021-03-06T21:01:06-05:00,2026-10-09T07:37:16-04:00,Quietly Coffee,,[],"[{'id': 32957625729191, 'created_at': '2022-05-13T13:49:20-04:00', 'position': 1, 'updated_at': '2022-05-13T13:50:44-04:00', 'product_id': 6559480447143, 'variant_ids': [], 'src': 'https://cdn.shopify.com/s/files/1/0048/1624/0711/products/6Farm01_54b73c79-6883-41a2-8ede-048b0261add3.png?v=1652464244', 'width': 2048, 'height': 2048}, {'id': 28048848978087, 'created_at': '2021-03-06T21:01:10-05:00', 'position': 2, 'updated_at': '2022-05-13T13:50:44-04:00', 'product_id': 6559480447143, 'variant_ids': [], 'src': 'https://cdn.shopify.com/s/files/1/0048/1624/0711/products/Farm03_e838030d-8a1b-46da-854b-d1624daa8841.png?v=1652464244', 'width': 2048, 'height': 2048}]","[{'name': 'Size', 'position': 1, 'values': ['Small', 'Medium', 'Large', 'X-Large', '2X-Large']}]",https://www.quietlycoffee.com/products/quote-sweatshirt,,,,,,,,,,,
59,39355957477543,2X-Large,2X-Large,,,,True,True,,False,45.00,1000,,5,6559480447143,2021-03-06T21:01:06-05:00,2026-10-09T07:37:16-04:00,6559480447143,QUOTE SWEATSHIRT,quote-sweatshirt,2021-03-06T21:03:27-05:00,2021-03-06T21:01:06-05:00,2026-10-09T07:37:16-04:00,Quietly Coffee,,[],"[{'id': 32957625729191, 'created_at': '2022-05-13T13:49:20-04:00', 'position': 1, 'updated_at': '2022-05-13T13:50:44-04:00', 'product_id': 6559480447143, 'variant_ids': [], 'src': 'https://cdn.shopify.com/s/files/1/0048/1624/0711/products/6Farm01_54b73c79-6883-41a2-8ede-048b0261add3.png?v=1652464244', 'width': 2048, 'height': 2048}, {'id': 28048848978087, 'created_at': '2021-03-06T21:01:10-05:00', 'position': 2, 'updated_at': '2022-05-13T13:50:44-04:00', 'product_id': 6559480447143, 'variant_ids': [], 'src': 'https://cdn.shopify.com/s/files/1/0048/1624/0711/products/Farm03_e838030d-8a1b-46da-854b-d1624daa8841.png?v=1652464244', 'width': 2048, 'height': 2048}]","[{'name': 'Size', 'position': 1, 'values': ['Small', 'Medium', 'Large', 'X-Large', '2X-Large']}]",https://www.quietlycoffee.com/products/quote-sweatshirt,,,,,,,,,,,
60,39355868512423,Small / Grey,Small,Grey,,,True,True,,False,45.00,1000,,1,6559448498343,2021-03-06T20:20:58-05:00,2026-10-09T07:37:16-04:00,6559448498343,LOGO SWEATSHIRT,logo-sweatshirt,2021-03-06T20:23:08-05:00,2021-03-06T20:20:58-05:00,2026-10-09T07:37:16-04:00,Quietly Coffee,Sweatshirts,[],"[{'id': 32957590569127, 'created_at': '2022-05-13T13:29:54-04:00', 'position': 1, 'updated_at': '2022-05-13T13:39:36-04:00', 'product_id': 6559448498343, 'variant_ids': [42435291709607, 42435291742375, 42435291775143, 42435291807911, 42435291840679], 'src': 'https://cdn.shopify.com/s/files/1/0048/1624/0711/products/6Farm04_4848f9c6-8478-4ed1-99da-1b5288a312b5.png?v=1652463576', 'width': 2048, 'height': 2048}, {'id': 28048675602599, 'created_at': '2021-03-06T20:21:00-05:00', 'position': 2, 'updated_at': '2022-05-13T13:39:36-04:00', 'product_id': 6559448498343, 'variant_ids': [], 'src': 'https://cdn.shopify.com/s/files/1/0048/1624/0711/products/Farm03_68b0e04e-d801-4c44-82b3-ca9346da1594.png?v=1652463576', 'width': 2048, 'height': 2048}, {'id': 32957586964647, 'created_at': '2022-05-13T13:27:01-04:00', 'position': 3, 'updated_at': '2022-05-13T13:39:36-04:00', 'product_id': 6559448498343, 'variant_ids': [39355868512423, 39355868545191, 39355868577959, 39355868610727, 39355868643495], 'src': 'https://cdn.shopify.com/s/files/1/0048/1624/0711/products/6Farm03_1135a036-93f7-45ef-b8c8-03b415765092.png?v=1652463576', 'width': 2048, 'height': 2048}]","[{'name': 'Size', 'position': 1, 'values': ['Small', 'Medium', 'Large', 'X-Large', '2X-Large']}, {'name': 'Color', 'position': 2, 'values': ['Grey', 'Blue']}]",https://www.quietlycoffee.com/products/logo-sweatshirt,,32957586964647.0,6559448498343.0,3.0,2022-05-13T13:27:01-04:00,2022-05-13T13:39:36-04:00,,2048.0,2048.0,https://cdn.shopify.com/s/files/1/0048/1624/0711/products/6Farm03_1135a036-93f7-45ef-b8c8-03b415765092.png?v=1652463576,"[39355868512423, 39355868545191, 39355868577959, 39355868610727, 39355868643495]"
61,42435291709607,Small / Blue,Small,Blue,,1,True,True,,False,45.00,1000,,2,6559448498343,2022-05-13T13:28:43-04:00,2026-10-09T07:37:16-04:00,6559448498343,LOGO SWEATSHIRT,logo-sweatshirt,2021-03-06T20:23:08-05:00,2021-03-06T20:20:58-05:00,2026-10-09T07:37:16-04:00,Quietly Coffee,Sweatshirts,[],"[{'id': 32957590569127, 'created_at': '2022-05-13T13:29:54-04:00', 'position': 1, 'updated_at': '2022-05-13T13:39:36-04:00', 'product_id': 6559448498343, 'variant_ids': [42435291709607, 42435291742375, 42435291775143, 42435291807911, 42435291840679], 'src': 'https://cdn.shopify.com/s/files/1/0048/1624/0711/products/6Farm04_4848f9c6-8478-4ed1-99da-1b5288a312b5.png?v=1652463576', 'width': 2048, 'height': 2048}, {'id': 28048675602599, 'created_at': '2021-03-06T20:21:00-05:00', 'position': 2, 'updated_at': '2022-05-13T13:39:36-04:00', 'product_id': 6559448498343, 'variant_ids': [], 'src': 'https://cdn.shopify.com/s/files/1/0048/1624/0711/products/Farm03_68b0e04e-d801-4c44-82b3-ca9346da1594.png?v=1652463576', 'width': 2048, 'height': 2048}, {'id': 32957586964647, 'created_at': '2022-05-13T13:27:01-04:00', 'position': 3, 'updated_at': '2022-05-13T13:39:36-04:00', 'product_id': 6559448498343, 'variant_ids': [39355868512423, 39355868545191, 39355868577959, 39355868610727, 39355868643495], 'src': 'https://cdn.shopify.com/s/files/1/0048/1624/0711/products/6Farm03_1135a036-93f7-45ef-b8c8-03b415765092.png?v=1652463576', 'width': 2048, 'height': 2048}]","[{'name': 'Size', 'position': 1, 'values': ['Small', 'Medium', 'Large', 'X-Large', '2X-Large']}, {'name': 'Color', 'position': 2, 'values': ['Grey', 'Blue']}]",https://www.quietlycoffee.com/products/logo-sweatshirt,,32957590569127.0,6559448498343.0,1.0,2022-05-13T13:29:54-04:00,2022-05-13T13:39:36-04:00,,2048.0,2048.0,https://cdn.shopify.com/s/files/1/0048/1624/0711/products/6Farm04_4848f9c6-8478-4ed1-99da-1b5288a312b5.png?v=1652463576,"[42435291709607, 42435291742375, 42435291775143, 42435291807911, 42435291840679]"
62,39355868545191,Medium / Grey,Medium,Grey,,,True,True,,False,45.00,1000,,3,6559448498343,2021-03-06T20:20:58-05:00,2026-10-09T07:37:16-04:00,6559448498343,LOGO SWEATSHIRT,logo-sweatshirt,2021-03-06T20:23:08-05:00,2021-03-06T20:20:58-05:00,2026-10-09T07:37:16-04:00,Quietly Coffee,Sweatshirts,[],"[{'id': 32957590569127, 'created_at': '2022-05-13T13:29:54-04:00', 'position': 1, 'updated_at': '2022-05-13T13:39:36-04:00', 'product_id': 6559448498343, 'variant_ids': [42435291709607, 42435291742375, 42435291775143, 42435291807911, 42435291840679], 'src': 'https://cdn.shopify.com/s/files/1/0048/1624/0711/products/6Farm04_4848f9c6-8478-4ed1-99da-1b5288a312b5.png?v=1652463576', 'width': 2048, 'height': 2048}, {'id': 28048675602599, 'created_at': '2021-03-06T20:21:00-05:00', 'position': 2, 'updated_at': '2022-05-13T13:39:36-04:00', 'product_id': 6559448498343, 'variant_ids': [], 'src': 'https://cdn.shopify.com/s/files/1/0048/1624/0711/products/Farm03_68b0e04e-d801-4c44-82b3-ca9346da1594.png?v=1652463576', 'width': 2048, 'height': 2048}, {'id': 32957586964647, 'created_at': '2022-05-13T13:27:01-04:00', 'position': 3, 'updated_at': '2022-05-13T13:39:36-04:00', 'product_id': 6559448498343, 'variant_ids': [39355868512423, 39355868545191, 39355868577959, 39355868610727, 39355868643495], 'src': 'https://cdn.shopify.com/s/files/1/0048/1624/0711/products/6Farm03_1135a036-93f7-45ef-b8c8-03b415765092.png?v=1652463576', 'width': 2048, 'height': 2048}]","[{'name': 'Size', 'position': 1, 'values': ['Small', 'Medium', 'Large', 'X-Large', '2X-Large']}, {'name': 'Color', 'position': 2, 'values': ['Grey', 'Blue']}]",https://www.quietlycoffee.com/products/logo-sweatshirt,,32957586964647.0,6559448498343.0,3.0,2022-05-13T13:27:01-04:00,2022-05-13T13:39:36-04:00,,2048.0,2048.0,https://cdn.shopify.com/s/files/1/0048/1624/0711/products/6Farm03_1135a036-93f7-45ef-b8c8-03b415765092.png?v=1652463576,"[39355868512423, 39355868545191, 39355868577959, 39355868610727, 39355868643495]"
63,42435291742375,Medium / Blue,Medium,Blue,,,True,True,,False,45.00,1000,,4,6559448498343,2022-05-13T13:28:43-04:00,2026-10-09T07:37:16-04:00,6559448498343,LOGO SWEATSHIRT,logo-sweatshirt,2021-03-06T20:23:08-05:00,2021-03-06T20:20:58-05:00,2026-10-09T07:37:16-04:00,Quietly Coffee,Sweatshirts,[],"[{'id': 32957590569127, 'created_at': '2022-05-13T13:29:54-04:00', 'position': 1, 'updated_at': '2022-05-13T13:39:36-04:00', 'product_id': 6559448498343, 'variant_ids': [42435291709607, 42435291742375, 42435291775143, 42435291807911, 42435291840679], 'src': 'https://cdn.shopify.com/s/files/1/0048/1624/0711/products/6Farm04_4848f9c6-8478-4ed1-99da-1b5288a312b5.png?v=1652463576', 'width': 2048, 'height': 2048}, {'id': 28048675602599, 'created_at': '2021-03-06T20:21:00-05:00', 'position': 2, 'updated_at': '2022-05-13T13:39:36-04:00', 'product_id': 6559448498343, 'variant_ids': [], 'src': 'https://cdn.shopify.com/s/files/1/0048/1624/0711/products/Farm03_68b0e04e-d801-4c44-82b3-ca9346da1594.png?v=1652463576', 'width': 2048, 'height': 2048}, {'id': 32957586964647, 'created_at': '2022-05-13T13:27:01-04:00', 'position': 3, 'updated_at': '2022-05-13T13:39:36-04:00', 'product_id': 6559448498343, 'variant_ids': [39355868512423, 39355868545191, 39355868577959, 39355868610727, 39355868643495], 'src': 'https://cdn.shopify.com/s/files/1/0048/1624/0711/products/6Farm03_1135a036-93f7-45ef-b8c8-03b415765092.png?v=1652463576', 'width': 2048, 'height': 2048}]","[{'name': 'Size', 'position': 1, 'values': ['Small', 'Medium', 'Large', 'X-Large', '2X-Large']}, {'name': 'Color', 'position': 2, 'values': ['Grey', 'Blue']}]",https://www.quietlycoffee.com/products/logo-sweatshirt,,32957590569127.0,6559448498343.0,1.0,2022-05-13T13:29:54-04:00,2022-05-13T13:39:36-04:00,,2048.0,2048.0,https://cdn.shopify.com/s/files/1/0048/1624/0711/products/6Farm04_4848f9c6-8478-4ed1-99da-1b5288a312b5.png?v=1652463576,"[42435291709607, 42435291742375, 42435291775143, 42435291807911, 42435291840679]"
64,39355868577959,Large / Grey,Large,Grey,,,True,True,,False,45.00,1000,,5,6559448498343,2021-03-06T20:20:58-05:00,2026-10-09T07:37:16-04:00,6559448498343,LOGO SWEATSHIRT,logo-sweatshirt,2021-03-06T20:23:08-05:00,2021-03-06T20:20:58-05:00,2026-10-09T07:37:16-04:00,Quietly Coffee,Sweatshirts,[],"[{'id': 32957590569127, 'created_at': '2022-05-13T13:29:54-04:00', 'position': 1, 'updated_at': '2022-05-13T13:39:36-04:00', 'product_id': 6559448498343, 'variant_ids': [42435291709607, 42435291742375, 42435291775143, 42435291807911, 42435291840679], 'src': 'https://cdn.shopify.com/s/files/1/0048/1624/0711/products/6Farm04_4848f9c6-8478-4ed1-99da-1b5288a312b5.png?v=1652463576', 'width': 2048, 'height': 2048}, {'id': 28048675602599, 'created_at': '2021-03-06T20:21:00-05:00', 'position': 2, 'updated_at': '2022-05-13T13:39:36-04:00', 'product_id': 6559448498343, 'variant_ids': [], 'src': 'https://cdn.shopify.com/s/files/1/0048/1624/0711/products/Farm03_68b0e04e-d801-4c44-82b3-ca9346da1594.png?v=1652463576', 'width': 2048, 'height': 2048}, {'id': 32957586964647, 'created_at': '2022-05-13T13:27:01-04:00', 'position': 3, 'updated_at': '2022-05-13T13:39:36-04:00', 'product_id': 6559448498343, 'variant_ids': [39355868512423, 39355868545191, 39355868577959, 39355868610727, 39355868643495], 'src': 'https://cdn.shopify.com/s/files/1/0048/1624/0711/products/6Farm03_1135a036-93f7-45ef-b8c8-03b415765092.png?v=1652463576', 'width': 2048, 'height': 2048}]","[{'name': 'Size', 'position': 1, 'values': ['Small', 'Medium', 'Large', 'X-Large', '2X-Large']}, {'name': 'Color', 'position': 2, 'values': ['Grey', 'Blue']}]",https://www.quietlycoffee.com/products/logo-sweatshirt,,32957586964647.0,6559448498343.0,3.0,2022-05-13T13:27:01-04:00,2022-05-13T13:39:36-04:00,,2048.0,2048.0,https://cdn.shopify.com/s/files/1/0048/1624/0711/products/6Farm03_1135a036-93f7-45ef-b8c8-03b415765092.png?v=1652463576,"[39355868512423, 39355868545191, 39355868577959, 39355868610727, 39355868643495]"
65,42435291775143,Large / Blue,Large,Blue,,,True,True,,False,45.00,1000,,6,6559448498343,2022-05-13T13:28:43-04:00,2026-10-09T07:37:16-04:00,6559448498343,LOGO SWEATSHIRT,logo-sweatshirt,2021-03-06T20:23:08-05:00,2021-03-06T20:20:58-05:00,2026-10-09T07:37:16-04:00,Quietly Coffee,Sweatshirts,[],"[{'id': 32957590569127, 'created_at': '2022-05-13T13:29:54-04:00', 'position': 1, 'updated_at': '2022-05-13T13:39:36-04:00', 'product_id': 6559448498343, 'variant_ids': [42435291709607, 42435291742375, 42435291775143, 42435291807911, 42435291840679], 'src': 'https://cdn.shopify.com/s/files/1/0048/1624/0711/products/6Farm04_4848f9c6-8478-4ed1-99da-1b5288a312b5.png?v=1652463576', 'width': 2048, 'height': 2048}, {'id': 28048675602599, 'created_at': '2021-03-06T20:21:00-05:00', 'position': 2, 'updated_at': '2022-05-13T13:39:36-04:00', 'product_id': 6559448498343, 'variant_ids': [], 'src': 'https://cdn.shopify.com/s/files/1/0048/1624/0711/products/Farm03_68b0e04e-d801-4c44-82b3-ca9346da1594.png?v=1652463576', 'width': 2048, 'height': 2048}, {'id': 32957586964647, 'created_at': '2022-05-13T13:27:01-04:00', 'position': 3, 'updated_at': '2022-05-13T13:39:36-04:00', 'product_id': 6559448498343, 'variant_ids': [39355868512423, 39355868545191, 39355868577959, 39355868610727, 39355868643495], 'src': 'https://cdn.shopify.com/s/files/1/0048/1624/0711/products/6Farm03_1135a036-93f7-45ef-b8c8-03b415765092.png?v=1652463576', 'width': 2048, 'height': 2048}]","[{'name': 'Size', 'position': 1, 'values': ['Small', 'Medium', 'Large', 'X-Large', '2X-Large']}, {'name': 'Color', 'position': 2, 'values': ['Grey', 'Blue']}]",https://www.quietlycoffee.com/products/logo-sweatshirt,,32957590569127.0,6559448498343.0,1.0,2022-05-13T13:29:54-04:00,2022-05-13T13:39:36-04:00,,2048.0,2048.0,https://cdn.shopify.com/s/files/1/0048/1624/0711/products/6Farm04_4848f9c6-8478-4ed1-99da-1b5288a312b5.png?v=1652463576,"[42435291709607, 42435291742375, 42435291775143, 42435291807911, 42435291840679]"
66,39355868610727,X-Large / Grey,X-Large,Grey,,,True,True,,False,45.00,1000,,7,6559448498343,2021-03-06T20:20:58-05:00,2026-10-09T07:37:16-04:00,6559448498343,LOGO SWEATSHIRT,logo-sweatshirt,2021-03-06T20:23:08-05:00,2021-03-06T20:20:58-05:00,2026-10-09T07:37:16-04:00,Quietly Coffee,Sweatshirts,[],"[{'id': 32957590569127, 'created_at': '2022-05-13T13:29:54-04:00', 'position': 1, 'updated_at': '2022-05-13T13:39:36-04:00', 'product_id': 6559448498343, 'variant_ids': [42435291709607, 42435291742375, 42435291775143, 42435291807911, 42435291840679], 'src': 'https://cdn.shopify.com/s/files/1/0048/1624/0711/products/6Farm04_4848f9c6-8478-4ed1-99da-1b5288a312b5.png?v=1652463576', 'width': 2048, 'height': 2048}, {'id': 28048675602599, 'created_at': '2021-03-06T20:21:00-05:00', 'position': 2, 'updated_at': '2022-05-13T13:39:36-04:00', 'product_id': 6559448498343, 'variant_ids': [], 'src': 'https://cdn.shopify.com/s/files/1/0048/1624/0711/products/Farm03_68b0e04e-d801-4c44-82b3-ca9346da1594.png?v=1652463576', 'width': 2048, 'height': 2048}, {'id': 32957586964647, 'created_at': '2022-05-13T13:27:01-04:00', 'position': 3, 'updated_at': '2022-05-13T13:39:36-04:00', 'product_id': 6559448498343, 'variant_ids': [39355868512423, 39355868545191, 39355868577959, 39355868610727, 39355868643495], 'src': 'https://cdn.shopify.com/s/files/1/0048/1624/0711/products/6Farm03_1135a036-93f7-45ef-b8c8-03b415765092.png?v=1652463576', 'width': 2048, 'height': 2048}]","[{'name': 'Size', 'position': 1, 'values': ['Small', 'Medium', 'Large', 'X-Large', '2X-Large']}, {'name': 'Color', 'position': 2, 'values': ['Grey', 'Blue']}]",https://www.quietlycoffee.com/products/logo-sweatshirt,,32957586964647.0,6559448498343.0,3.0,2022-05-13T13:27:01-04:00,2022-05-13T13:39:36-04:00,,2048.0,2048.0,https://cdn.shopify.com/s/files/1/0048/1624/0711/products/6Farm03_1135a036-93f7-45ef-b8c8-03b415765092.png?v=1652463576,"[39355868512423, 39355868545191, 39355868577959, 39355868610727, 39355868643495]"
67,42435291807911,X-Large / Blue,X-Large,Blue,,,True,True,,False,45.00,1000,,8,6559448498343,2022-05-13T13:28:43-04:00,2026-10-09T07:37:16-04:00,6559448498343,LOGO SWEATSHIRT,logo-sweatshirt,2021-03-06T20:23:08-05:00,2021-03-06T20:20:58-05:00,2026-10-09T07:37:16-04:00,Quietly Coffee,Sweatshirts,[],"[{'id': 32957590569127, 'created_at': '2022-05-13T13:29:54-04:00', 'position': 1, 'updated_at': '2022-05-13T13:39:36-04:00', 'product_id': 6559448498343, 'variant_ids': [42435291709607, 42435291742375, 42435291775143, 42435291807911, 42435291840679], 'src': 'https://cdn.shopify.com/s/files/1/0048/1624/0711/products/6Farm04_4848f9c6-8478-4ed1-99da-1b5288a312b5.png?v=1652463576', 'width': 2048, 'height': 2048}, {'id': 28048675602599, 'created_at': '2021-03-06T20:21:00-05:00', 'position': 2, 'updated_at': '2022-05-13T13:39:36-04:00', 'product_id': 6559448498343, 'variant_ids': [], 'src': 'https://cdn.shopify.com/s/files/1/0048/1624/0711/products/Farm03_68b0e04e-d801-4c44-82b3-ca9346da1594.png?v=1652463576', 'width': 2048, 'height': 2048}, {'id': 32957586964647, 'created_at': '2022-05-13T13:27:01-04:00', 'position': 3, 'updated_at': '2022-05-13T13:39:36-04:00', 'product_id': 6559448498343, 'variant_ids': [39355868512423, 39355868545191, 39355868577959, 39355868610727, 39355868643495], 'src': 'https://cdn.shopify.com/s/files/1/0048/1624/0711/products/6Farm03_1135a036-93f7-45ef-b8c8-03b415765092.png?v=1652463576', 'width': 2048, 'height': 2048}]","[{'name': 'Size', 'position': 1, 'values': ['Small', 'Medium', 'Large', 'X-Large', '2X-Large']}, {'name': 'Color', 'position': 2, 'values': ['Grey', 'Blue']}]",https://www.quietlycoffee.com/products/logo-sweatshirt,,32957590569127.0,6559448498343.0,1.0,2022-05-13T13:29:54-04:00,2022-05-13T13:39:36-04:00,,2048.0,2048.0,https://cdn.shopify.com/s/files/1/0048/1624/0711/products/6Farm04_4848f9c6-8478-4ed1-99da-1b5288a312b5.png?v=1652463576,"[42435291709607, 42435291742375, 42435291775143, 42435291807911, 42435291840679]"
68,39355868643495,2X-Large / Grey,2X-Large,Grey,,,True,True,,False,45.00,1000,,9,6559448498343,2021-03-06T20:20:58-05:00,2026-10-09T07:37:16-04:00,6559448498343,LOGO SWEATSHIRT,logo-sweatshirt,2021-03-06T20:23:08-05:00,2021-03-06T20:20:58-05:00,2026-10-09T07:37:16-04:00,Quietly Coffee,Sweatshirts,[],"[{'id': 32957590569127, 'created_at': '2022-05-13T13:29:54-04:00', 'position': 1, 'updated_at': '2022-05-13T13:39:36-04:00', 'product_id': 6559448498343, 'variant_ids': [42435291709607, 42435291742375, 42435291775143, 42435291807911, 42435291840679], 'src': 'https://cdn.shopify.com/s/files/1/0048/1624/0711/products/6Farm04_4848f9c6-8478-4ed1-99da-1b5288a312b5.png?v=1652463576', 'width': 2048, 'height': 2048}, {'id': 28048675602599, 'created_at': '2021-03-06T20:21:00-05:00', 'position': 2, 'updated_at': '2022-05-13T13:39:36-04:00', 'product_id': 6559448498343, 'variant_ids': [], 'src': 'https://cdn.shopify.com/s/files/1/0048/1624/0711/products/Farm03_68b0e04e-d801-4c44-82b3-ca9346da1594.png?v=1652463576', 'width': 2048, 'height': 2048}, {'id': 32957586964647, 'created_at': '2022-05-13T13:27:01-04:00', 'position': 3, 'updated_at': '2022-05-13T13:39:36-04:00', 'product_id': 6559448498343, 'variant_ids': [39355868512423, 39355868545191, 39355868577959, 39355868610727, 39355868643495], 'src': 'https://cdn.shopify.com/s/files/1/0048/1624/0711/products/6Farm03_1135a036-93f7-45ef-b8c8-03b415765092.png?v=1652463576', 'width': 2048, 'height': 2048}]","[{'name': 'Size', 'position': 1, 'values': ['Small', 'Medium', 'Large', 'X-Large', '2X-Large']}, {'name': 'Color', 'position': 2, 'values': ['Grey', 'Blue']}]",https://www.quietlycoffee.com/products/logo-sweatshirt,,32957586964647.0,6559448498343.0,3.0,2022-05-13T13:27:01-04:00,2022-05-13T13:39:36-04:00,,2048.0,2048.0,https://cdn.shopify.com/s/files/1/0048/1624/0711/products/6Farm03_1135a036-93f7-45ef-b8c8-03b415765092.png?v=1652463576,"[39355868512423, 39355868545191, 39355868577959, 39355868610727, 39355868643495]"
69,42435291840679,2X-Large / Blue,2X-Large,Blue,,,True,True,,False,45.00,1000,,10,6559448498343,2022-05-13T13:28:43-04:00,2026-10-09T07:37:16-04:00,6559448498343,LOGO SWEATSHIRT,logo-sweatshirt,2021-03-06T20:23:08-05:00,2021-03-06T20:20:58-05:00,2026-10-09T07:37:16-04:00,Quietly Coffee,Sweatshirts,[],"[{'id': 32957590569127, 'created_at': '2022-05-13T13:29:54-04:00', 'position': 1, 'updated_at': '2022-05-13T13:39:36-04:00', 'product_id': 6559448498343, 'variant_ids': [42435291709607, 42435291742375, 42435291775143, 42435291807911, 42435291840679], 'src': 'https://cdn.shopify.com/s/files/1/0048/1624/0711/products/6Farm04_4848f9c6-8478-4ed1-99da-1b5288a312b5.png?v=1652463576', 'width': 2048, 'height': 2048}, {'id': 28048675602599, 'created_at': '2021-03-06T20:21:00-05:00', 'position': 2, 'updated_at': '2022-05-13T13:39:36-04:00', 'product_id': 6559448498343, 'variant_ids': [], 'src': 'https://cdn.shopify.com/s/files/1/0048/1624/0711/products/Farm03_68b0e04e-d801-4c44-82b3-ca9346da1594.png?v=1652463576', 'width': 2048, 'height': 2048}, {'id': 32957586964647, 'created_at': '2022-05-13T13:27:01-04:00', 'position': 3, 'updated_at': '2022-05-13T13:39:36-04:00', 'product_id': 6559448498343, 'variant_ids': [39355868512423, 39355868545191, 39355868577959, 39355868610727, 39355868643495], 'src': 'https://cdn.shopify.com/s/files/1/0048/1624/0711/products/6Farm03_1135a036-93f7-45ef-b8c8-03b415765092.png?v=1652463576', 'width': 2048, 'height': 2048}]","[{'name': 'Size', 'position': 1, 'values': ['Small', 'Medium', 'Large', 'X-Large', '2X-Large']}, {'name': 'Color', 'position': 2, 'values': ['Grey', 'Blue']}]",https://www.quietlycoffee.com/products/logo-sweatshirt,,32957590569127.0,6559448498343.0,1.0,2022-05-13T13:29:54-04:00,2022-05-13T13:39:36-04:00,,2048.0,2048.0,https://cdn.shopify.com/s/files/1/0048/1624/0711/products/6Farm04_4848f9c6-8478-4ed1-99da-1b5288a312b5.png?v=1652463576,"[42435291709607, 42435291742375, 42435291775143, 42435291807911, 42435291840679]"
70,39355827028135,Small,Small,,,,True,True,,False,45.00,1000,,1,6559436996775,2021-03-06T20:06:44-05:00,2026-10-09T07:37:16-04:00,6559436996775,KETTLE SWEATSHIRT,kettle-sweatshirt,2021-03-06T20:06:54-05:00,2021-03-06T20:06:44-05:00,2026-10-09T07:37:16-04:00,Quietly Coffee,Sweatshirts,[],"[{'id': 32957456023719, 'created_at': '2022-05-13T12:47:31-04:00', 'position': 1, 'updated_at': '2022-05-13T12:48:18-04:00', 'product_id': 6559436996775, 'variant_ids': [], 'src': 'https://cdn.shopify.com/s/files/1/0048/1624/0711/products/6Farm04_366584a1-b03c-4ba1-a821-5d778664b5f2.png?v=1652460498', 'width': 2048, 'height': 2048}, {'id': 28048618750119, 'created_at': '2021-03-06T20:06:47-05:00', 'position': 2, 'updated_at': '2022-05-13T12:48:18-04:00', 'product_id': 6559436996775, 'variant_ids': [], 'src': 'https://cdn.shopify.com/s/files/1/0048/1624/0711/products/Farm03_a5c08404-641d-40ff-ae66-7299127622f9.png?v=1652460498', 'width': 2048, 'height': 2048}]","[{'name': 'Size', 'position': 1, 'values': ['Small', 'Medium', 'Large', 'X-Large', '2X-Large']}]",https://www.quietlycoffee.com/products/kettle-sweatshirt,,,,,,,,,,,
71,39355827060903,Medium,Medium,,,,True,True,,False,45.00,1000,,2,6559436996775,2021-03-06T20:06:44-05:00,2026-10-09T07:37:16-04:00,6559436996775,KETTLE SWEATSHIRT,kettle-sweatshirt,2021-03-06T20:06:54-05:00,2021-03-06T20:06:44-05:00,2026-10-09T07:37:16-04:00,Quietly Coffee,Sweatshirts,[],"[{'id': 32957456023719, 'created_at': '2022-05-13T12:47:31-04:00', 'position': 1, 'updated_at': '2022-05-13T12:48:18-04:00', 'product_id': 6559436996775, 'variant_ids': [], 'src': 'https://cdn.shopify.com/s/files/1/0048/1624/0711/products/6Farm04_366584a1-b03c-4ba1-a821-5d778664b5f2.png?v=1652460498', 'width': 2048, 'height': 2048}, {'id': 28048618750119, 'created_at': '2021-03-06T20:06:47-05:00', 'position': 2, 'updated_at': '2022-05-13T12:48:18-04:00', 'product_id': 6559436996775, 'variant_ids': [], 'src': 'https://cdn.shopify.com/s/files/1/0048/1624/0711/products/Farm03_a5c08404-641d-40ff-ae66-7299127622f9.png?v=1652460498', 'width': 2048, 'height': 2048}]","[{'name': 'Size', 'position': 1, 'values': ['Small', 'Medium', 'Large', 'X-Large', '2X-Large']}]",https://www.quietlycoffee.com/products/kettle-sweatshirt,,,,,,,,,,,
72,39355827093671,Large,Large,,,,True,True,,False,45.00,1000,,3,6559436996775,2021-03-06T20:06:44-05:00,2026-10-09T07:37:16-04:00,6559436996775,KETTLE SWEATSHIRT,kettle-sweatshirt,2021-03-06T20:06:54-05:00,2021-03-06T20:06:44-05:00,2026-10-09T07:37:16-04:00,Quietly Coffee,Sweatshirts,[],"[{'id': 32957456023719, 'created_at': '2022-05-13T12:47:31-04:00', 'position': 1, 'updated_at': '2022-05-13T12:48:18-04:00', 'product_id': 6559436996775, 'variant_ids': [], 'src': 'https://cdn.shopify.com/s/files/1/0048/1624/0711/products/6Farm04_366584a1-b03c-4ba1-a821-5d778664b5f2.png?v=1652460498', 'width': 2048, 'height': 2048}, {'id': 28048618750119, 'created_at': '2021-03-06T20:06:47-05:00', 'position': 2, 'updated_at': '2022-05-13T12:48:18-04:00', 'product_id': 6559436996775, 'variant_ids': [], 'src': 'https://cdn.shopify.com/s/files/1/0048/1624/0711/products/Farm03_a5c08404-641d-40ff-ae66-7299127622f9.png?v=1652460498', 'width': 2048, 'height': 2048}]","[{'name': 'Size', 'position': 1, 'values': ['Small', 'Medium', 'Large', 'X-Large', '2X-Large']}]",https://www.quietlycoffee.com/products/kettle-sweatshirt,,,,,,,,,,,
73,39355827126439,X-Large,X-Large,,,,True,True,,False,45.00,1000,,4,6559436996775,2021-03-06T20:06:44-05:00,2026-10-09T07:37:16-04:00,6559436996775,KETTLE SWEATSHIRT,kettle-sweatshirt,2021-03-06T20:06:54-05:00,2021-03-06T20:06:44-05:00,2026-10-09T07:37:16-04:00,Quietly Coffee,Sweatshirts,[],"[{'id': 32957456023719, 'created_at': '2022-05-13T12:47:31-04:00', 'position': 1, 'updated_at': '2022-05-13T12:48:18-04:00', 'product_id': 6559436996775, 'variant_ids': [], 'src': 'https://cdn.shopify.com/s/files/1/0048/1624/0711/products/6Farm04_366584a1-b03c-4ba1-a821-5d778664b5f2.png?v=1652460498', 'width': 2048, 'height': 2048}, {'id': 28048618750119, 'created_at': '2021-03-06T20:06:47-05:00', 'position': 2, 'updated_at': '2022-05-13T12:48:18-04:00', 'product_id': 6559436996775, 'variant_ids': [], 'src': 'https://cdn.shopify.com/s/files/1/0048/1624/0711/products/Farm03_a5c08404-641d-40ff-ae66-7299127622f9.png?v=1652460498', 'width': 2048, 'height': 2048}]","[{'name': 'Size', 'position': 1, 'values': ['Small', 'Medium', 'Large', 'X-Large', '2X-Large']}]",https://www.quietlycoffee.com/products/kettle-sweatshirt,,,,,,,,,,,
74,39355827159207,2X-Large,2X-Large,,,,True,True,,False,45.00,1000,,5,6559436996775,2021-03-06T20:06:44-05:00,2026-10-09T07:37:16-04:00,6559436996775,KETTLE SWEATSHIRT,kettle-sweatshirt,2021-03-06T20:06:54-05:00,2021-03-06T20:06:44-05:00,2026-10-09T07:37:16-04:00,Quietly Coffee,Sweatshirts,[],"[{'id': 32957456023719, 'created_at': '2022-05-13T12:47:31-04:00', 'position': 1, 'updated_at': '2022-05-13T12:48:18-04:00', 'product_id': 6559436996775, 'variant_ids': [], 'src': 'https://cdn.shopify.com/s/files/1/0048/1624/0711/products/6Farm04_366584a1-b03c-4ba1-a821-5d778664b5f2.png?v=1652460498', 'width': 2048, 'height': 2048}, {'id': 28048618750119, 'created_at': '2021-03-06T20:06:47-05:00', 'position': 2, 'updated_at': '2022-05-13T12:48:18-04:00', 'product_id': 6559436996775, 'variant_ids': [], 'src': 'https://cdn.shopify.com/s/files/1/0048/1624/0711/products/Farm03_a5c08404-641d-40ff-ae66-7299127622f9.png?v=1652460498', 'width': 2048, 'height': 2048}]","[{'name': 'Size', 'position': 1, 'values': ['Small', 'Medium', 'Large', 'X-Large', '2X-Large']}]",https://www.quietlycoffee.com/products/kettle-sweatshirt,,,,,,,,,,,
75,37668109058215,300 Grams,300 Grams,,,,True,False,,True,26.00,300,,1,6146789015719,2020-12-23T12:04:02-05:00,2026-10-09T07:37:16-04:00,6146789015719,DECAFFEINATED,decaffeinated,2020-12-23T12:04:03-05:00,2020-12-23T12:04:02-05:00,2026-10-09T07:37:16-04:00,Quietly Coffee,Coffee,[],"[{'id': 45035906203815, 'created_at': '2026-08-06T12:21:13-04:00', 'position': 1, 'updated_at': '2026-08-06T12:21:15-04:00', 'product_id': 6146789015719, 'variant_ids': [], 'src': 'https://cdn.shopify.com/s/files/1/0048/1624/0711/files/Decaf_be9b0df5-ab52-4528-9470-90a37aba7094.png?v=1786033275', 'width': 2048, 'height': 2048}, {'id': 45035966595239, 'created_at': '2026-08-06T12:29:26-04:00', 'position': 2, 'updated_at': '2026-08-06T12:29:27-04:00', 'product_id': 6146789015719, 'variant_ids': [], 'src': 'https://cdn.shopify.com/s/files/1/0048/1624/0711/files/Artboard_4_194b85b9-b3fe-4bc6-80ca-7ace89b12ea4.png?v=1786033767', 'width': 2048, 'height': 2048}, {'id': 45035966464167, 'created_at': '2026-08-06T12:29:24-04:00', 'position': 3, 'updated_at': '2026-08-06T12:29:26-04:00', 'product_id': 6146789015719, 'variant_ids': [], 'src': 'https://cdn.shopify.com/s/files/1/0048/1624/0711/files/Artboard_5_112ed7b3-6f95-48e1-8d62-83e7b8e58c26.png?v=1786033766', 'width': 2048, 'height': 2048}, {'id': 38576958406823, 'created_at': '2025-03-18T14:12:47-04:00', 'position': 4, 'updated_at': '2025-03-18T14:13:18-04:00', 'product_id': 6146789015719, 'variant_ids': [], 'src': 'https://cdn.shopify.com/s/files/1/0048/1624/0711/files/Farm02_1fe50a7b-a24b-43a7-95df-87e2d77c0b5f.png?v=1742321598', 'width': 2048, 'height': 2048}, {'id': 45035966529703, 'created_at': '2026-08-06T12:29:25-04:00', 'position': 5, 'updated_at': '2026-08-06T12:29:27-04:00', 'product_id': 6146789015719, 'variant_ids': [], 'src': 'https://cdn.shopify.com/s/files/1/0048/1624/0711/files/Artboard_9_6935659a-dbb2-44c8-b841-8575cb7ccf67.png?v=1786033767', 'width': 2048, 'height': 2048}, {'id': 37822243111079, 'created_at': '2024-12-18T09:13:03-05:00', 'position': 6, 'updated_at': '2026-01-21T12:06:36-05:00', 'product_id': 6146789015719, 'variant_ids': [], 'src': 'https://cdn.shopify.com/s/files/1/0048/1624/0711/files/Artboard_4_7ce336a0-f065-4b68-ac70-9154f78933d4.png?v=1769015196', 'width': 2048, 'height': 2048}, {'id': 45035966496935, 'created_at': '2026-08-06T12:29:24-04:00', 'position': 7, 'updated_at': '2026-08-06T12:29:27-04:00', 'product_id': 6146789015719, 'variant_ids': [], 'src': 'https://cdn.shopify.com/s/files/1/0048/1624/0711/files/Artboard_7_5069795a-cc56-4db1-a76c-2c9c4abbb73c.png?v=1786033767', 'width': 2048, 'height': 2048}]","[{'name': 'Size', 'position': 1, 'values': ['300 Grams', '5 Pounds']}]",https://www.quietlycoffee.com/products/decaffeinated,,,,,,,,,,,
76,37668109090983,5 Pounds,5 Pounds,,,,True,False,,False,190.00,300,,2,6146789015719,2020-12-23T12:04:02-05:00,2026-10-09T07:37:16-04:00,6146789015719,DECAFFEINATED,decaffeinated,2020-12-23T12:04:03-05:00,2020-12-23T12:04:02-05:00,2026-10-09T07:37:16-04:00,Quietly Coffee,Coffee,[],"[{'id': 45035906203815, 'created_at': '2026-08-06T12:21:13-04:00', 'position': 1, 'updated_at': '2026-08-06T12:21:15-04:00', 'product_id': 6146789015719, 'variant_ids': [], 'src': 'https://cdn.shopify.com/s/files/1/0048/1624/0711/files/Decaf_be9b0df5-ab52-4528-9470-90a37aba7094.png?v=1786033275', 'width': 2048, 'height': 2048}, {'id': 45035966595239, 'created_at': '2026-08-06T12:29:26-04:00', 'position': 2, 'updated_at': '2026-08-06T12:29:27-04:00', 'product_id': 6146789015719, 'variant_ids': [], 'src': 'https://cdn.shopify.com/s/files/1/0048/1624/0711/files/Artboard_4_194b85b9-b3fe-4bc6-80ca-7ace89b12ea4.png?v=1786033767', 'width': 2048, 'height': 2048}, {'id': 45035966464167, 'created_at': '2026-08-06T12:29:24-04:00', 'position': 3, 'updated_at': '2026-08-06T12:29:26-04:00', 'product_id': 6146789015719, 'variant_ids': [], 'src': 'https://cdn.shopify.com/s/files/1/0048/1624/0711/files/Artboard_5_112ed7b3-6f95-48e1-8d62-83e7b8e58c26.png?v=1786033766', 'width': 2048, 'height': 2048}, {'id': 38576958406823, 'created_at': '2025-03-18T14:12:47-04:00', 'position': 4, 'updated_at': '2025-03-18T14:13:18-04:00', 'product_id': 6146789015719, 'variant_ids': [], 'src': 'https://cdn.shopify.com/s/files/1/0048/1624/0711/files/Farm02_1fe50a7b-a24b-43a7-95df-87e2d77c0b5f.png?v=1742321598', 'width': 2048, 'height': 2048}, {'id': 45035966529703, 'created_at': '2026-08-06T12:29:25-04:00', 'position': 5, 'updated_at': '2026-08-06T12:29:27-04:00', 'product_id': 6146789015719, 'variant_ids': [], 'src': 'https://cdn.shopify.com/s/files/1/0048/1624/0711/files/Artboard_9_6935659a-dbb2-44c8-b841-8575cb7ccf67.png?v=1786033767', 'width': 2048, 'height': 2048}, {'id': 37822243111079, 'created_at': '2024-12-18T09:13:03-05:00', 'position': 6, 'updated_at': '2026-01-21T12:06:36-05:00', 'product_id': 6146789015719, 'variant_ids': [], 'src': 'https://cdn.shopify.com/s/files/1/0048/1624/0711/files/Artboard_4_7ce336a0-f065-4b68-ac70-9154f78933d4.png?v=1769015196', 'width': 2048, 'height': 2048}, {'id': 45035966496935, 'created_at': '2026-08-06T12:29:24-04:00', 'position': 7, 'updated_at': '2026-08-06T12:29:27-04:00', 'product_id': 6146789015719, 'variant_ids': [], 'src': 'https://cdn.shopify.com/s/files/1/0048/1624/0711/files/Artboard_7_5069795a-cc56-4db1-a76c-2c9c4abbb73c.png?v=1786033767', 'width': 2048, 'height': 2048}]","[{'name': 'Size', 'position': 1, 'values': ['300 Grams', '5 Pounds']}]",https://www.quietlycoffee.com/products/decaffeinated,,,,,,,,,,,
77,51465027649703,5 Pounds / Allie & Lennie • Yamamoto Family,5 Pounds,Allie & Lennie • Yamamoto Family,,,True,False,,True,86.00,2268,,1,4653943849098,2026-10-05T10:19:26-04:00,2026-10-09T07:37:16-04:00,4653943849098,TEST BATCH,test-batch,2020-03-06T11:27:09-05:00,2020-03-06T12:36:28-05:00,2026-10-09T07:37:16-04:00,Quietly Coffee,Coffee,[],"[{'id': 36320086622375, 'created_at': '2024-05-22T13:54:17-04:00', 'position': 1, 'updated_at': '2024-05-22T13:54:19-04:00', 'product_id': 4653943849098, 'variant_ids': [], 'src': 'https://cdn.shopify.com/s/files/1/0048/1624/0711/files/8AQuietHoliday_20db17ef-4db2-4b21-a528-00fb7ff93166.png?v=1716400459', 'width': 2048, 'height': 2048}]","[{'name': 'Size', 'position': 1, 'values': ['5 Pounds', '2.5 Pounds']}, {'name': 'Origin', 'position': 2, 'values': ['Allie & Lennie • Yamamoto Family']}]",https://www.quietlycoffee.com/products/test-batch,,,,,,,,,,,
78,51465027682471,2.5 Pounds / Allie & Lennie • Yamamoto Family,2.5 Pounds,Allie & Lennie • Yamamoto Family,,,True,False,,True,48.00,2268,,2,4653943849098,2026-10-05T10:19:26-04:00,2026-10-09T07:37:16-04:00,4653943849098,TEST BATCH,test-batch,2020-03-06T11:27:09-05:00,2020-03-06T12:36:28-05:00,2026-10-09T07:37:16-04:00,Quietly Coffee,Coffee,[],"[{'id': 36320086622375, 'created_at': '2024-05-22T13:54:17-04:00', 'position': 1, 'updated_at': '2024-05-22T13:54:19-04:00', 'product_id': 4653943849098, 'variant_ids': [], 'src': 'https://cdn.shopify.com/s/files/1/0048/1624/0711/files/8AQuietHoliday_20db17ef-4db2-4b21-a528-00fb7ff93166.png?v=1716400459', 'width': 2048, 'height': 2048}]","[{'name': 'Size', 'position': 1, 'values': ['5 Pounds', '2.5 Pounds']}, {'name': 'Origin', 'position': 2, 'values': ['Allie & Lennie • Yamamoto Family']}]",https://www.quietlycoffee.com/products/test-batch,,,,,,,,,,,
79,32640271581322,300 Grams,300 Grams,,,,True,False,,True,22.00,300,,1,4642707964042,2020-03-03T21:57:06-05:00,2026-10-09T07:37:16-04:00,4642707964042,ALLIE & LENNIE,allie-lennie,2020-03-03T20:37:53-05:00,2020-03-03T21:57:05-05:00,2026-10-09T07:37:16-04:00,Quietly Coffee,Coffee,[],"[{'id': 45003645714599, 'created_at': '2026-08-04T10:58:50-04:00', 'position': 1, 'updated_at': '2026-08-04T10:58:52-04:00', 'product_id': 4642707964042, 'variant_ids': [], 'src': 'https://cdn.shopify.com/s/files/1/0048/1624/0711/files/5Allie_Lennie-100.jpg?v=1785855532', 'width': 2048, 'height': 2048}, {'id': 45003645845671, 'created_at': '2026-08-04T10:58:54-04:00', 'position': 2, 'updated_at': '2026-08-04T10:58:56-04:00', 'product_id': 4642707964042, 'variant_ids': [], 'src': 'https://cdn.shopify.com/s/files/1/0048/1624/0711/files/5Artboard_6-100_10b6317b-0a07-45d9-9d45-0f73fec5851d.jpg?v=1785855536', 'width': 2048, 'height': 2048}, {'id': 45003645911207, 'created_at': '2026-08-04T10:58:55-04:00', 'position': 3, 'updated_at': '2026-08-04T10:58:58-04:00', 'product_id': 4642707964042, 'variant_ids': [], 'src': 'https://cdn.shopify.com/s/files/1/0048/1624/0711/files/5Artboard_4-100_93d65849-bb0a-4942-9232-a919fff02e84.jpg?v=1785855538', 'width': 2048, 'height': 2048}, {'id': 40317030564007, 'created_at': '2025-09-28T11:26:05-04:00', 'position': 4, 'updated_at': '2025-09-28T11:33:21-04:00', 'product_id': 4642707964042, 'variant_ids': [], 'src': 'https://cdn.shopify.com/s/files/1/0048/1624/0711/files/5Artboard_4_10e6573d-555f-4c95-9d30-16eeac5cfad4.png?v=1759073601', 'width': 2048, 'height': 2048}, {'id': 40317034561703, 'created_at': '2025-09-28T11:29:44-04:00', 'position': 5, 'updated_at': '2025-09-28T11:33:21-04:00', 'product_id': 4642707964042, 'variant_ids': [], 'src': 'https://cdn.shopify.com/s/files/1/0048/1624/0711/files/5Artboard_5_260143aa-1eab-4a94-9f77-71296f99f808.png?v=1759073601', 'width': 2048, 'height': 2048}, {'id': 40317034430631, 'created_at': '2025-09-28T11:29:40-04:00', 'position': 6, 'updated_at': '2025-09-28T11:33:21-04:00', 'product_id': 4642707964042, 'variant_ids': [], 'src': 'https://cdn.shopify.com/s/files/1/0048/1624/0711/files/5Artboard_7_a4fbe3bd-8f81-40c3-a19c-6b6b4a140d5c.png?v=1759073601', 'width': 2048, 'height': 2048}, {'id': 40317034496167, 'created_at': '2025-09-28T11:29:43-04:00', 'position': 7, 'updated_at': '2026-02-17T12:44:23-05:00', 'product_id': 4642707964042, 'variant_ids': [], 'src': 'https://cdn.shopify.com/s/files/1/0048/1624/0711/files/5Artboard_9_d4249593-e638-4b8b-aa45-9c5cc62034b6.png?v=1771350263', 'width': 2048, 'height': 2048}, {'id': 40428587614375, 'created_at': '2025-10-17T17:05:20-04:00', 'position': 8, 'updated_at': '2026-02-17T12:44:23-05:00', 'product_id': 4642707964042, 'variant_ids': [], 'src': 'https://cdn.shopify.com/s/files/1/0048/1624/0711/files/5Artboard_7_a4609fcf-65ce-4d2e-a23c-b95b8b9df880.png?v=1771350263', 'width': 2048, 'height': 2048}]","[{'name': 'Size', 'position': 1, 'values': ['300 Grams', '5 Pounds']}]",https://www.quietlycoffee.com/products/allie-lennie,,,,,,,,,,,
80,32640271614090,5 Pounds,5 Pounds,,,,True,False,,True,165.00,2268,,2,4642707964042,2020-03-03T21:57:06-05:00,2026-10-09T07:37:16-04:00,4642707964042,ALLIE & LENNIE,allie-lennie,2020-03-03T20:37:53-05:00,2020-03-03T21:57:05-05:00,2026-10-09T07:37:16-04:00,Quietly Coffee,Coffee,[],"[{'id': 45003645714599, 'created_at': '2026-08-04T10:58:50-04:00', 'position': 1, 'updated_at': '2026-08-04T10:58:52-04:00', 'product_id': 4642707964042, 'variant_ids': [], 'src': 'https://cdn.shopify.com/s/files/1/0048/1624/0711/files/5Allie_Lennie-100.jpg?v=1785855532', 'width': 2048, 'height': 2048}, {'id': 45003645845671, 'created_at': '2026-08-04T10:58:54-04:00', 'position': 2, 'updated_at': '2026-08-04T10:58:56-04:00', 'product_id': 4642707964042, 'variant_ids': [], 'src': 'https://cdn.shopify.com/s/files/1/0048/1624/0711/files/5Artboard_6-100_10b6317b-0a07-45d9-9d45-0f73fec5851d.jpg?v=1785855536', 'width': 2048, 'height': 2048}, {'id': 45003645911207, 'created_at': '2026-08-04T10:58:55-04:00', 'position': 3, 'updated_at': '2026-08-04T10:58:58-04:00', 'product_id': 4642707964042, 'variant_ids': [], 'src': 'https://cdn.shopify.com/s/files/1/0048/1624/0711/files/5Artboard_4-100_93d65849-bb0a-4942-9232-a919fff02e84.jpg?v=1785855538', 'width': 2048, 'height': 2048}, {'id': 40317030564007, 'created_at': '2025-09-28T11:26:05-04:00', 'position': 4, 'updated_at': '2025-09-28T11:33:21-04:00', 'product_id': 4642707964042, 'variant_ids': [], 'src': 'https://cdn.shopify.com/s/files/1/0048/1624/0711/files/5Artboard_4_10e6573d-555f-4c95-9d30-16eeac5cfad4.png?v=1759073601', 'width': 2048, 'height': 2048}, {'id': 40317034561703, 'created_at': '2025-09-28T11:29:44-04:00', 'position': 5, 'updated_at': '2025-09-28T11:33:21-04:00', 'product_id': 4642707964042, 'variant_ids': [], 'src': 'https://cdn.shopify.com/s/files/1/0048/1624/0711/files/5Artboard_5_260143aa-1eab-4a94-9f77-71296f99f808.png?v=1759073601', 'width': 2048, 'height': 2048}, {'id': 40317034430631, 'created_at': '2025-09-28T11:29:40-04:00', 'position': 6, 'updated_at': '2025-09-28T11:33:21-04:00', 'product_id': 4642707964042, 'variant_ids': [], 'src': 'https://cdn.shopify.com/s/files/1/0048/1624/0711/files/5Artboard_7_a4fbe3bd-8f81-40c3-a19c-6b6b4a140d5c.png?v=1759073601', 'width': 2048, 'height': 2048}, {'id': 40317034496167, 'created_at': '2025-09-28T11:29:43-04:00', 'position': 7, 'updated_at': '2026-02-17T12:44:23-05:00', 'product_id': 4642707964042, 'variant_ids': [], 'src': 'https://cdn.shopify.com/s/files/1/0048/1624/0711/files/5Artboard_9_d4249593-e638-4b8b-aa45-9c5cc62034b6.png?v=1771350263', 'width': 2048, 'height': 2048}, {'id': 40428587614375, 'created_at': '2025-10-17T17:05:20-04:00', 'position': 8, 'updated_at': '2026-02-17T12:44:23-05:00', 'product_id': 4642707964042, 'variant_ids': [], 'src': 'https://cdn.shopify.com/s/files/1/0048/1624/0711/files/5Artboard_7_a4609fcf-65ce-4d2e-a23c-b95b8b9df880.png?v=1771350263', 'width': 2048, 'height': 2048}]","[{'name': 'Size', 'position': 1, 'values': ['300 Grams', '5 Pounds']}]",https://www.quietlycoffee.com/products/allie-lennie,,,,,,,,,,,
81,32222909759626,300 Grams,300 Grams,,,,True,False,,True,23.00,300,,1,4559936880778,2020-02-13T14:40:13-05:00,2026-10-09T07:37:16-04:00,4559936880778,SHADY LANE,shady-lane,2020-02-13T13:15:07-05:00,2020-02-13T14:40:13-05:00,2026-10-09T07:37:16-04:00,Quietly Coffee,Coffee,[],"[{'id': 45610054025383, 'created_at': '2026-09-25T10:18:36-04:00', 'position': 1, 'updated_at': '2026-09-25T10:18:37-04:00', 'product_id': 4559936880778, 'variant_ids': [], 'src': 'https://cdn.shopify.com/s/files/1/0048/1624/0711/files/5Shady_Lane-100_80262576-2887-4973-afae-40d855cc2751.jpg?v=1790345917', 'width': 2048, 'height': 2048}, {'id': 45610094231719, 'created_at': '2026-09-25T10:27:29-04:00', 'position': 2, 'updated_at': '2026-09-25T10:27:31-04:00', 'product_id': 4559936880778, 'variant_ids': [], 'src': 'https://cdn.shopify.com/s/files/1/0048/1624/0711/files/5Artboard_4-100_7da597f2-c473-47bf-afba-64b449afbfec.jpg?v=1790346451', 'width': 2048, 'height': 2048}, {'id': 38876927393959, 'created_at': '2025-05-03T14:44:09-04:00', 'position': 3, 'updated_at': '2025-05-03T14:44:53-04:00', 'product_id': 4559936880778, 'variant_ids': [], 'src': 'https://cdn.shopify.com/s/files/1/0048/1624/0711/files/5Artboard_6_cb614b8e-e4a1-42b3-bbb2-6df6da5013ba.png?v=1746297893', 'width': 2048, 'height': 2048}, {'id': 38876927459495, 'created_at': '2025-05-03T14:44:10-04:00', 'position': 4, 'updated_at': '2025-05-03T14:44:11-04:00', 'product_id': 4559936880778, 'variant_ids': [], 'src': 'https://cdn.shopify.com/s/files/1/0048/1624/0711/files/5Artboard_9_02bb4aa8-1c10-467d-a629-00075796a3b6.png?v=1746297851', 'width': 2048, 'height': 2048}, {'id': 38876927426727, 'created_at': '2025-05-03T14:44:09-04:00', 'position': 5, 'updated_at': '2025-05-03T14:44:53-04:00', 'product_id': 4559936880778, 'variant_ids': [], 'src': 'https://cdn.shopify.com/s/files/1/0048/1624/0711/files/5Artboard_4_6e6fb8b4-d80f-40ce-9795-c18501e7f97b.png?v=1746297893', 'width': 2048, 'height': 2048}]","[{'name': 'Size', 'position': 1, 'values': ['300 Grams', '5 Pounds']}]",https://www.quietlycoffee.com/products/shady-lane,,,,,,,,,,,
82,32222909825162,5 Pounds,5 Pounds,,,,True,False,,True,175.00,400,,2,4559936880778,2020-02-13T14:40:13-05:00,2026-10-09T07:37:16-04:00,4559936880778,SHADY LANE,shady-lane,2020-02-13T13:15:07-05:00,2020-02-13T14:40:13-05:00,2026-10-09T07:37:16-04:00,Quietly Coffee,Coffee,[],"[{'id': 45610054025383, 'created_at': '2026-09-25T10:18:36-04:00', 'position': 1, 'updated_at': '2026-09-25T10:18:37-04:00', 'product_id': 4559936880778, 'variant_ids': [], 'src': 'https://cdn.shopify.com/s/files/1/0048/1624/0711/files/5Shady_Lane-100_80262576-2887-4973-afae-40d855cc2751.jpg?v=1790345917', 'width': 2048, 'height': 2048}, {'id': 45610094231719, 'created_at': '2026-09-25T10:27:29-04:00', 'position': 2, 'updated_at': '2026-09-25T10:27:31-04:00', 'product_id': 4559936880778, 'variant_ids': [], 'src': 'https://cdn.shopify.com/s/files/1/0048/1624/0711/files/5Artboard_4-100_7da597f2-c473-47bf-afba-64b449afbfec.jpg?v=1790346451', 'width': 2048, 'height': 2048}, {'id': 38876927393959, 'created_at': '2025-05-03T14:44:09-04:00', 'position': 3, 'updated_at': '2025-05-03T14:44:53-04:00', 'product_id': 4559936880778, 'variant_ids': [], 'src': 'https://cdn.shopify.com/s/files/1/0048/1624/0711/files/5Artboard_6_cb614b8e-e4a1-42b3-bbb2-6df6da5013ba.png?v=1746297893', 'width': 2048, 'height': 2048}, {'id': 38876927459495, 'created_at': '2025-05-03T14:44:10-04:00', 'position': 4, 'updated_at': '2025-05-03T14:44:11-04:00', 'product_id': 4559936880778, 'variant_ids': [], 'src': 'https://cdn.shopify.com/s/files/1/0048/1624/0711/files/5Artboard_9_02bb4aa8-1c10-467d-a629-00075796a3b6.png?v=1746297851', 'width': 2048, 'height': 2048}, {'id': 38876927426727, 'created_at': '2025-05-03T14:44:09-04:00', 'position': 5, 'updated_at': '2025-05-03T14:44:53-04:00', 'product_id': 4559936880778, 'variant_ids': [], 'src': 'https://cdn.shopify.com/s/files/1/0048/1624/0711/files/5Artboard_4_6e6fb8b4-d80f-40ce-9795-c18501e7f97b.png?v=1746297893', 'width': 2048, 'height': 2048}]","[{'name': 'Size', 'position': 1, 'values': ['300 Grams', '5 Pounds']}]",https://www.quietlycoffee.com/products/shady-lane,,,,,,,,,,,
83,39358291378343,Default Title,Default Title,,,,True,True,,False,28.00,300,28.00,1,3571440681031,2021-03-07T10:39:24-05:00,2026-10-09T07:37:16-04:00,3571440681031,MOVIE CLUB #3,movie-club-3,2019-09-15T11:14:37-04:00,2019-09-15T11:14:37-04:00,2026-10-09T07:37:16-04:00,Quietly Coffee,Shirts,[],"[{'id': 12695394680903, 'created_at': '2019-09-20T12:28:06-04:00', 'position': 1, 'updated_at': '2020-09-11T20:36:10-04:00', 'product_id': 3571440681031, 'variant_ids': [], 'src': 'https://cdn.shopify.com/s/files/1/0048/1624/0711/products/Image_51c8dd01-de7f-46df-bf3d-27a072127c9f.png?v=1599870970', 'width': 2048, 'height': 2048}, {'id': 12695371186247, 'created_at': '2019-09-20T12:25:33-04:00', 'position': 2, 'updated_at': '2020-09-11T20:36:10-04:00', 'product_id': 3571440681031, 'variant_ids': [], 'src': 'https://cdn.shopify.com/s/files/1/0048/1624/0711/products/Farm_03_copy_f5c2ca45-9631-4e6e-8f5c-bcb137918d28.png?v=1599870970', 'width': 2048, 'height': 2048}]","[{'name': 'Title', 'position': 1, 'values': ['Default Title']}]",https://www.quietlycoffee.com/products/movie-club-3,,,,,,,,,,,
84,39358290165927,Default Title,Default Title,,,,True,True,,False,28.00,300,28.00,1,3571431309383,2021-03-07T10:39:09-05:00,2026-10-09T07:37:16-04:00,3571431309383,MOVIE CLUB #2,movie-club-2,2019-09-15T11:09:49-04:00,2019-09-15T11:09:49-04:00,2026-10-09T07:37:16-04:00,Quietly Coffee,Shirts,[],"[{'id': 12695189946439, 'created_at': '2019-09-20T12:09:19-04:00', 'position': 1, 'updated_at': '2020-09-11T20:36:05-04:00', 'product_id': 3571431309383, 'variant_ids': [], 'src': 'https://cdn.shopify.com/s/files/1/0048/1624/0711/products/Image_372306b8-3d4e-4ede-93e7-b2d1f4a05828.png?v=1599870965', 'width': 2048, 'height': 2048}, {'id': 12695165927495, 'created_at': '2019-09-20T12:07:03-04:00', 'position': 2, 'updated_at': '2020-09-11T20:36:05-04:00', 'product_id': 3571431309383, 'variant_ids': [], 'src': 'https://cdn.shopify.com/s/files/1/0048/1624/0711/products/Farm_03_copy_bd1e7b4f-537f-452c-81cf-cfe411ac2124.png?v=1599870965', 'width': 2048, 'height': 2048}]","[{'name': 'Title', 'position': 1, 'values': ['Default Title']}]",https://www.quietlycoffee.com/products/movie-club-2,,,,,,,,,,,
85,39358290591911,Default Title,Default Title,,,,True,True,,False,28.00,300,28.00,1,3571407192135,2021-03-07T10:39:19-05:00,2026-10-09T07:37:16-04:00,3571407192135,MOVIE CLUB #1,movie-club-1,2019-09-15T10:53:35-04:00,2019-09-15T10:53:35-04:00,2026-10-09T07:37:16-04:00,Quietly Coffee,Shirts,[],"[{'id': 12695025844295, 'created_at': '2019-09-20T11:54:34-04:00', 'position': 1, 'updated_at': '2020-09-11T20:35:59-04:00', 'product_id': 3571407192135, 'variant_ids': [], 'src': 'https://cdn.shopify.com/s/files/1/0048/1624/0711/products/Image_48c833d3-2f71-432b-8922-134fcd29af6f.png?v=1599870959', 'width': 2048, 'height': 2048}, {'id': 12695038066759, 'created_at': '2019-09-20T11:55:41-04:00', 'position': 2, 'updated_at': '2020-09-11T20:35:59-04:00', 'product_id': 3571407192135, 'variant_ids': [], 'src': 'https://cdn.shopify.com/s/files/1/0048/1624/0711/products/Farm_03_copy.png?v=1599870959', 'width': 2048, 'height': 2048}]","[{'name': 'Title', 'position': 1, 'values': ['Default Title']}]",https://www.quietlycoffee.com/products/movie-club-1,,,,,,,,,,,
86,30087511670855,Small,Small,,,,True,True,,False,28.00,300,,1,3571388022855,2019-09-15T10:39:30-04:00,2026-10-09T07:37:16-04:00,3571388022855,KETTLE LOGO,kettle-logo,2019-09-15T10:39:29-04:00,2019-09-15T10:39:29-04:00,2026-10-09T07:37:16-04:00,Quietly Coffee,Shirts,[],"[{'id': 12694122299463, 'created_at': '2019-09-20T10:42:21-04:00', 'position': 1, 'updated_at': '2019-12-01T09:43:07-05:00', 'product_id': 3571388022855, 'variant_ids': [], 'src': 'https://cdn.shopify.com/s/files/1/0048/1624/0711/products/Image_05205971-406d-4d6b-b531-a9b111f7e90a.png?v=1575211387', 'width': 2048, 'height': 2048}, {'id': 12694828417095, 'created_at': '2019-09-20T11:39:36-04:00', 'position': 2, 'updated_at': '2019-12-01T09:43:07-05:00', 'product_id': 3571388022855, 'variant_ids': [], 'src': 'https://cdn.shopify.com/s/files/1/0048/1624/0711/products/movie-club_09bb3751-4f8a-4844-b4ee-8cfcb67eb0de.gif?v=1575211387', 'width': 2048, 'height': 2048}]","[{'name': 'Size', 'position': 1, 'values': ['Small', 'Medium', 'Large', 'X-Large', '2X-Large']}]",https://www.quietlycoffee.com/products/kettle-logo,,,,,,,,,,,
87,30087511703623,Medium,Medium,,,,True,True,,False,28.00,300,,2,3571388022855,2019-09-15T10:39:30-04:00,2026-10-09T07:37:16-04:00,3571388022855,KETTLE LOGO,kettle-logo,2019-09-15T10:39:29-04:00,2019-09-15T10:39:29-04:00,2026-10-09T07:37:16-04:00,Quietly Coffee,Shirts,[],"[{'id': 12694122299463, 'created_at': '2019-09-20T10:42:21-04:00', 'position': 1, 'updated_at': '2019-12-01T09:43:07-05:00', 'product_id': 3571388022855, 'variant_ids': [], 'src': 'https://cdn.shopify.com/s/files/1/0048/1624/0711/products/Image_05205971-406d-4d6b-b531-a9b111f7e90a.png?v=1575211387', 'width': 2048, 'height': 2048}, {'id': 12694828417095, 'created_at': '2019-09-20T11:39:36-04:00', 'position': 2, 'updated_at': '2019-12-01T09:43:07-05:00', 'product_id': 3571388022855, 'variant_ids': [], 'src': 'https://cdn.shopify.com/s/files/1/0048/1624/0711/products/movie-club_09bb3751-4f8a-4844-b4ee-8cfcb67eb0de.gif?v=1575211387', 'width': 2048, 'height': 2048}]","[{'name': 'Size', 'position': 1, 'values': ['Small', 'Medium', 'Large', 'X-Large', '2X-Large']}]",https://www.quietlycoffee.com/products/kettle-logo,,,,,,,,,,,
88,30087511736391,Large,Large,,,,True,True,,False,28.00,300,,3,3571388022855,2019-09-15T10:39:30-04:00,2026-10-09T07:37:16-04:00,3571388022855,KETTLE LOGO,kettle-logo,2019-09-15T10:39:29-04:00,2019-09-15T10:39:29-04:00,2026-10-09T07:37:16-04:00,Quietly Coffee,Shirts,[],"[{'id': 12694122299463, 'created_at': '2019-09-20T10:42:21-04:00', 'position': 1, 'updated_at': '2019-12-01T09:43:07-05:00', 'product_id': 3571388022855, 'variant_ids': [], 'src': 'https://cdn.shopify.com/s/files/1/0048/1624/0711/products/Image_05205971-406d-4d6b-b531-a9b111f7e90a.png?v=1575211387', 'width': 2048, 'height': 2048}, {'id': 12694828417095, 'created_at': '2019-09-20T11:39:36-04:00', 'position': 2, 'updated_at': '2019-12-01T09:43:07-05:00', 'product_id': 3571388022855, 'variant_ids': [], 'src': 'https://cdn.shopify.com/s/files/1/0048/1624/0711/products/movie-club_09bb3751-4f8a-4844-b4ee-8cfcb67eb0de.gif?v=1575211387', 'width': 2048, 'height': 2048}]","[{'name': 'Size', 'position': 1, 'values': ['Small', 'Medium', 'Large', 'X-Large', '2X-Large']}]",https://www.quietlycoffee.com/products/kettle-logo,,,,,,,,,,,
89,30087511769159,X-Large,X-Large,,,,True,True,,False,28.00,300,,4,3571388022855,2019-09-15T10:39:30-04:00,2026-10-09T07:37:16-04:00,3571388022855,KETTLE LOGO,kettle-logo,2019-09-15T10:39:29-04:00,2019-09-15T10:39:29-04:00,2026-10-09T07:37:16-04:00,Quietly Coffee,Shirts,[],"[{'id': 12694122299463, 'created_at': '2019-09-20T10:42:21-04:00', 'position': 1, 'updated_at': '2019-12-01T09:43:07-05:00', 'product_id': 3571388022855, 'variant_ids': [], 'src': 'https://cdn.shopify.com/s/files/1/0048/1624/0711/products/Image_05205971-406d-4d6b-b531-a9b111f7e90a.png?v=1575211387', 'width': 2048, 'height': 2048}, {'id': 12694828417095, 'created_at': '2019-09-20T11:39:36-04:00', 'position': 2, 'updated_at': '2019-12-01T09:43:07-05:00', 'product_id': 3571388022855, 'variant_ids': [], 'src': 'https://cdn.shopify.com/s/files/1/0048/1624/0711/products/movie-club_09bb3751-4f8a-4844-b4ee-8cfcb67eb0de.gif?v=1575211387', 'width': 2048, 'height': 2048}]","[{'name': 'Size', 'position': 1, 'values': ['Small', 'Medium', 'Large', 'X-Large', '2X-Large']}]",https://www.quietlycoffee.com/products/kettle-logo,,,,,,,,,,,
90,30087511801927,2X-Large,2X-Large,,,,True,True,,False,28.00,300,,5,3571388022855,2019-09-15T10:39:30-04:00,2026-10-09T07:37:16-04:00,3571388022855,KETTLE LOGO,kettle-logo,2019-09-15T10:39:29-04:00,2019-09-15T10:39:29-04:00,2026-10-09T07:37:16-04:00,Quietly Coffee,Shirts,[],"[{'id': 12694122299463, 'created_at': '2019-09-20T10:42:21-04:00', 'position': 1, 'updated_at': '2019-12-01T09:43:07-05:00', 'product_id': 3571388022855, 'variant_ids': [], 'src': 'https://cdn.shopify.com/s/files/1/0048/1624/0711/products/Image_05205971-406d-4d6b-b531-a9b111f7e90a.png?v=1575211387', 'width': 2048, 'height': 2048}, {'id': 12694828417095, 'created_at': '2019-09-20T11:39:36-04:00', 'position': 2, 'updated_at': '2019-12-01T09:43:07-05:00', 'product_id': 3571388022855, 'variant_ids': [], 'src': 'https://cdn.shopify.com/s/files/1/0048/1624/0711/products/movie-club_09bb3751-4f8a-4844-b4ee-8cfcb67eb0de.gif?v=1575211387', 'width': 2048, 'height': 2048}]","[{'name': 'Size', 'position': 1, 'values': ['Small', 'Medium', 'Large', 'X-Large', '2X-Large']}]",https://www.quietlycoffee.com/products/kettle-logo,,,,,,,,,,,
91,30087135723591,Small / White,Small,White,,,True,True,,False,28.00,300,,1,3571343261767,2019-09-15T10:03:20-04:00,2026-10-09T07:37:16-04:00,3571343261767,LOGO TEE,quietly-logo,2019-09-15T09:22:35-04:00,2019-09-15T10:03:20-04:00,2026-10-09T07:37:16-04:00,Quietly Coffee,Shirts,[],"[{'id': 12693399830599, 'created_at': '2019-09-20T09:44:42-04:00', 'position': 1, 'updated_at': '2022-05-17T13:31:18-04:00', 'product_id': 3571343261767, 'variant_ids': [30087135723591, 30087135756359, 30087135789127, 30087135821895, 30087135854663], 'src': 'https://cdn.shopify.com/s/files/1/0048/1624/0711/products/1.2.gif?v=1652808678', 'width': 2048, 'height': 2048}, {'id': 11070907318343, 'created_at': '2019-09-15T20:14:00-04:00', 'position': 2, 'updated_at': '2022-05-17T13:31:18-04:00', 'product_id': 3571343261767, 'variant_ids': [], 'src': 'https://cdn.shopify.com/s/files/1/0048/1624/0711/products/1_7a4b5350-3e37-4477-aa1e-7de833547a9a.gif?v=1652808678', 'width': 2048, 'height': 2048}, {'id': 32957465624743, 'created_at': '2022-05-13T13:01:43-04:00', 'position': 3, 'updated_at': '2022-05-17T13:31:18-04:00', 'product_id': 3571343261767, 'variant_ids': [42435239444647, 42435239510183, 42435239575719, 42435239641255, 42435239706791], 'src': 'https://cdn.shopify.com/s/files/1/0048/1624/0711/products/6Farm02_288e3524-557c-4ec7-a0ee-5ea391977273.png?v=1652808678', 'width': 2048, 'height': 2048}, {'id': 32957532471463, 'created_at': '2022-05-13T13:05:47-04:00', 'position': 4, 'updated_at': '2022-05-17T13:31:15-04:00', 'product_id': 3571343261767, 'variant_ids': [42435239477415, 42435239542951, 42435239608487, 42435239674023, 42435239739559], 'src': 'https://cdn.shopify.com/s/files/1/0048/1624/0711/products/6Farm04_56bfad5f-fc31-4426-a1e8-8004aebdeaf1.png?v=1652808675', 'width': 2048, 'height': 2048}]","[{'name': 'Size', 'position': 1, 'values': ['Small', 'Medium', 'Large', 'X-Large', '2X-Large']}, {'name': 'Color', 'position': 2, 'values': ['White', 'Navy', 'Grey']}]",https://www.quietlycoffee.com/products/quietly-logo,,12693399830599.0,3571343261767.0,1.0,2019-09-20T09:44:42-04:00,2022-05-17T13:31:18-04:00,,2048.0,2048.0,https://cdn.shopify.com/s/files/1/0048/1624/0711/products/1.2.gif?v=1652808678,"[30087135723591, 30087135756359, 30087135789127, 30087135821895, 30087135854663]"
92,42435239444647,Small / Navy,Small,Navy,,,True,True,,False,28.00,300,,2,3571343261767,2022-05-13T12:45:32-04:00,2026-10-09T07:37:16-04:00,3571343261767,LOGO TEE,quietly-logo,2019-09-15T09:22:35-04:00,2019-09-15T10:03:20-04:00,2026-10-09T07:37:16-04:00,Quietly Coffee,Shirts,[],"[{'id': 12693399830599, 'created_at': '2019-09-20T09:44:42-04:00', 'position': 1, 'updated_at': '2022-05-17T13:31:18-04:00', 'product_id': 3571343261767, 'variant_ids': [30087135723591, 30087135756359, 30087135789127, 30087135821895, 30087135854663], 'src': 'https://cdn.shopify.com/s/files/1/0048/1624/0711/products/1.2.gif?v=1652808678', 'width': 2048, 'height': 2048}, {'id': 11070907318343, 'created_at': '2019-09-15T20:14:00-04:00', 'position': 2, 'updated_at': '2022-05-17T13:31:18-04:00', 'product_id': 3571343261767, 'variant_ids': [], 'src': 'https://cdn.shopify.com/s/files/1/0048/1624/0711/products/1_7a4b5350-3e37-4477-aa1e-7de833547a9a.gif?v=1652808678', 'width': 2048, 'height': 2048}, {'id': 32957465624743, 'created_at': '2022-05-13T13:01:43-04:00', 'position': 3, 'updated_at': '2022-05-17T13:31:18-04:00', 'product_id': 3571343261767, 'variant_ids': [42435239444647, 42435239510183, 42435239575719, 42435239641255, 42435239706791], 'src': 'https://cdn.shopify.com/s/files/1/0048/1624/0711/products/6Farm02_288e3524-557c-4ec7-a0ee-5ea391977273.png?v=1652808678', 'width': 2048, 'height': 2048}, {'id': 32957532471463, 'created_at': '2022-05-13T13:05:47-04:00', 'position': 4, 'updated_at': '2022-05-17T13:31:15-04:00', 'product_id': 3571343261767, 'variant_ids': [42435239477415, 42435239542951, 42435239608487, 42435239674023, 42435239739559], 'src': 'https://cdn.shopify.com/s/files/1/0048/1624/0711/products/6Farm04_56bfad5f-fc31-4426-a1e8-8004aebdeaf1.png?v=1652808675', 'width': 2048, 'height': 2048}]","[{'name': 'Size', 'position': 1, 'values': ['Small', 'Medium', 'Large', 'X-Large', '2X-Large']}, {'name': 'Color', 'position': 2, 'values': ['White', 'Navy', 'Grey']}]",https://www.quietlycoffee.com/products/quietly-logo,,32957465624743.0,3571343261767.0,3.0,2022-05-13T13:01:43-04:00,2022-05-17T13:31:18-04:00,,2048.0,2048.0,https://cdn.shopify.com/s/files/1/0048/1624/0711/products/6Farm02_288e3524-557c-4ec7-a0ee-5ea391977273.png?v=1652808678,"[42435239444647, 42435239510183, 42435239575719, 42435239641255, 42435239706791]"
93,42435239477415,Small / Grey,Small,Grey,,,True,True,,False,28.00,300,,3,3571343261767,2022-05-13T12:45:32-04:00,2026-10-09T07:37:16-04:00,3571343261767,LOGO TEE,quietly-logo,2019-09-15T09:22:35-04:00,2019-09-15T10:03:20-04:00,2026-10-09T07:37:16-04:00,Quietly Coffee,Shirts,[],"[{'id': 12693399830599, 'created_at': '2019-09-20T09:44:42-04:00', 'position': 1, 'updated_at': '2022-05-17T13:31:18-04:00', 'product_id': 3571343261767, 'variant_ids': [30087135723591, 30087135756359, 30087135789127, 30087135821895, 30087135854663], 'src': 'https://cdn.shopify.com/s/files/1/0048/1624/0711/products/1.2.gif?v=1652808678', 'width': 2048, 'height': 2048}, {'id': 11070907318343, 'created_at': '2019-09-15T20:14:00-04:00', 'position': 2, 'updated_at': '2022-05-17T13:31:18-04:00', 'product_id': 3571343261767, 'variant_ids': [], 'src': 'https://cdn.shopify.com/s/files/1/0048/1624/0711/products/1_7a4b5350-3e37-4477-aa1e-7de833547a9a.gif?v=1652808678', 'width': 2048, 'height': 2048}, {'id': 32957465624743, 'created_at': '2022-05-13T13:01:43-04:00', 'position': 3, 'updated_at': '2022-05-17T13:31:18-04:00', 'product_id': 3571343261767, 'variant_ids': [42435239444647, 42435239510183, 42435239575719, 42435239641255, 42435239706791], 'src': 'https://cdn.shopify.com/s/files/1/0048/1624/0711/products/6Farm02_288e3524-557c-4ec7-a0ee-5ea391977273.png?v=1652808678', 'width': 2048, 'height': 2048}, {'id': 32957532471463, 'created_at': '2022-05-13T13:05:47-04:00', 'position': 4, 'updated_at': '2022-05-17T13:31:15-04:00', 'product_id': 3571343261767, 'variant_ids': [42435239477415, 42435239542951, 42435239608487, 42435239674023, 42435239739559], 'src': 'https://cdn.shopify.com/s/files/1/0048/1624/0711/products/6Farm04_56bfad5f-fc31-4426-a1e8-8004aebdeaf1.png?v=1652808675', 'width': 2048, 'height': 2048}]","[{'name': 'Size', 'position': 1, 'values': ['Small', 'Medium', 'Large', 'X-Large', '2X-Large']}, {'name': 'Color', 'position': 2, 'values': ['White', 'Navy', 'Grey']}]",https://www.quietlycoffee.com/products/quietly-logo,,32957532471463.0,3571343261767.0,4.0,2022-05-13T13:05:47-04:00,2022-05-17T13:31:15-04:00,,2048.0,2048.0,https://cdn.shopify.com/s/files/1/0048/1624/0711/products/6Farm04_56bfad5f-fc31-4426-a1e8-8004aebdeaf1.png?v=1652808675,"[42435239477415, 42435239542951, 42435239608487, 42435239674023, 42435239739559]"
94,30087135756359,Medium / White,Medium,White,,,True,True,,False,28.00,300,,4,3571343261767,2019-09-15T10:03:20-04:00,2026-10-09T07:37:16-04:00,3571343261767,LOGO TEE,quietly-logo,2019-09-15T09:22:35-04:00,2019-09-15T10:03:20-04:00,2026-10-09T07:37:16-04:00,Quietly Coffee,Shirts,[],"[{'id': 12693399830599, 'created_at': '2019-09-20T09:44:42-04:00', 'position': 1, 'updated_at': '2022-05-17T13:31:18-04:00', 'product_id': 3571343261767, 'variant_ids': [30087135723591, 30087135756359, 30087135789127, 30087135821895, 30087135854663], 'src': 'https://cdn.shopify.com/s/files/1/0048/1624/0711/products/1.2.gif?v=1652808678', 'width': 2048, 'height': 2048}, {'id': 11070907318343, 'created_at': '2019-09-15T20:14:00-04:00', 'position': 2, 'updated_at': '2022-05-17T13:31:18-04:00', 'product_id': 3571343261767, 'variant_ids': [], 'src': 'https://cdn.shopify.com/s/files/1/0048/1624/0711/products/1_7a4b5350-3e37-4477-aa1e-7de833547a9a.gif?v=1652808678', 'width': 2048, 'height': 2048}, {'id': 32957465624743, 'created_at': '2022-05-13T13:01:43-04:00', 'position': 3, 'updated_at': '2022-05-17T13:31:18-04:00', 'product_id': 3571343261767, 'variant_ids': [42435239444647, 42435239510183, 42435239575719, 42435239641255, 42435239706791], 'src': 'https://cdn.shopify.com/s/files/1/0048/1624/0711/products/6Farm02_288e3524-557c-4ec7-a0ee-5ea391977273.png?v=1652808678', 'width': 2048, 'height': 2048}, {'id': 32957532471463, 'created_at': '2022-05-13T13:05:47-04:00', 'position': 4, 'updated_at': '2022-05-17T13:31:15-04:00', 'product_id': 3571343261767, 'variant_ids': [42435239477415, 42435239542951, 42435239608487, 42435239674023, 42435239739559], 'src': 'https://cdn.shopify.com/s/files/1/0048/1624/0711/products/6Farm04_56bfad5f-fc31-4426-a1e8-8004aebdeaf1.png?v=1652808675', 'width': 2048, 'height': 2048}]","[{'name': 'Size', 'position': 1, 'values': ['Small', 'Medium', 'Large', 'X-Large', '2X-Large']}, {'name': 'Color', 'position': 2, 'values': ['White', 'Navy', 'Grey']}]",https://www.quietlycoffee.com/products/quietly-logo,,12693399830599.0,3571343261767.0,1.0,2019-09-20T09:44:42-04:00,2022-05-17T13:31:18-04:00,,2048.0,2048.0,https://cdn.shopify.com/s/files/1/0048/1624/0711/products/1.2.gif?v=1652808678,"[30087135723591, 30087135756359, 30087135789127, 30087135821895, 30087135854663]"
95,42435239510183,Medium / Navy,Medium,Navy,,,True,True,,False,28.00,300,,5,3571343261767,2022-05-13T12:45:32-04:00,2026-10-09T07:37:16-04:00,3571343261767,LOGO TEE,quietly-logo,2019-09-15T09:22:35-04:00,2019-09-15T10:03:20-04:00,2026-10-09T07:37:16-04:00,Quietly Coffee,Shirts,[],"[{'id': 12693399830599, 'created_at': '2019-09-20T09:44:42-04:00', 'position': 1, 'updated_at': '2022-05-17T13:31:18-04:00', 'product_id': 3571343261767, 'variant_ids': [30087135723591, 30087135756359, 30087135789127, 30087135821895, 30087135854663], 'src': 'https://cdn.shopify.com/s/files/1/0048/1624/0711/products/1.2.gif?v=1652808678', 'width': 2048, 'height': 2048}, {'id': 11070907318343, 'created_at': '2019-09-15T20:14:00-04:00', 'position': 2, 'updated_at': '2022-05-17T13:31:18-04:00', 'product_id': 3571343261767, 'variant_ids': [], 'src': 'https://cdn.shopify.com/s/files/1/0048/1624/0711/products/1_7a4b5350-3e37-4477-aa1e-7de833547a9a.gif?v=1652808678', 'width': 2048, 'height': 2048}, {'id': 32957465624743, 'created_at': '2022-05-13T13:01:43-04:00', 'position': 3, 'updated_at': '2022-05-17T13:31:18-04:00', 'product_id': 3571343261767, 'variant_ids': [42435239444647, 42435239510183, 42435239575719, 42435239641255, 42435239706791], 'src': 'https://cdn.shopify.com/s/files/1/0048/1624/0711/products/6Farm02_288e3524-557c-4ec7-a0ee-5ea391977273.png?v=1652808678', 'width': 2048, 'height': 2048}, {'id': 32957532471463, 'created_at': '2022-05-13T13:05:47-04:00', 'position': 4, 'updated_at': '2022-05-17T13:31:15-04:00', 'product_id': 3571343261767, 'variant_ids': [42435239477415, 42435239542951, 42435239608487, 42435239674023, 42435239739559], 'src': 'https://cdn.shopify.com/s/files/1/0048/1624/0711/products/6Farm04_56bfad5f-fc31-4426-a1e8-8004aebdeaf1.png?v=1652808675', 'width': 2048, 'height': 2048}]","[{'name': 'Size', 'position': 1, 'values': ['Small', 'Medium', 'Large', 'X-Large', '2X-Large']}, {'name': 'Color', 'position': 2, 'values': ['White', 'Navy', 'Grey']}]",https://www.quietlycoffee.com/products/quietly-logo,,32957465624743.0,3571343261767.0,3.0,2022-05-13T13:01:43-04:00,2022-05-17T13:31:18-04:00,,2048.0,2048.0,https://cdn.shopify.com/s/files/1/0048/1624/0711/products/6Farm02_288e3524-557c-4ec7-a0ee-5ea391977273.png?v=1652808678,"[42435239444647, 42435239510183, 42435239575719, 42435239641255, 42435239706791]"
96,42435239542951,Medium / Grey,Medium,Grey,,,True,True,,False,28.00,300,,6,3571343261767,2022-05-13T12:45:32-04:00,2026-10-09T07:37:16-04:00,3571343261767,LOGO TEE,quietly-logo,2019-09-15T09:22:35-04:00,2019-09-15T10:03:20-04:00,2026-10-09T07:37:16-04:00,Quietly Coffee,Shirts,[],"[{'id': 12693399830599, 'created_at': '2019-09-20T09:44:42-04:00', 'position': 1, 'updated_at': '2022-05-17T13:31:18-04:00', 'product_id': 3571343261767, 'variant_ids': [30087135723591, 30087135756359, 30087135789127, 30087135821895, 30087135854663], 'src': 'https://cdn.shopify.com/s/files/1/0048/1624/0711/products/1.2.gif?v=1652808678', 'width': 2048, 'height': 2048}, {'id': 11070907318343, 'created_at': '2019-09-15T20:14:00-04:00', 'position': 2, 'updated_at': '2022-05-17T13:31:18-04:00', 'product_id': 3571343261767, 'variant_ids': [], 'src': 'https://cdn.shopify.com/s/files/1/0048/1624/0711/products/1_7a4b5350-3e37-4477-aa1e-7de833547a9a.gif?v=1652808678', 'width': 2048, 'height': 2048}, {'id': 32957465624743, 'created_at': '2022-05-13T13:01:43-04:00', 'position': 3, 'updated_at': '2022-05-17T13:31:18-04:00', 'product_id': 3571343261767, 'variant_ids': [42435239444647, 42435239510183, 42435239575719, 42435239641255, 42435239706791], 'src': 'https://cdn.shopify.com/s/files/1/0048/1624/0711/products/6Farm02_288e3524-557c-4ec7-a0ee-5ea391977273.png?v=1652808678', 'width': 2048, 'height': 2048}, {'id': 32957532471463, 'created_at': '2022-05-13T13:05:47-04:00', 'position': 4, 'updated_at': '2022-05-17T13:31:15-04:00', 'product_id': 3571343261767, 'variant_ids': [42435239477415, 42435239542951, 42435239608487, 42435239674023, 42435239739559], 'src': 'https://cdn.shopify.com/s/files/1/0048/1624/0711/products/6Farm04_56bfad5f-fc31-4426-a1e8-8004aebdeaf1.png?v=1652808675', 'width': 2048, 'height': 2048}]","[{'name': 'Size', 'position': 1, 'values': ['Small', 'Medium', 'Large', 'X-Large', '2X-Large']}, {'name': 'Color', 'position': 2, 'values': ['White', 'Navy', 'Grey']}]",https://www.quietlycoffee.com/products/quietly-logo,,32957532471463.0,3571343261767.0,4.0,2022-05-13T13:05:47-04:00,2022-05-17T13:31:15-04:00,,2048.0,2048.0,https://cdn.shopify.com/s/files/1/0048/1624/0711/products/6Farm04_56bfad5f-fc31-4426-a1e8-8004aebdeaf1.png?v=1652808675,"[42435239477415, 42435239542951, 42435239608487, 42435239674023, 42435239739559]"
97,30087135789127,Large / White,Large,White,,,True,True,,False,28.00,300,,7,3571343261767,2019-09-15T10:03:20-04:00,2026-10-09T07:37:16-04:00,3571343261767,LOGO TEE,quietly-logo,2019-09-15T09:22:35-04:00,2019-09-15T10:03:20-04:00,2026-10-09T07:37:16-04:00,Quietly Coffee,Shirts,[],"[{'id': 12693399830599, 'created_at': '2019-09-20T09:44:42-04:00', 'position': 1, 'updated_at': '2022-05-17T13:31:18-04:00', 'product_id': 3571343261767, 'variant_ids': [30087135723591, 30087135756359, 30087135789127, 30087135821895, 30087135854663], 'src': 'https://cdn.shopify.com/s/files/1/0048/1624/0711/products/1.2.gif?v=1652808678', 'width': 2048, 'height': 2048}, {'id': 11070907318343, 'created_at': '2019-09-15T20:14:00-04:00', 'position': 2, 'updated_at': '2022-05-17T13:31:18-04:00', 'product_id': 3571343261767, 'variant_ids': [], 'src': 'https://cdn.shopify.com/s/files/1/0048/1624/0711/products/1_7a4b5350-3e37-4477-aa1e-7de833547a9a.gif?v=1652808678', 'width': 2048, 'height': 2048}, {'id': 32957465624743, 'created_at': '2022-05-13T13:01:43-04:00', 'position': 3, 'updated_at': '2022-05-17T13:31:18-04:00', 'product_id': 3571343261767, 'variant_ids': [42435239444647, 42435239510183, 42435239575719, 42435239641255, 42435239706791], 'src': 'https://cdn.shopify.com/s/files/1/0048/1624/0711/products/6Farm02_288e3524-557c-4ec7-a0ee-5ea391977273.png?v=1652808678', 'width': 2048, 'height': 2048}, {'id': 32957532471463, 'created_at': '2022-05-13T13:05:47-04:00', 'position': 4, 'updated_at': '2022-05-17T13:31:15-04:00', 'product_id': 3571343261767, 'variant_ids': [42435239477415, 42435239542951, 42435239608487, 42435239674023, 42435239739559], 'src': 'https://cdn.shopify.com/s/files/1/0048/1624/0711/products/6Farm04_56bfad5f-fc31-4426-a1e8-8004aebdeaf1.png?v=1652808675', 'width': 2048, 'height': 2048}]","[{'name': 'Size', 'position': 1, 'values': ['Small', 'Medium', 'Large', 'X-Large', '2X-Large']}, {'name': 'Color', 'position': 2, 'values': ['White', 'Navy', 'Grey']}]",https://www.quietlycoffee.com/products/quietly-logo,,12693399830599.0,3571343261767.0,1.0,2019-09-20T09:44:42-04:00,2022-05-17T13:31:18-04:00,,2048.0,2048.0,https://cdn.shopify.com/s/files/1/0048/1624/0711/products/1.2.gif?v=1652808678,"[30087135723591, 30087135756359, 30087135789127, 30087135821895, 30087135854663]"
98,42435239575719,Large / Navy,Large,Navy,,,True,True,,False,28.00,300,,8,3571343261767,2022-05-13T12:45:32-04:00,2026-10-09T07:37:16-04:00,3571343261767,LOGO TEE,quietly-logo,2019-09-15T09:22:35-04:00,2019-09-15T10:03:20-04:00,2026-10-09T07:37:16-04:00,Quietly Coffee,Shirts,[],"[{'id': 12693399830599, 'created_at': '2019-09-20T09:44:42-04:00', 'position': 1, 'updated_at': '2022-05-17T13:31:18-04:00', 'product_id': 3571343261767, 'variant_ids': [30087135723591, 30087135756359, 30087135789127, 30087135821895, 30087135854663], 'src': 'https://cdn.shopify.com/s/files/1/0048/1624/0711/products/1.2.gif?v=1652808678', 'width': 2048, 'height': 2048}, {'id': 11070907318343, 'created_at': '2019-09-15T20:14:00-04:00', 'position': 2, 'updated_at': '2022-05-17T13:31:18-04:00', 'product_id': 3571343261767, 'variant_ids': [], 'src': 'https://cdn.shopify.com/s/files/1/0048/1624/0711/products/1_7a4b5350-3e37-4477-aa1e-7de833547a9a.gif?v=1652808678', 'width': 2048, 'height': 2048}, {'id': 32957465624743, 'created_at': '2022-05-13T13:01:43-04:00', 'position': 3, 'updated_at': '2022-05-17T13:31:18-04:00', 'product_id': 3571343261767, 'variant_ids': [42435239444647, 42435239510183, 42435239575719, 42435239641255, 42435239706791], 'src': 'https://cdn.shopify.com/s/files/1/0048/1624/0711/products/6Farm02_288e3524-557c-4ec7-a0ee-5ea391977273.png?v=1652808678', 'width': 2048, 'height': 2048}, {'id': 32957532471463, 'created_at': '2022-05-13T13:05:47-04:00', 'position': 4, 'updated_at': '2022-05-17T13:31:15-04:00', 'product_id': 3571343261767, 'variant_ids': [42435239477415, 42435239542951, 42435239608487, 42435239674023, 42435239739559], 'src': 'https://cdn.shopify.com/s/files/1/0048/1624/0711/products/6Farm04_56bfad5f-fc31-4426-a1e8-8004aebdeaf1.png?v=1652808675', 'width': 2048, 'height': 2048}]","[{'name': 'Size', 'position': 1, 'values': ['Small', 'Medium', 'Large', 'X-Large', '2X-Large']}, {'name': 'Color', 'position': 2, 'values': ['White', 'Navy', 'Grey']}]",https://www.quietlycoffee.com/products/quietly-logo,,32957465624743.0,3571343261767.0,3.0,2022-05-13T13:01:43-04:00,2022-05-17T13:31:18-04:00,,2048.0,2048.0,https://cdn.shopify.com/s/files/1/0048/1624/0711/products/6Farm02_288e3524-557c-4ec7-a0ee-5ea391977273.png?v=1652808678,"[42435239444647, 42435239510183, 42435239575719, 42435239641255, 42435239706791]"
99,42435239608487,Large / Grey,Large,Grey,,,True,True,,False,28.00,300,,9,3571343261767,2022-05-13T12:45:32-04:00,2026-10-09T07:37:16-04:00,3571343261767,LOGO TEE,quietly-logo,2019-09-15T09:22:35-04:00,2019-09-15T10:03:20-04:00,2026-10-09T07:37:16-04:00,Quietly Coffee,Shirts,[],"[{'id': 12693399830599, 'created_at': '2019-09-20T09:44:42-04:00', 'position': 1, 'updated_at': '2022-05-17T13:31:18-04:00', 'product_id': 3571343261767, 'variant_ids': [30087135723591, 30087135756359, 30087135789127, 30087135821895, 30087135854663], 'src': 'https://cdn.shopify.com/s/files/1/0048/1624/0711/products/1.2.gif?v=1652808678', 'width': 2048, 'height': 2048}, {'id': 11070907318343, 'created_at': '2019-09-15T20:14:00-04:00', 'position': 2, 'updated_at': '2022-05-17T13:31:18-04:00', 'product_id': 3571343261767, 'variant_ids': [], 'src': 'https://cdn.shopify.com/s/files/1/0048/1624/0711/products/1_7a4b5350-3e37-4477-aa1e-7de833547a9a.gif?v=1652808678', 'width': 2048, 'height': 2048}, {'id': 32957465624743, 'created_at': '2022-05-13T13:01:43-04:00', 'position': 3, 'updated_at': '2022-05-17T13:31:18-04:00', 'product_id': 3571343261767, 'variant_ids': [42435239444647, 42435239510183, 42435239575719, 42435239641255, 42435239706791], 'src': 'https://cdn.shopify.com/s/files/1/0048/1624/0711/products/6Farm02_288e3524-557c-4ec7-a0ee-5ea391977273.png?v=1652808678', 'width': 2048, 'height': 2048}, {'id': 32957532471463, 'created_at': '2022-05-13T13:05:47-04:00', 'position': 4, 'updated_at': '2022-05-17T13:31:15-04:00', 'product_id': 3571343261767, 'variant_ids': [42435239477415, 42435239542951, 42435239608487, 42435239674023, 42435239739559], 'src': 'https://cdn.shopify.com/s/files/1/0048/1624/0711/products/6Farm04_56bfad5f-fc31-4426-a1e8-8004aebdeaf1.png?v=1652808675', 'width': 2048, 'height': 2048}]","[{'name': 'Size', 'position': 1, 'values': ['Small', 'Medium', 'Large', 'X-Large', '2X-Large']}, {'name': 'Color', 'position': 2, 'values': ['White', 'Navy', 'Grey']}]",https://www.quietlycoffee.com/products/quietly-logo,,32957532471463.0,3571343261767.0,4.0,2022-05-13T13:05:47-04:00,2022-05-17T13:31:15-04:00,,2048.0,2048.0,https://cdn.shopify.com/s/files/1/0048/1624/0711/products/6Farm04_56bfad5f-fc31-4426-a1e8-8004aebdeaf1.png?v=1652808675,"[42435239477415, 42435239542951, 42435239608487, 42435239674023, 42435239739559]"
100,30087135821895,X-Large / White,X-Large,White,,,True,True,,False,28.00,300,,10,3571343261767,2019-09-15T10:03:20-04:00,2026-10-09T07:37:16-04:00,3571343261767,LOGO TEE,quietly-logo,2019-09-15T09:22:35-04:00,2019-09-15T10:03:20-04:00,2026-10-09T07:37:16-04:00,Quietly Coffee,Shirts,[],"[{'id': 12693399830599, 'created_at': '2019-09-20T09:44:42-04:00', 'position': 1, 'updated_at': '2022-05-17T13:31:18-04:00', 'product_id': 3571343261767, 'variant_ids': [30087135723591, 30087135756359, 30087135789127, 30087135821895, 30087135854663], 'src': 'https://cdn.shopify.com/s/files/1/0048/1624/0711/products/1.2.gif?v=1652808678', 'width': 2048, 'height': 2048}, {'id': 11070907318343, 'created_at': '2019-09-15T20:14:00-04:00', 'position': 2, 'updated_at': '2022-05-17T13:31:18-04:00', 'product_id': 3571343261767, 'variant_ids': [], 'src': 'https://cdn.shopify.com/s/files/1/0048/1624/0711/products/1_7a4b5350-3e37-4477-aa1e-7de833547a9a.gif?v=1652808678', 'width': 2048, 'height': 2048}, {'id': 32957465624743, 'created_at': '2022-05-13T13:01:43-04:00', 'position': 3, 'updated_at': '2022-05-17T13:31:18-04:00', 'product_id': 3571343261767, 'variant_ids': [42435239444647, 42435239510183, 42435239575719, 42435239641255, 42435239706791], 'src': 'https://cdn.shopify.com/s/files/1/0048/1624/0711/products/6Farm02_288e3524-557c-4ec7-a0ee-5ea391977273.png?v=1652808678', 'width': 2048, 'height': 2048}, {'id': 32957532471463, 'created_at': '2022-05-13T13:05:47-04:00', 'position': 4, 'updated_at': '2022-05-17T13:31:15-04:00', 'product_id': 3571343261767, 'variant_ids': [42435239477415, 42435239542951, 42435239608487, 42435239674023, 42435239739559], 'src': 'https://cdn.shopify.com/s/files/1/0048/1624/0711/products/6Farm04_56bfad5f-fc31-4426-a1e8-8004aebdeaf1.png?v=1652808675', 'width': 2048, 'height': 2048}]","[{'name': 'Size', 'position': 1, 'values': ['Small', 'Medium', 'Large', 'X-Large', '2X-Large']}, {'name': 'Color', 'position': 2, 'values': ['White', 'Navy', 'Grey']}]",https://www.quietlycoffee.com/products/quietly-logo,,12693399830599.0,3571343261767.0,1.0,2019-09-20T09:44:42-04:00,2022-05-17T13:31:18-04:00,,2048.0,2048.0,https://cdn.shopify.com/s/files/1/0048/1624/0711/products/1.2.gif?v=1652808678,"[30087135723591, 30087135756359, 30087135789127, 30087135821895, 30087135854663]"
101,42435239641255,X-Large / Navy,X-Large,Navy,,,True,True,,False,28.00,300,,11,3571343261767,2022-05-13T12:45:32-04:00,2026-10-09T07:37:16-04:00,3571343261767,LOGO TEE,quietly-logo,2019-09-15T09:22:35-04:00,2019-09-15T10:03:20-04:00,2026-10-09T07:37:16-04:00,Quietly Coffee,Shirts,[],"[{'id': 12693399830599, 'created_at': '2019-09-20T09:44:42-04:00', 'position': 1, 'updated_at': '2022-05-17T13:31:18-04:00', 'product_id': 3571343261767, 'variant_ids': [30087135723591, 30087135756359, 30087135789127, 30087135821895, 30087135854663], 'src': 'https://cdn.shopify.com/s/files/1/0048/1624/0711/products/1.2.gif?v=1652808678', 'width': 2048, 'height': 2048}, {'id': 11070907318343, 'created_at': '2019-09-15T20:14:00-04:00', 'position': 2, 'updated_at': '2022-05-17T13:31:18-04:00', 'product_id': 3571343261767, 'variant_ids': [], 'src': 'https://cdn.shopify.com/s/files/1/0048/1624/0711/products/1_7a4b5350-3e37-4477-aa1e-7de833547a9a.gif?v=1652808678', 'width': 2048, 'height': 2048}, {'id': 32957465624743, 'created_at': '2022-05-13T13:01:43-04:00', 'position': 3, 'updated_at': '2022-05-17T13:31:18-04:00', 'product_id': 3571343261767, 'variant_ids': [42435239444647, 42435239510183, 42435239575719, 42435239641255, 42435239706791], 'src': 'https://cdn.shopify.com/s/files/1/0048/1624/0711/products/6Farm02_288e3524-557c-4ec7-a0ee-5ea391977273.png?v=1652808678', 'width': 2048, 'height': 2048}, {'id': 32957532471463, 'created_at': '2022-05-13T13:05:47-04:00', 'position': 4, 'updated_at': '2022-05-17T13:31:15-04:00', 'product_id': 3571343261767, 'variant_ids': [42435239477415, 42435239542951, 42435239608487, 42435239674023, 42435239739559], 'src': 'https://cdn.shopify.com/s/files/1/0048/1624/0711/products/6Farm04_56bfad5f-fc31-4426-a1e8-8004aebdeaf1.png?v=1652808675', 'width': 2048, 'height': 2048}]","[{'name': 'Size', 'position': 1, 'values': ['Small', 'Medium', 'Large', 'X-Large', '2X-Large']}, {'name': 'Color', 'position': 2, 'values': ['White', 'Navy', 'Grey']}]",https://www.quietlycoffee.com/products/quietly-logo,,32957465624743.0,3571343261767.0,3.0,2022-05-13T13:01:43-04:00,2022-05-17T13:31:18-04:00,,2048.0,2048.0,https://cdn.shopify.com/s/files/1/0048/1624/0711/products/6Farm02_288e3524-557c-4ec7-a0ee-5ea391977273.png?v=1652808678,"[42435239444647, 42435239510183, 42435239575719, 42435239641255, 42435239706791]"
102,42435239674023,X-Large / Grey,X-Large,Grey,,,True,True,,False,28.00,300,,12,3571343261767,2022-05-13T12:45:32-04:00,2026-10-09T07:37:16-04:00,3571343261767,LOGO TEE,quietly-logo,2019-09-15T09:22:35-04:00,2019-09-15T10:03:20-04:00,2026-10-09T07:37:16-04:00,Quietly Coffee,Shirts,[],"[{'id': 12693399830599, 'created_at': '2019-09-20T09:44:42-04:00', 'position': 1, 'updated_at': '2022-05-17T13:31:18-04:00', 'product_id': 3571343261767, 'variant_ids': [30087135723591, 30087135756359, 30087135789127, 30087135821895, 30087135854663], 'src': 'https://cdn.shopify.com/s/files/1/0048/1624/0711/products/1.2.gif?v=1652808678', 'width': 2048, 'height': 2048}, {'id': 11070907318343, 'created_at': '2019-09-15T20:14:00-04:00', 'position': 2, 'updated_at': '2022-05-17T13:31:18-04:00', 'product_id': 3571343261767, 'variant_ids': [], 'src': 'https://cdn.shopify.com/s/files/1/0048/1624/0711/products/1_7a4b5350-3e37-4477-aa1e-7de833547a9a.gif?v=1652808678', 'width': 2048, 'height': 2048}, {'id': 32957465624743, 'created_at': '2022-05-13T13:01:43-04:00', 'position': 3, 'updated_at': '2022-05-17T13:31:18-04:00', 'product_id': 3571343261767, 'variant_ids': [42435239444647, 42435239510183, 42435239575719, 42435239641255, 42435239706791], 'src': 'https://cdn.shopify.com/s/files/1/0048/1624/0711/products/6Farm02_288e3524-557c-4ec7-a0ee-5ea391977273.png?v=1652808678', 'width': 2048, 'height': 2048}, {'id': 32957532471463, 'created_at': '2022-05-13T13:05:47-04:00', 'position': 4, 'updated_at': '2022-05-17T13:31:15-04:00', 'product_id': 3571343261767, 'variant_ids': [42435239477415, 42435239542951, 42435239608487, 42435239674023, 42435239739559], 'src': 'https://cdn.shopify.com/s/files/1/0048/1624/0711/products/6Farm04_56bfad5f-fc31-4426-a1e8-8004aebdeaf1.png?v=1652808675', 'width': 2048, 'height': 2048}]","[{'name': 'Size', 'position': 1, 'values': ['Small', 'Medium', 'Large', 'X-Large', '2X-Large']}, {'name': 'Color', 'position': 2, 'values': ['White', 'Navy', 'Grey']}]",https://www.quietlycoffee.com/products/quietly-logo,,32957532471463.0,3571343261767.0,4.0,2022-05-13T13:05:47-04:00,2022-05-17T13:31:15-04:00,,2048.0,2048.0,https://cdn.shopify.com/s/files/1/0048/1624/0711/products/6Farm04_56bfad5f-fc31-4426-a1e8-8004aebdeaf1.png?v=1652808675,"[42435239477415, 42435239542951, 42435239608487, 42435239674023, 42435239739559]"
103,30087135854663,2X-Large / White,2X-Large,White,,,True,True,,False,28.00,300,,13,3571343261767,2019-09-15T10:03:20-04:00,2026-10-09T07:37:16-04:00,3571343261767,LOGO TEE,quietly-logo,2019-09-15T09:22:35-04:00,2019-09-15T10:03:20-04:00,2026-10-09T07:37:16-04:00,Quietly Coffee,Shirts,[],"[{'id': 12693399830599, 'created_at': '2019-09-20T09:44:42-04:00', 'position': 1, 'updated_at': '2022-05-17T13:31:18-04:00', 'product_id': 3571343261767, 'variant_ids': [30087135723591, 30087135756359, 30087135789127, 30087135821895, 30087135854663], 'src': 'https://cdn.shopify.com/s/files/1/0048/1624/0711/products/1.2.gif?v=1652808678', 'width': 2048, 'height': 2048}, {'id': 11070907318343, 'created_at': '2019-09-15T20:14:00-04:00', 'position': 2, 'updated_at': '2022-05-17T13:31:18-04:00', 'product_id': 3571343261767, 'variant_ids': [], 'src': 'https://cdn.shopify.com/s/files/1/0048/1624/0711/products/1_7a4b5350-3e37-4477-aa1e-7de833547a9a.gif?v=1652808678', 'width': 2048, 'height': 2048}, {'id': 32957465624743, 'created_at': '2022-05-13T13:01:43-04:00', 'position': 3, 'updated_at': '2022-05-17T13:31:18-04:00', 'product_id': 3571343261767, 'variant_ids': [42435239444647, 42435239510183, 42435239575719, 42435239641255, 42435239706791], 'src': 'https://cdn.shopify.com/s/files/1/0048/1624/0711/products/6Farm02_288e3524-557c-4ec7-a0ee-5ea391977273.png?v=1652808678', 'width': 2048, 'height': 2048}, {'id': 32957532471463, 'created_at': '2022-05-13T13:05:47-04:00', 'position': 4, 'updated_at': '2022-05-17T13:31:15-04:00', 'product_id': 3571343261767, 'variant_ids': [42435239477415, 42435239542951, 42435239608487, 42435239674023, 42435239739559], 'src': 'https://cdn.shopify.com/s/files/1/0048/1624/0711/products/6Farm04_56bfad5f-fc31-4426-a1e8-8004aebdeaf1.png?v=1652808675', 'width': 2048, 'height': 2048}]","[{'name': 'Size', 'position': 1, 'values': ['Small', 'Medium', 'Large', 'X-Large', '2X-Large']}, {'name': 'Color', 'position': 2, 'values': ['White', 'Navy', 'Grey']}]",https://www.quietlycoffee.com/products/quietly-logo,,12693399830599.0,3571343261767.0,1.0,2019-09-20T09:44:42-04:00,2022-05-17T13:31:18-04:00,,2048.0,2048.0,https://cdn.shopify.com/s/files/1/0048/1624/0711/products/1.2.gif?v=1652808678,"[30087135723591, 30087135756359, 30087135789127, 30087135821895, 30087135854663]"
104,42435239706791,2X-Large / Navy,2X-Large,Navy,,,True,True,,False,28.00,300,,14,3571343261767,2022-05-13T12:45:32-04:00,2026-10-09T07:37:16-04:00,3571343261767,LOGO TEE,quietly-logo,2019-09-15T09:22:35-04:00,2019-09-15T10:03:20-04:00,2026-10-09T07:37:16-04:00,Quietly Coffee,Shirts,[],"[{'id': 12693399830599, 'created_at': '2019-09-20T09:44:42-04:00', 'position': 1, 'updated_at': '2022-05-17T13:31:18-04:00', 'product_id': 3571343261767, 'variant_ids': [30087135723591, 30087135756359, 30087135789127, 30087135821895, 30087135854663], 'src': 'https://cdn.shopify.com/s/files/1/0048/1624/0711/products/1.2.gif?v=1652808678', 'width': 2048, 'height': 2048}, {'id': 11070907318343, 'created_at': '2019-09-15T20:14:00-04:00', 'position': 2, 'updated_at': '2022-05-17T13:31:18-04:00', 'product_id': 3571343261767, 'variant_ids': [], 'src': 'https://cdn.shopify.com/s/files/1/0048/1624/0711/products/1_7a4b5350-3e37-4477-aa1e-7de833547a9a.gif?v=1652808678', 'width': 2048, 'height': 2048}, {'id': 32957465624743, 'created_at': '2022-05-13T13:01:43-04:00', 'position': 3, 'updated_at': '2022-05-17T13:31:18-04:00', 'product_id': 3571343261767, 'variant_ids': [42435239444647, 42435239510183, 42435239575719, 42435239641255, 42435239706791], 'src': 'https://cdn.shopify.com/s/files/1/0048/1624/0711/products/6Farm02_288e3524-557c-4ec7-a0ee-5ea391977273.png?v=1652808678', 'width': 2048, 'height': 2048}, {'id': 32957532471463, 'created_at': '2022-05-13T13:05:47-04:00', 'position': 4, 'updated_at': '2022-05-17T13:31:15-04:00', 'product_id': 3571343261767, 'variant_ids': [42435239477415, 42435239542951, 42435239608487, 42435239674023, 42435239739559], 'src': 'https://cdn.shopify.com/s/files/1/0048/1624/0711/products/6Farm04_56bfad5f-fc31-4426-a1e8-8004aebdeaf1.png?v=1652808675', 'width': 2048, 'height': 2048}]","[{'name': 'Size', 'position': 1, 'values': ['Small', 'Medium', 'Large', 'X-Large', '2X-Large']}, {'name': 'Color', 'position': 2, 'values': ['White', 'Navy', 'Grey']}]",https://www.quietlycoffee.com/products/quietly-logo,,32957465624743.0,3571343261767.0,3.0,2022-05-13T13:01:43-04:00,2022-05-17T13:31:18-04:00,,2048.0,2048.0,https://cdn.shopify.com/s/files/1/0048/1624/0711/products/6Farm02_288e3524-557c-4ec7-a0ee-5ea391977273.png?v=1652808678,"[42435239444647, 42435239510183, 42435239575719, 42435239641255, 42435239706791]"
105,42435239739559,2X-Large / Grey,2X-Large,Grey,,,True,True,,False,28.00,300,,15,3571343261767,2022-05-13T12:45:32-04:00,2026-10-09T07:37:16-04:00,3571343261767,LOGO TEE,quietly-logo,2019-09-15T09:22:35-04:00,2019-09-15T10:03:20-04:00,2026-10-09T07:37:16-04:00,Quietly Coffee,Shirts,[],"[{'id': 12693399830599, 'created_at': '2019-09-20T09:44:42-04:00', 'position': 1, 'updated_at': '2022-05-17T13:31:18-04:00', 'product_id': 3571343261767, 'variant_ids': [30087135723591, 30087135756359, 30087135789127, 30087135821895, 30087135854663], 'src': 'https://cdn.shopify.com/s/files/1/0048/1624/0711/products/1.2.gif?v=1652808678', 'width': 2048, 'height': 2048}, {'id': 11070907318343, 'created_at': '2019-09-15T20:14:00-04:00', 'position': 2, 'updated_at': '2022-05-17T13:31:18-04:00', 'product_id': 3571343261767, 'variant_ids': [], 'src': 'https://cdn.shopify.com/s/files/1/0048/1624/0711/products/1_7a4b5350-3e37-4477-aa1e-7de833547a9a.gif?v=1652808678', 'width': 2048, 'height': 2048}, {'id': 32957465624743, 'created_at': '2022-05-13T13:01:43-04:00', 'position': 3, 'updated_at': '2022-05-17T13:31:18-04:00', 'product_id': 3571343261767, 'variant_ids': [42435239444647, 42435239510183, 42435239575719, 42435239641255, 42435239706791], 'src': 'https://cdn.shopify.com/s/files/1/0048/1624/0711/products/6Farm02_288e3524-557c-4ec7-a0ee-5ea391977273.png?v=1652808678', 'width': 2048, 'height': 2048}, {'id': 32957532471463, 'created_at': '2022-05-13T13:05:47-04:00', 'position': 4, 'updated_at': '2022-05-17T13:31:15-04:00', 'product_id': 3571343261767, 'variant_ids': [42435239477415, 42435239542951, 42435239608487, 42435239674023, 42435239739559], 'src': 'https://cdn.shopify.com/s/files/1/0048/1624/0711/products/6Farm04_56bfad5f-fc31-4426-a1e8-8004aebdeaf1.png?v=1652808675', 'width': 2048, 'height': 2048}]","[{'name': 'Size', 'position': 1, 'values': ['Small', 'Medium', 'Large', 'X-Large', '2X-Large']}, {'name': 'Color', 'position': 2, 'values': ['White', 'Navy', 'Grey']}]",https://www.quietlycoffee.com/products/quietly-logo,,32957532471463.0,3571343261767.0,4.0,2022-05-13T13:05:47-04:00,2022-05-17T13:31:15-04:00,,2048.0,2048.0,https://cdn.shopify.com/s/files/1/0048/1624/0711/products/6Farm04_56bfad5f-fc31-4426-a1e8-8004aebdeaf1.png?v=1652808675,"[42435239477415, 42435239542951, 42435239608487, 42435239674023, 42435239739559]"
106,17849631703111,Two / Three,Two,Three,,,True,False,,False,160.00,0,,1,1855983583303,2019-08-11T10:31:53-04:00,2026-10-09T07:37:16-04:00,1855983583303,FILTER SUBSCRIPTION,brewing-subscription,2019-08-11T11:30:51-04:00,2019-08-11T10:29:27-04:00,2026-10-09T07:37:16-04:00,Quietly Coffee,Subscriptions,[],"[{'id': 36320044843175, 'created_at': '2024-05-22T13:46:03-04:00', 'position': 1, 'updated_at': '2024-05-22T13:46:08-04:00', 'product_id': 1855983583303, 'variant_ids': [], 'src': 'https://cdn.shopify.com/s/files/1/0048/1624/0711/files/8BirthdayCake.png?v=1716399968', 'width': 2048, 'height': 2048}, {'id': 5784226955335, 'created_at': '2019-08-11T10:30:41-04:00', 'position': 2, 'updated_at': '2024-05-22T13:46:08-04:00', 'product_id': 1855983583303, 'variant_ids': [], 'src': 'https://cdn.shopify.com/s/files/1/0048/1624/0711/products/2_7a328e40-8382-482b-9654-1c85be03bfb2.gif?v=1716399968', 'width': 2048, 'height': 2048}]","[{'name': 'How many bags per month', 'position': 1, 'values': ['Two', 'Four']}, {'name': 'How many months', 'position': 2, 'values': ['Three', 'Six', 'Twelve']}]",https://www.quietlycoffee.com/products/brewing-subscription,,,,,,,,,,,
107,17849700122695,Two / Six,Two,Six,,,True,False,,False,320.00,0,,2,1855983583303,2019-08-11T11:09:54-04:00,2026-10-09T07:37:16-04:00,1855983583303,FILTER SUBSCRIPTION,brewing-subscription,2019-08-11T11:30:51-04:00,2019-08-11T10:29:27-04:00,2026-10-09T07:37:16-04:00,Quietly Coffee,Subscriptions,[],"[{'id': 36320044843175, 'created_at': '2024-05-22T13:46:03-04:00', 'position': 1, 'updated_at': '2024-05-22T13:46:08-04:00', 'product_id': 1855983583303, 'variant_ids': [], 'src': 'https://cdn.shopify.com/s/files/1/0048/1624/0711/files/8BirthdayCake.png?v=1716399968', 'width': 2048, 'height': 2048}, {'id': 5784226955335, 'created_at': '2019-08-11T10:30:41-04:00', 'position': 2, 'updated_at': '2024-05-22T13:46:08-04:00', 'product_id': 1855983583303, 'variant_ids': [], 'src': 'https://cdn.shopify.com/s/files/1/0048/1624/0711/products/2_7a328e40-8382-482b-9654-1c85be03bfb2.gif?v=1716399968', 'width': 2048, 'height': 2048}]","[{'name': 'How many bags per month', 'position': 1, 'values': ['Two', 'Four']}, {'name': 'How many months', 'position': 2, 'values': ['Three', 'Six', 'Twelve']}]",https://www.quietlycoffee.com/products/brewing-subscription,,,,,,,,,,,
108,17849700220999,Two / Twelve,Two,Twelve,,,True,False,,False,640.00,0,,3,1855983583303,2019-08-11T11:09:54-04:00,2026-10-09T07:37:16-04:00,1855983583303,FILTER SUBSCRIPTION,brewing-subscription,2019-08-11T11:30:51-04:00,2019-08-11T10:29:27-04:00,2026-10-09T07:37:16-04:00,Quietly Coffee,Subscriptions,[],"[{'id': 36320044843175, 'created_at': '2024-05-22T13:46:03-04:00', 'position': 1, 'updated_at': '2024-05-22T13:46:08-04:00', 'product_id': 1855983583303, 'variant_ids': [], 'src': 'https://cdn.shopify.com/s/files/1/0048/1624/0711/files/8BirthdayCake.png?v=1716399968', 'width': 2048, 'height': 2048}, {'id': 5784226955335, 'created_at': '2019-08-11T10:30:41-04:00', 'position': 2, 'updated_at': '2024-05-22T13:46:08-04:00', 'product_id': 1855983583303, 'variant_ids': [], 'src': 'https://cdn.shopify.com/s/files/1/0048/1624/0711/products/2_7a328e40-8382-482b-9654-1c85be03bfb2.gif?v=1716399968', 'width': 2048, 'height': 2048}]","[{'name': 'How many bags per month', 'position': 1, 'values': ['Two', 'Four']}, {'name': 'How many months', 'position': 2, 'values': ['Three', 'Six', 'Twelve']}]",https://www.quietlycoffee.com/products/brewing-subscription,,,,,,,,,,,
109,17849700089927,Four / Three,Four,Three,,,True,False,,False,320.00,0,,4,1855983583303,2019-08-11T11:09:54-04:00,2026-10-09T07:37:16-04:00,1855983583303,FILTER SUBSCRIPTION,brewing-subscription,2019-08-11T11:30:51-04:00,2019-08-11T10:29:27-04:00,2026-10-09T07:37:16-04:00,Quietly Coffee,Subscriptions,[],"[{'id': 36320044843175, 'created_at': '2024-05-22T13:46:03-04:00', 'position': 1, 'updated_at': '2024-05-22T13:46:08-04:00', 'product_id': 1855983583303, 'variant_ids': [], 'src': 'https://cdn.shopify.com/s/files/1/0048/1624/0711/files/8BirthdayCake.png?v=1716399968', 'width': 2048, 'height': 2048}, {'id': 5784226955335, 'created_at': '2019-08-11T10:30:41-04:00', 'position': 2, 'updated_at': '2024-05-22T13:46:08-04:00', 'product_id': 1855983583303, 'variant_ids': [], 'src': 'https://cdn.shopify.com/s/files/1/0048/1624/0711/products/2_7a328e40-8382-482b-9654-1c85be03bfb2.gif?v=1716399968', 'width': 2048, 'height': 2048}]","[{'name': 'How many bags per month', 'position': 1, 'values': ['Two', 'Four']}, {'name': 'How many months', 'position': 2, 'values': ['Three', 'Six', 'Twelve']}]",https://www.quietlycoffee.com/products/brewing-subscription,,,,,,,,,,,
110,17849700188231,Four / Six,Four,Six,,,True,False,,False,640.00,0,,5,1855983583303,2019-08-11T11:09:54-04:00,2026-10-09T07:37:16-04:00,1855983583303,FILTER SUBSCRIPTION,brewing-subscription,2019-08-11T11:30:51-04:00,2019-08-11T10:29:27-04:00,2026-10-09T07:37:16-04:00,Quietly Coffee,Subscriptions,[],"[{'id': 36320044843175, 'created_at': '2024-05-22T13:46:03-04:00', 'position': 1, 'updated_at': '2024-05-22T13:46:08-04:00', 'product_id': 1855983583303, 'variant_ids': [], 'src': 'https://cdn.shopify.com/s/files/1/0048/1624/0711/files/8BirthdayCake.png?v=1716399968', 'width': 2048, 'height': 2048}, {'id': 5784226955335, 'created_at': '2019-08-11T10:30:41-04:00', 'position': 2, 'updated_at': '2024-05-22T13:46:08-04:00', 'product_id': 1855983583303, 'variant_ids': [], 'src': 'https://cdn.shopify.com/s/files/1/0048/1624/0711/products/2_7a328e40-8382-482b-9654-1c85be03bfb2.gif?v=1716399968', 'width': 2048, 'height': 2048}]","[{'name': 'How many bags per month', 'position': 1, 'values': ['Two', 'Four']}, {'name': 'How many months', 'position': 2, 'values': ['Three', 'Six', 'Twelve']}]",https://www.quietlycoffee.com/products/brewing-subscription,,,,,,,,,,,
111,17849700286535,Four / Twelve,Four,Twelve,,,True,False,,False,1280.00,0,,6,1855983583303,2019-08-11T11:09:54-04:00,2026-10-09T07:37:16-04:00,1855983583303,FILTER SUBSCRIPTION,brewing-subscription,2019-08-11T11:30:51-04:00,2019-08-11T10:29:27-04:00,2026-10-09T07:37:16-04:00,Quietly Coffee,Subscriptions,[],"[{'id': 36320044843175, 'created_at': '2024-05-22T13:46:03-04:00', 'position': 1, 'updated_at': '2024-05-22T13:46:08-04:00', 'product_id': 1855983583303, 'variant_ids': [], 'src': 'https://cdn.shopify.com/s/files/1/0048/1624/0711/files/8BirthdayCake.png?v=1716399968', 'width': 2048, 'height': 2048}, {'id': 5784226955335, 'created_at': '2019-08-11T10:30:41-04:00', 'position': 2, 'updated_at': '2024-05-22T13:46:08-04:00', 'product_id': 1855983583303, 'variant_ids': [], 'src': 'https://cdn.shopify.com/s/files/1/0048/1624/0711/products/2_7a328e40-8382-482b-9654-1c85be03bfb2.gif?v=1716399968', 'width': 2048, 'height': 2048}]","[{'name': 'How many bags per month', 'position': 1, 'values': ['Two', 'Four']}, {'name': 'How many months', 'position': 2, 'values': ['Three', 'Six', 'Twelve']}]",https://www.quietlycoffee.com/products/brewing-subscription,,,,,,,,,,,
0,47422741577897,8oz / 225g,8oz / 225g,,,,True,False,,True,24.00,225,,1,9033887776937,2026-09-05T19:20:58-07:00,2026-10-09T04:37:16-07:00,9033887776937,Ethiopia Yirgacheffe Supernatural Banko Chelchele,ethiopia-yirgacheffe-supernatural-banko-chelchele,2026-09-10T05:54:51-07:00,2026-09-05T19:20:58-07:00,2026-10-09T04:37:16-07:00,Rocanini,Brewed Coffee,"['Dry Process', 'new']","[{'id': 39236454023337, 'created_at': '2024-04-10T19:09:19-07:00', 'position': 1, 'updated_at': '2024-04-10T19:09:19-07:00', 'product_id': 9033887776937, 'variant_ids': [], 'src': 'https://cdn.shopify.com/s/files/1/0132/4532/files/pixlr-bg-result_1_ba4f75de-37ed-4010-b1d5-7070fb9be111.png?v=1712801359', 'width': 1440, 'height': 1920}, {'id': 39236454121641, 'created_at': '2024-04-10T19:09:19-07:00', 'position': 2, 'updated_at': '2024-04-10T19:09:19-07:00', 'product_id': 9033887776937, 'variant_ids': [], 'src': 'https://cdn.shopify.com/s/files/1/0132/4532/files/pixlr-bg-result_1_1_0bb8bbe1-25ff-41ef-917f-f8a126a35dab.png?v=1712801359', 'width': 1440, 'height': 1920}, {'id': 39236454154409, 'created_at': '2024-04-10T19:09:19-07:00', 'position': 3, 'updated_at': '2024-04-10T19:09:19-07:00', 'product_id': 9033887776937, 'variant_ids': [], 'src': 'https://cdn.shopify.com/s/files/1/0132/4532/files/pixlr-bg-result_2_1_ec301298-f769-4da9-94da-3f58521a5d66.png?v=1712801359', 'width': 1440, 'height': 1920}, {'id': 39236454187177, 'created_at': '2024-04-10T19:09:19-07:00', 'position': 4, 'updated_at': '2024-04-10T19:09:20-07:00', 'product_id': 9033887776937, 'variant_ids': [], 'src': 'https://cdn.shopify.com/s/files/1/0132/4532/files/pixlr-bg-result_3_1_ea9111e1-5b2a-4c43-93c8-611d858883c7.png?v=1712801360', 'width': 1440, 'height': 1920}]","[{'name': 'Title', 'position': 1, 'values': ['8oz / 225g', '2lb', '5lb']}]",https://www.rocanini.com/products/ethiopia-yirgacheffe-supernatural-banko-chelchele,,,,,,,,,,,
1,47422741610665,2lb,2lb,,,,True,False,,True,96.00,910,,2,9033887776937,2026-09-05T19:20:58-07:00,2026-10-09T04:37:16-07:00,9033887776937,Ethiopia Yirgacheffe Supernatural Banko Chelchele,ethiopia-yirgacheffe-supernatural-banko-chelchele,2026-09-10T05:54:51-07:00,2026-09-05T19:20:58-07:00,2026-10-09T04:37:16-07:00,Rocanini,Brewed Coffee,"['Dry Process', 'new']","[{'id': 39236454023337, 'created_at': '2024-04-10T19:09:19-07:00', 'position': 1, 'updated_at': '2024-04-10T19:09:19-07:00', 'product_id': 9033887776937, 'variant_ids': [], 'src': 'https://cdn.shopify.com/s/files/1/0132/4532/files/pixlr-bg-result_1_ba4f75de-37ed-4010-b1d5-7070fb9be111.png?v=1712801359', 'width': 1440, 'height': 1920}, {'id': 39236454121641, 'created_at': '2024-04-10T19:09:19-07:00', 'position': 2, 'updated_at': '2024-04-10T19:09:19-07:00', 'product_id': 9033887776937, 'variant_ids': [], 'src': 'https://cdn.shopify.com/s/files/1/0132/4532/files/pixlr-bg-result_1_1_0bb8bbe1-25ff-41ef-917f-f8a126a35dab.png?v=1712801359', 'width': 1440, 'height': 1920}, {'id': 39236454154409, 'created_at': '2024-04-10T19:09:19-07:00', 'position': 3, 'updated_at': '2024-04-10T19:09:19-07:00', 'product_id': 9033887776937, 'variant_ids': [], 'src': 'https://cdn.shopify.com/s/files/1/0132/4532/files/pixlr-bg-result_2_1_ec301298-f769-4da9-94da-3f58521a5d66.png?v=1712801359', 'width': 1440, 'height': 1920}, {'id': 39236454187177, 'created_at': '2024-04-10T19:09:19-07:00', 'position': 4, 'updated_at': '2024-04-10T19:09:20-07:00', 'product_id': 9033887776937, 'variant_ids': [], 'src': 'https://cdn.shopify.com/s/files/1/0132/4532/files/pixlr-bg-result_3_1_ea9111e1-5b2a-4c43-93c8-611d858883c7.png?v=1712801360', 'width': 1440, 'height': 1920}]","[{'name': 'Title', 'position': 1, 'values': ['8oz / 225g', '2lb', '5lb']}]",https://www.rocanini.com/products/ethiopia-yirgacheffe-supernatural-banko-chelchele,,,,,,,,,,,
2,47422741643433,5lb,5lb,,,,True,False,,True,208.00,2270,,3,9033887776937,2026-09-05T19:20:58-07:00,2026-10-09T04:37:16-07:00,9033887776937,Ethiopia Yirgacheffe Supernatural Banko Chelchele,ethiopia-yirgacheffe-supernatural-banko-chelchele,2026-09-10T05:54:51-07:00,2026-09-05T19:20:58-07:00,2026-10-09T04:37:16-07:00,Rocanini,Brewed Coffee,"['Dry Process', 'new']","[{'id': 39236454023337, 'created_at': '2024-04-10T19:09:19-07:00', 'position': 1, 'updated_at': '2024-04-10T19:09:19-07:00', 'product_id': 9033887776937, 'variant_ids': [], 'src': 'https://cdn.shopify.com/s/files/1/0132/4532/files/pixlr-bg-result_1_ba4f75de-37ed-4010-b1d5-7070fb9be111.png?v=1712801359', 'width': 1440, 'height': 1920}, {'id': 39236454121641, 'created_at': '2024-04-10T19:09:19-07:00', 'position': 2, 'updated_at': '2024-04-10T19:09:19-07:00', 'product_id': 9033887776937, 'variant_ids': [], 'src': 'https://cdn.shopify.com/s/files/1/0132/4532/files/pixlr-bg-result_1_1_0bb8bbe1-25ff-41ef-917f-f8a126a35dab.png?v=1712801359', 'width': 1440, 'height': 1920}, {'id': 39236454154409, 'created_at': '2024-04-10T19:09:19-07:00', 'position': 3, 'updated_at': '2024-04-10T19:09:19-07:00', 'product_id': 9033887776937, 'variant_ids': [], 'src': 'https://cdn.shopify.com/s/files/1/0132/4532/files/pixlr-bg-result_2_1_ec301298-f769-4da9-94da-3f58521a5d66.png?v=1712801359', 'width': 1440, 'height': 1920}, {'id': 39236454187177, 'created_at': '2024-04-10T19:09:19-07:00', 'position': 4, 'updated_at': '2024-04-10T19:09:20-07:00', 'product_id': 9033887776937, 'variant_ids': [], 'src': 'https://cdn.shopify.com/s/files/1/0132/4532/files/pixlr-bg-result_3_1_ea9111e1-5b2a-4c43-93c8-611d858883c7.png?v=1712801360', 'width': 1440, 'height': 1920}]","[{'name': 'Title', 'position': 1, 'values': ['8oz / 225g', '2lb', '5lb']}]",https://www.rocanini.com/products/ethiopia-yirgacheffe-supernatural-banko-chelchele,,,,,,,,,,,
3,47423624642729,8oz / 225g,8oz / 225g,,,,True,False,,True,30.00,225,,1,9034051223721,2026-09-06T20:28:40-07:00,2026-10-09T04:37:16-07:00,9034051223721,Kenya Natural Ndiaini Factory Nyeri,kenya-natural-ndiaini-factory-nyeri,2026-09-10T05:54:43-07:00,2026-09-06T20:28:39-07:00,2026-10-09T04:37:16-07:00,Rocanini,Brewed Coffee,"['Dry Process', 'new']","[{'id': 39236454023337, 'created_at': '2024-04-10T19:09:19-07:00', 'position': 1, 'updated_at': '2024-04-10T19:09:19-07:00', 'product_id': 9034051223721, 'variant_ids': [], 'src': 'https://cdn.shopify.com/s/files/1/0132/4532/files/pixlr-bg-result_1_ba4f75de-37ed-4010-b1d5-7070fb9be111.png?v=1712801359', 'width': 1440, 'height': 1920}, {'id': 39236454121641, 'created_at': '2024-04-10T19:09:19-07:00', 'position': 2, 'updated_at': '2024-04-10T19:09:19-07:00', 'product_id': 9034051223721, 'variant_ids': [], 'src': 'https://cdn.shopify.com/s/files/1/0132/4532/files/pixlr-bg-result_1_1_0bb8bbe1-25ff-41ef-917f-f8a126a35dab.png?v=1712801359', 'width': 1440, 'height': 1920}, {'id': 39236454154409, 'created_at': '2024-04-10T19:09:19-07:00', 'position': 3, 'updated_at': '2024-04-10T19:09:19-07:00', 'product_id': 9034051223721, 'variant_ids': [], 'src': 'https://cdn.shopify.com/s/files/1/0132/4532/files/pixlr-bg-result_2_1_ec301298-f769-4da9-94da-3f58521a5d66.png?v=1712801359', 'width': 1440, 'height': 1920}, {'id': 39236454187177, 'created_at': '2024-04-10T19:09:19-07:00', 'position': 4, 'updated_at': '2024-04-10T19:09:20-07:00', 'product_id': 9034051223721, 'variant_ids': [], 'src': 'https://cdn.shopify.com/s/files/1/0132/4532/files/pixlr-bg-result_3_1_ea9111e1-5b2a-4c43-93c8-611d858883c7.png?v=1712801360', 'width': 1440, 'height': 1920}]","[{'name': 'Title', 'position': 1, 'values': ['8oz / 225g']}]",https://www.rocanini.com/products/kenya-natural-ndiaini-factory-nyeri,,,,,,,,,,,
4,47423817318569,8oz / 225g,8oz / 225g,,,,True,False,,True,22.00,225,,1,9034074849449,2026-09-06T20:56:33-07:00,2026-10-09T04:37:16-07:00,9034074849449,Ethiopia Sidamo Aleta Wendo Organic,ethiopia-sidamo-organic,2026-09-10T05:54:32-07:00,2026-09-06T20:56:33-07:00,2026-10-09T04:37:16-07:00,Rocanini,Brewed Coffee,"['Dry Process', 'new']","[{'id': 39236454023337, 'created_at': '2024-04-10T19:09:19-07:00', 'position': 1, 'updated_at': '2024-04-10T19:09:19-07:00', 'product_id': 9034074849449, 'variant_ids': [], 'src': 'https://cdn.shopify.com/s/files/1/0132/4532/files/pixlr-bg-result_1_ba4f75de-37ed-4010-b1d5-7070fb9be111.png?v=1712801359', 'width': 1440, 'height': 1920}, {'id': 39236454121641, 'created_at': '2024-04-10T19:09:19-07:00', 'position': 2, 'updated_at': '2024-04-10T19:09:19-07:00', 'product_id': 9034074849449, 'variant_ids': [], 'src': 'https://cdn.shopify.com/s/files/1/0132/4532/files/pixlr-bg-result_1_1_0bb8bbe1-25ff-41ef-917f-f8a126a35dab.png?v=1712801359', 'width': 1440, 'height': 1920}, {'id': 39236454154409, 'created_at': '2024-04-10T19:09:19-07:00', 'position': 3, 'updated_at': '2024-04-10T19:09:19-07:00', 'product_id': 9034074849449, 'variant_ids': [], 'src': 'https://cdn.shopify.com/s/files/1/0132/4532/files/pixlr-bg-result_2_1_ec301298-f769-4da9-94da-3f58521a5d66.png?v=1712801359', 'width': 1440, 'height': 1920}, {'id': 39236454187177, 'created_at': '2024-04-10T19:09:19-07:00', 'position': 4, 'updated_at': '2024-04-10T19:09:20-07:00', 'product_id': 9034074849449, 'variant_ids': [], 'src': 'https://cdn.shopify.com/s/files/1/0132/4532/files/pixlr-bg-result_3_1_ea9111e1-5b2a-4c43-93c8-611d858883c7.png?v=1712801360', 'width': 1440, 'height': 1920}]","[{'name': 'Title', 'position': 1, 'values': ['8oz / 225g', '2lb', '5lb']}]",https://www.rocanini.com/products/ethiopia-sidamo-organic,,,,,,,,,,,
5,47423817351337,2lb,2lb,,,,True,False,,True,88.00,910,,2,9034074849449,2026-09-06T20:56:33-07:00,2026-10-09T04:37:16-07:00,9034074849449,Ethiopia Sidamo Aleta Wendo Organic,ethiopia-sidamo-organic,2026-09-10T05:54:32-07:00,2026-09-06T20:56:33-07:00,2026-10-09T04:37:16-07:00,Rocanini,Brewed Coffee,"['Dry Process', 'new']","[{'id': 39236454023337, 'created_at': '2024-04-10T19:09:19-07:00', 'position': 1, 'updated_at': '2024-04-10T19:09:19-07:00', 'product_id': 9034074849449, 'variant_ids': [], 'src': 'https://cdn.shopify.com/s/files/1/0132/4532/files/pixlr-bg-result_1_ba4f75de-37ed-4010-b1d5-7070fb9be111.png?v=1712801359', 'width': 1440, 'height': 1920}, {'id': 39236454121641, 'created_at': '2024-04-10T19:09:19-07:00', 'position': 2, 'updated_at': '2024-04-10T19:09:19-07:00', 'product_id': 9034074849449, 'variant_ids': [], 'src': 'https://cdn.shopify.com/s/files/1/0132/4532/files/pixlr-bg-result_1_1_0bb8bbe1-25ff-41ef-917f-f8a126a35dab.png?v=1712801359', 'width': 1440, 'height': 1920}, {'id': 39236454154409, 'created_at': '2024-04-10T19:09:19-07:00', 'position': 3, 'updated_at': '2024-04-10T19:09:19-07:00', 'product_id': 9034074849449, 'variant_ids': [], 'src': 'https://cdn.shopify.com/s/files/1/0132/4532/files/pixlr-bg-result_2_1_ec301298-f769-4da9-94da-3f58521a5d66.png?v=1712801359', 'width': 1440, 'height': 1920}, {'id': 39236454187177, 'created_at': '2024-04-10T19:09:19-07:00', 'position': 4, 'updated_at': '2024-04-10T19:09:20-07:00', 'product_id': 9034074849449, 'variant_ids': [], 'src': 'https://cdn.shopify.com/s/files/1/0132/4532/files/pixlr-bg-result_3_1_ea9111e1-5b2a-4c43-93c8-611d858883c7.png?v=1712801360', 'width': 1440, 'height': 1920}]","[{'name': 'Title', 'position': 1, 'values': ['8oz / 225g', '2lb', '5lb']}]",https://www.rocanini.com/products/ethiopia-sidamo-organic,,,,,,,,,,,
6,47423817384105,5lb,5lb,,,,True,False,,True,190.00,2270,,3,9034074849449,2026-09-06T20:56:33-07:00,2026-10-09T04:37:16-07:00,9034074849449,Ethiopia Sidamo Aleta Wendo Organic,ethiopia-sidamo-organic,2026-09-10T05:54:32-07:00,2026-09-06T20:56:33-07:00,2026-10-09T04:37:16-07:00,Rocanini,Brewed Coffee,"['Dry Process', 'new']","[{'id': 39236454023337, 'created_at': '2024-04-10T19:09:19-07:00', 'position': 1, 'updated_at': '2024-04-10T19:09:19-07:00', 'product_id': 9034074849449, 'variant_ids': [], 'src': 'https://cdn.shopify.com/s/files/1/0132/4532/files/pixlr-bg-result_1_ba4f75de-37ed-4010-b1d5-7070fb9be111.png?v=1712801359', 'width': 1440, 'height': 1920}, {'id': 39236454121641, 'created_at': '2024-04-10T19:09:19-07:00', 'position': 2, 'updated_at': '2024-04-10T19:09:19-07:00', 'product_id': 9034074849449, 'variant_ids': [], 'src': 'https://cdn.shopify.com/s/files/1/0132/4532/files/pixlr-bg-result_1_1_0bb8bbe1-25ff-41ef-917f-f8a126a35dab.png?v=1712801359', 'width': 1440, 'height': 1920}, {'id': 39236454154409, 'created_at': '2024-04-10T19:09:19-07:00', 'position': 3, 'updated_at': '2024-04-10T19:09:19-07:00', 'product_id': 9034074849449, 'variant_ids': [], 'src': 'https://cdn.shopify.com/s/files/1/0132/4532/files/pixlr-bg-result_2_1_ec301298-f769-4da9-94da-3f58521a5d66.png?v=1712801359', 'width': 1440, 'height': 1920}, {'id': 39236454187177, 'created_at': '2024-04-10T19:09:19-07:00', 'position': 4, 'updated_at': '2024-04-10T19:09:20-07:00', 'product_id': 9034074849449, 'variant_ids': [], 'src': 'https://cdn.shopify.com/s/files/1/0132/4532/files/pixlr-bg-result_3_1_ea9111e1-5b2a-4c43-93c8-611d858883c7.png?v=1712801360', 'width': 1440, 'height': 1920}]","[{'name': 'Title', 'position': 1, 'values': ['8oz / 225g', '2lb', '5lb']}]",https://www.rocanini.com/products/ethiopia-sidamo-organic,,,,,,,,,,,
7,47391167643817,8oz / 225g,8oz / 225g,,,,True,False,,True,21.00,225,,1,9026294612137,2026-08-26T18:13:32-07:00,2026-10-09T04:37:16-07:00,9026294612137,Swiss Water Decaf Brazil Minas Gerais,swiss-water-decaf-brazil-minas-gerais,2026-08-26T18:20:11-07:00,2026-08-26T18:13:32-07:00,2026-10-09T04:37:16-07:00,Rocanini,Brewed Coffee,"['Decaf', 'new']","[{'id': 33408302416041, 'created_at': '2021-08-01T01:03:19-07:00', 'position': 1, 'updated_at': '2021-08-04T14:58:07-07:00', 'product_id': 9026294612137, 'variant_ids': [], 'src': 'https://cdn.shopify.com/s/files/1/0132/4532/products/pixlr-bg-result_1_63b9b4cf-7414-4cb3-b026-162a0ccf1db4.png?v=1628114287', 'width': 1440, 'height': 1920}, {'id': 33408302448809, 'created_at': '2021-08-01T01:03:19-07:00', 'position': 2, 'updated_at': '2021-08-04T14:58:09-07:00', 'product_id': 9026294612137, 'variant_ids': [], 'src': 'https://cdn.shopify.com/s/files/1/0132/4532/products/pixlr-bg-result_1_1_01b46520-c562-410e-a8d6-a1077031af57.png?v=1628114289', 'width': 1440, 'height': 1920}, {'id': 33408302481577, 'created_at': '2021-08-01T01:03:19-07:00', 'position': 3, 'updated_at': '2021-08-04T14:58:11-07:00', 'product_id': 9026294612137, 'variant_ids': [], 'src': 'https://cdn.shopify.com/s/files/1/0132/4532/products/pixlr-bg-result_2_1_e25ac86c-292e-4e33-b14f-770414530880.png?v=1628114291', 'width': 1440, 'height': 1920}, {'id': 33408302514345, 'created_at': '2021-08-01T01:03:19-07:00', 'position': 4, 'updated_at': '2021-08-04T14:58:13-07:00', 'product_id': 9026294612137, 'variant_ids': [], 'src': 'https://cdn.shopify.com/s/files/1/0132/4532/products/pixlr-bg-result_3_1_d17938fe-df2a-47fa-be4f-ec30cf8268af.png?v=1628114293', 'width': 1440, 'height': 1920}]","[{'name': 'Title', 'position': 1, 'values': ['8oz / 225g', '2lb / 908g', '5lb / 2270g']}]",https://www.rocanini.com/products/swiss-water-decaf-brazil-minas-gerais,,,,,,,,,,,
8,47391167676585,2lb / 908g,2lb / 908g,,,,True,False,,True,84.00,908,,2,9026294612137,2026-08-26T18:13:32-07:00,2026-10-09T04:37:16-07:00,9026294612137,Swiss Water Decaf Brazil Minas Gerais,swiss-water-decaf-brazil-minas-gerais,2026-08-26T18:20:11-07:00,2026-08-26T18:13:32-07:00,2026-10-09T04:37:16-07:00,Rocanini,Brewed Coffee,"['Decaf', 'new']","[{'id': 33408302416041, 'created_at': '2021-08-01T01:03:19-07:00', 'position': 1, 'updated_at': '2021-08-04T14:58:07-07:00', 'product_id': 9026294612137, 'variant_ids': [], 'src': 'https://cdn.shopify.com/s/files/1/0132/4532/products/pixlr-bg-result_1_63b9b4cf-7414-4cb3-b026-162a0ccf1db4.png?v=1628114287', 'width': 1440, 'height': 1920}, {'id': 33408302448809, 'created_at': '2021-08-01T01:03:19-07:00', 'position': 2, 'updated_at': '2021-08-04T14:58:09-07:00', 'product_id': 9026294612137, 'variant_ids': [], 'src': 'https://cdn.shopify.com/s/files/1/0132/4532/products/pixlr-bg-result_1_1_01b46520-c562-410e-a8d6-a1077031af57.png?v=1628114289', 'width': 1440, 'height': 1920}, {'id': 33408302481577, 'created_at': '2021-08-01T01:03:19-07:00', 'position': 3, 'updated_at': '2021-08-04T14:58:11-07:00', 'product_id': 9026294612137, 'variant_ids': [], 'src': 'https://cdn.shopify.com/s/files/1/0132/4532/products/pixlr-bg-result_2_1_e25ac86c-292e-4e33-b14f-770414530880.png?v=1628114291', 'width': 1440, 'height': 1920}, {'id': 33408302514345, 'created_at': '2021-08-01T01:03:19-07:00', 'position': 4, 'updated_at': '2021-08-04T14:58:13-07:00', 'product_id': 9026294612137, 'variant_ids': [], 'src': 'https://cdn.shopify.com/s/files/1/0132/4532/products/pixlr-bg-result_3_1_d17938fe-df2a-47fa-be4f-ec30cf8268af.png?v=1628114293', 'width': 1440, 'height': 1920}]","[{'name': 'Title', 'position': 1, 'values': ['8oz / 225g', '2lb / 908g', '5lb / 2270g']}]",https://www.rocanini.com/products/swiss-water-decaf-brazil-minas-gerais,,,,,,,,,,,
9,47391167709353,5lb / 2270g,5lb / 2270g,,,,True,False,,True,185.00,2270,,3,9026294612137,2026-08-26T18:13:32-07:00,2026-10-09T04:37:16-07:00,9026294612137,Swiss Water Decaf Brazil Minas Gerais,swiss-water-decaf-brazil-minas-gerais,2026-08-26T18:20:11-07:00,2026-08-26T18:13:32-07:00,2026-10-09T04:37:16-07:00,Rocanini,Brewed Coffee,"['Decaf', 'new']","[{'id': 33408302416041, 'created_at': '2021-08-01T01:03:19-07:00', 'position': 1, 'updated_at': '2021-08-04T14:58:07-07:00', 'product_id': 9026294612137, 'variant_ids': [], 'src': 'https://cdn.shopify.com/s/files/1/0132/4532/products/pixlr-bg-result_1_63b9b4cf-7414-4cb3-b026-162a0ccf1db4.png?v=1628114287', 'width': 1440, 'height': 1920}, {'id': 33408302448809, 'created_at': '2021-08-01T01:03:19-07:00', 'position': 2, 'updated_at': '2021-08-04T14:58:09-07:00', 'product_id': 9026294612137, 'variant_ids': [], 'src': 'https://cdn.shopify.com/s/files/1/0132/4532/products/pixlr-bg-result_1_1_01b46520-c562-410e-a8d6-a1077031af57.png?v=1628114289', 'width': 1440, 'height': 1920}, {'id': 33408302481577, 'created_at': '2021-08-01T01:03:19-07:00', 'position': 3, 'updated_at': '2021-08-04T14:58:11-07:00', 'product_id': 9026294612137, 'variant_ids': [], 'src': 'https://cdn.shopify.com/s/files/1/0132/4532/products/pixlr-bg-result_2_1_e25ac86c-292e-4e33-b14f-770414530880.png?v=1628114291', 'width': 1440, 'height': 1920}, {'id': 33408302514345, 'created_at': '2021-08-01T01:03:19-07:00', 'position': 4, 'updated_at': '2021-08-04T14:58:13-07:00', 'product_id': 9026294612137, 'variant_ids': [], 'src': 'https://cdn.shopify.com/s/files/1/0132/4532/products/pixlr-bg-result_3_1_d17938fe-df2a-47fa-be4f-ec30cf8268af.png?v=1628114293', 'width': 1440, 'height': 1920}]","[{'name': 'Title', 'position': 1, 'values': ['8oz / 225g', '2lb / 908g', '5lb / 2270g']}]",https://www.rocanini.com/products/swiss-water-decaf-brazil-minas-gerais,,,,,,,,,,,
10,47283527483561,8oz / 225g,8oz / 225g,,,,True,False,,True,22.00,225,,1,9002414342313,2026-07-23T06:36:42-07:00,2026-10-09T04:37:16-07:00,9002414342313,Ethiopia Yirgacheffe Supernatural Banko Gotiti,ethiopia-yirgacheffe-supernatural-banko-gotiti,2026-07-23T06:43:18-07:00,2026-07-23T06:36:42-07:00,2026-10-09T04:37:16-07:00,Rocanini,Brewed Coffee,"['Dry Process', 'new']","[{'id': 39236454023337, 'created_at': '2024-04-10T19:09:19-07:00', 'position': 1, 'updated_at': '2024-04-10T19:09:19-07:00', 'product_id': 9002414342313, 'variant_ids': [], 'src': 'https://cdn.shopify.com/s/files/1/0132/4532/files/pixlr-bg-result_1_ba4f75de-37ed-4010-b1d5-7070fb9be111.png?v=1712801359', 'width': 1440, 'height': 1920}, {'id': 39236454121641, 'created_at': '2024-04-10T19:09:19-07:00', 'position': 2, 'updated_at': '2024-04-10T19:09:19-07:00', 'product_id': 9002414342313, 'variant_ids': [], 'src': 'https://cdn.shopify.com/s/files/1/0132/4532/files/pixlr-bg-result_1_1_0bb8bbe1-25ff-41ef-917f-f8a126a35dab.png?v=1712801359', 'width': 1440, 'height': 1920}, {'id': 39236454154409, 'created_at': '2024-04-10T19:09:19-07:00', 'position': 3, 'updated_at': '2024-04-10T19:09:19-07:00', 'product_id': 9002414342313, 'variant_ids': [], 'src': 'https://cdn.shopify.com/s/files/1/0132/4532/files/pixlr-bg-result_2_1_ec301298-f769-4da9-94da-3f58521a5d66.png?v=1712801359', 'width': 1440, 'height': 1920}, {'id': 39236454187177, 'created_at': '2024-04-10T19:09:19-07:00', 'position': 4, 'updated_at': '2024-04-10T19:09:20-07:00', 'product_id': 9002414342313, 'variant_ids': [], 'src': 'https://cdn.shopify.com/s/files/1/0132/4532/files/pixlr-bg-result_3_1_ea9111e1-5b2a-4c43-93c8-611d858883c7.png?v=1712801360', 'width': 1440, 'height': 1920}]","[{'name': 'Title', 'position': 1, 'values': ['8oz / 225g', '2lb', '5lb']}]",https://www.rocanini.com/products/ethiopia-yirgacheffe-supernatural-banko-gotiti,,,,,,,,,,,
11,47283527516329,2lb,2lb,,,,True,False,,True,88.00,910,,2,9002414342313,2026-07-23T06:36:42-07:00,2026-10-09T04:37:16-07:00,9002414342313,Ethiopia Yirgacheffe Supernatural Banko Gotiti,ethiopia-yirgacheffe-supernatural-banko-gotiti,2026-07-23T06:43:18-07:00,2026-07-23T06:36:42-07:00,2026-10-09T04:37:16-07:00,Rocanini,Brewed Coffee,"['Dry Process', 'new']","[{'id': 39236454023337, 'created_at': '2024-04-10T19:09:19-07:00', 'position': 1, 'updated_at': '2024-04-10T19:09:19-07:00', 'product_id': 9002414342313, 'variant_ids': [], 'src': 'https://cdn.shopify.com/s/files/1/0132/4532/files/pixlr-bg-result_1_ba4f75de-37ed-4010-b1d5-7070fb9be111.png?v=1712801359', 'width': 1440, 'height': 1920}, {'id': 39236454121641, 'created_at': '2024-04-10T19:09:19-07:00', 'position': 2, 'updated_at': '2024-04-10T19:09:19-07:00', 'product_id': 9002414342313, 'variant_ids': [], 'src': 'https://cdn.shopify.com/s/files/1/0132/4532/files/pixlr-bg-result_1_1_0bb8bbe1-25ff-41ef-917f-f8a126a35dab.png?v=1712801359', 'width': 1440, 'height': 1920}, {'id': 39236454154409, 'created_at': '2024-04-10T19:09:19-07:00', 'position': 3, 'updated_at': '2024-04-10T19:09:19-07:00', 'product_id': 9002414342313, 'variant_ids': [], 'src': 'https://cdn.shopify.com/s/files/1/0132/4532/files/pixlr-bg-result_2_1_ec301298-f769-4da9-94da-3f58521a5d66.png?v=1712801359', 'width': 1440, 'height': 1920}, {'id': 39236454187177, 'created_at': '2024-04-10T19:09:19-07:00', 'position': 4, 'updated_at': '2024-04-10T19:09:20-07:00', 'product_id': 9002414342313, 'variant_ids': [], 'src': 'https://cdn.shopify.com/s/files/1/0132/4532/files/pixlr-bg-result_3_1_ea9111e1-5b2a-4c43-93c8-611d858883c7.png?v=1712801360', 'width': 1440, 'height': 1920}]","[{'name': 'Title', 'position': 1, 'values': ['8oz / 225g', '2lb', '5lb']}]",https://www.rocanini.com/products/ethiopia-yirgacheffe-supernatural-banko-gotiti,,,,,,,,,,,
12,47283527549097,5lb,5lb,,,,True,False,,True,190.00,2270,,3,9002414342313,2026-07-23T06:36:42-07:00,2026-10-09T04:37:16-07:00,9002414342313,Ethiopia Yirgacheffe Supernatural Banko Gotiti,ethiopia-yirgacheffe-supernatural-banko-gotiti,2026-07-23T06:43:18-07:00,2026-07-23T06:36:42-07:00,2026-10-09T04:37:16-07:00,Rocanini,Brewed Coffee,"['Dry Process', 'new']","[{'id': 39236454023337, 'created_at': '2024-04-10T19:09:19-07:00', 'position': 1, 'updated_at': '2024-04-10T19:09:19-07:00', 'product_id': 9002414342313, 'variant_ids': [], 'src': 'https://cdn.shopify.com/s/files/1/0132/4532/files/pixlr-bg-result_1_ba4f75de-37ed-4010-b1d5-7070fb9be111.png?v=1712801359', 'width': 1440, 'height': 1920}, {'id': 39236454121641, 'created_at': '2024-04-10T19:09:19-07:00', 'position': 2, 'updated_at': '2024-04-10T19:09:19-07:00', 'product_id': 9002414342313, 'variant_ids': [], 'src': 'https://cdn.shopify.com/s/files/1/0132/4532/files/pixlr-bg-result_1_1_0bb8bbe1-25ff-41ef-917f-f8a126a35dab.png?v=1712801359', 'width': 1440, 'height': 1920}, {'id': 39236454154409, 'created_at': '2024-04-10T19:09:19-07:00', 'position': 3, 'updated_at': '2024-04-10T19:09:19-07:00', 'product_id': 9002414342313, 'variant_ids': [], 'src': 'https://cdn.shopify.com/s/files/1/0132/4532/files/pixlr-bg-result_2_1_ec301298-f769-4da9-94da-3f58521a5d66.png?v=1712801359', 'width': 1440, 'height': 1920}, {'id': 39236454187177, 'created_at': '2024-04-10T19:09:19-07:00', 'position': 4, 'updated_at': '2024-04-10T19:09:20-07:00', 'product_id': 9002414342313, 'variant_ids': [], 'src': 'https://cdn.shopify.com/s/files/1/0132/4532/files/pixlr-bg-result_3_1_ea9111e1-5b2a-4c43-93c8-611d858883c7.png?v=1712801360', 'width': 1440, 'height': 1920}]","[{'name': 'Title', 'position': 1, 'values': ['8oz / 225g', '2lb', '5lb']}]",https://www.rocanini.com/products/ethiopia-yirgacheffe-supernatural-banko-gotiti,,,,,,,,,,,
13,44678682312873,8oz / 225g,8oz / 225g,,,,True,False,,True,21.00,225,,1,8274763579561,2024-09-18T07:50:32-07:00,2026-10-09T04:37:16-07:00,8274763579561,Ethiopia Sidama SOE,ethiopia-sidama-soe,2026-07-23T06:33:33-07:00,2024-09-18T07:50:32-07:00,2026-10-09T04:37:16-07:00,Rocanini,Espresso,"['Dry Process', 'new']","[{'id': 39236454023337, 'created_at': '2024-04-10T19:09:19-07:00', 'position': 1, 'updated_at': '2024-04-10T19:09:19-07:00', 'product_id': 8274763579561, 'variant_ids': [], 'src': 'https://cdn.shopify.com/s/files/1/0132/4532/files/pixlr-bg-result_1_ba4f75de-37ed-4010-b1d5-7070fb9be111.png?v=1712801359', 'width': 1440, 'height': 1920}, {'id': 39236454121641, 'created_at': '2024-04-10T19:09:19-07:00', 'position': 2, 'updated_at': '2024-04-10T19:09:19-07:00', 'product_id': 8274763579561, 'variant_ids': [], 'src': 'https://cdn.shopify.com/s/files/1/0132/4532/files/pixlr-bg-result_1_1_0bb8bbe1-25ff-41ef-917f-f8a126a35dab.png?v=1712801359', 'width': 1440, 'height': 1920}, {'id': 39236454154409, 'created_at': '2024-04-10T19:09:19-07:00', 'position': 3, 'updated_at': '2024-04-10T19:09:19-07:00', 'product_id': 8274763579561, 'variant_ids': [], 'src': 'https://cdn.shopify.com/s/files/1/0132/4532/files/pixlr-bg-result_2_1_ec301298-f769-4da9-94da-3f58521a5d66.png?v=1712801359', 'width': 1440, 'height': 1920}, {'id': 39236454187177, 'created_at': '2024-04-10T19:09:19-07:00', 'position': 4, 'updated_at': '2024-04-10T19:09:20-07:00', 'product_id': 8274763579561, 'variant_ids': [], 'src': 'https://cdn.shopify.com/s/files/1/0132/4532/files/pixlr-bg-result_3_1_ea9111e1-5b2a-4c43-93c8-611d858883c7.png?v=1712801360', 'width': 1440, 'height': 1920}]","[{'name': 'Title', 'position': 1, 'values': ['8oz / 225g', '2lb', '5lb']}]",https://www.rocanini.com/products/ethiopia-sidama-soe,,,,,,,,,,,
14,44678682345641,2lb,2lb,,,,True,False,,True,84.00,910,,2,8274763579561,2024-09-18T07:50:32-07:00,2026-10-09T04:37:16-07:00,8274763579561,Ethiopia Sidama SOE,ethiopia-sidama-soe,2026-07-23T06:33:33-07:00,2024-09-18T07:50:32-07:00,2026-10-09T04:37:16-07:00,Rocanini,Espresso,"['Dry Process', 'new']","[{'id': 39236454023337, 'created_at': '2024-04-10T19:09:19-07:00', 'position': 1, 'updated_at': '2024-04-10T19:09:19-07:00', 'product_id': 8274763579561, 'variant_ids': [], 'src': 'https://cdn.shopify.com/s/files/1/0132/4532/files/pixlr-bg-result_1_ba4f75de-37ed-4010-b1d5-7070fb9be111.png?v=1712801359', 'width': 1440, 'height': 1920}, {'id': 39236454121641, 'created_at': '2024-04-10T19:09:19-07:00', 'position': 2, 'updated_at': '2024-04-10T19:09:19-07:00', 'product_id': 8274763579561, 'variant_ids': [], 'src': 'https://cdn.shopify.com/s/files/1/0132/4532/files/pixlr-bg-result_1_1_0bb8bbe1-25ff-41ef-917f-f8a126a35dab.png?v=1712801359', 'width': 1440, 'height': 1920}, {'id': 39236454154409, 'created_at': '2024-04-10T19:09:19-07:00', 'position': 3, 'updated_at': '2024-04-10T19:09:19-07:00', 'product_id': 8274763579561, 'variant_ids': [], 'src': 'https://cdn.shopify.com/s/files/1/0132/4532/files/pixlr-bg-result_2_1_ec301298-f769-4da9-94da-3f58521a5d66.png?v=1712801359', 'width': 1440, 'height': 1920}, {'id': 39236454187177, 'created_at': '2024-04-10T19:09:19-07:00', 'position': 4, 'updated_at': '2024-04-10T19:09:20-07:00', 'product_id': 8274763579561, 'variant_ids': [], 'src': 'https://cdn.shopify.com/s/files/1/0132/4532/files/pixlr-bg-result_3_1_ea9111e1-5b2a-4c43-93c8-611d858883c7.png?v=1712801360', 'width': 1440, 'height': 1920}]","[{'name': 'Title', 'position': 1, 'values': ['8oz / 225g', '2lb', '5lb']}]",https://www.rocanini.com/products/ethiopia-sidama-soe,,,,,,,,,,,
15,44678682378409,5lb,5lb,,,,True,False,,True,185.00,2270,,3,8274763579561,2024-09-18T07:50:32-07:00,2026-10-09T04:37:16-07:00,8274763579561,Ethiopia Sidama SOE,ethiopia-sidama-soe,2026-07-23T06:33:33-07:00,2024-09-18T07:50:32-07:00,2026-10-09T04:37:16-07:00,Rocanini,Espresso,"['Dry Process', 'new']","[{'id': 39236454023337, 'created_at': '2024-04-10T19:09:19-07:00', 'position': 1, 'updated_at': '2024-04-10T19:09:19-07:00', 'product_id': 8274763579561, 'variant_ids': [], 'src': 'https://cdn.shopify.com/s/files/1/0132/4532/files/pixlr-bg-result_1_ba4f75de-37ed-4010-b1d5-7070fb9be111.png?v=1712801359', 'width': 1440, 'height': 1920}, {'id': 39236454121641, 'created_at': '2024-04-10T19:09:19-07:00', 'position': 2, 'updated_at': '2024-04-10T19:09:19-07:00', 'product_id': 8274763579561, 'variant_ids': [], 'src': 'https://cdn.shopify.com/s/files/1/0132/4532/files/pixlr-bg-result_1_1_0bb8bbe1-25ff-41ef-917f-f8a126a35dab.png?v=1712801359', 'width': 1440, 'height': 1920}, {'id': 39236454154409, 'created_at': '2024-04-10T19:09:19-07:00', 'position': 3, 'updated_at': '2024-04-10T19:09:19-07:00', 'product_id': 8274763579561, 'variant_ids': [], 'src': 'https://cdn.shopify.com/s/files/1/0132/4532/files/pixlr-bg-result_2_1_ec301298-f769-4da9-94da-3f58521a5d66.png?v=1712801359', 'width': 1440, 'height': 1920}, {'id': 39236454187177, 'created_at': '2024-04-10T19:09:19-07:00', 'position': 4, 'updated_at': '2024-04-10T19:09:20-07:00', 'product_id': 8274763579561, 'variant_ids': [], 'src': 'https://cdn.shopify.com/s/files/1/0132/4532/files/pixlr-bg-result_3_1_ea9111e1-5b2a-4c43-93c8-611d858883c7.png?v=1712801360', 'width': 1440, 'height': 1920}]","[{'name': 'Title', 'position': 1, 'values': ['8oz / 225g', '2lb', '5lb']}]",https://www.rocanini.com/products/ethiopia-sidama-soe,,,,,,,,,,,
16,47196905013417,8oz / 225g,8oz / 225g,,,,True,False,,True,21.00,225,,1,8976763814057,2026-06-15T13:33:33-07:00,2026-10-09T04:37:16-07:00,8976763814057,Brazil Beneficio Pedra Blanca,brazil-beneficio-pedra-blanca,2026-06-15T13:38:14-07:00,2026-06-15T13:33:33-07:00,2026-10-09T04:37:16-07:00,Rocanini,Brewed Coffee,"['Dry Process', 'new']","[{'id': 39236454023337, 'created_at': '2024-04-10T19:09:19-07:00', 'position': 1, 'updated_at': '2024-04-10T19:09:19-07:00', 'product_id': 8976763814057, 'variant_ids': [], 'src': 'https://cdn.shopify.com/s/files/1/0132/4532/files/pixlr-bg-result_1_ba4f75de-37ed-4010-b1d5-7070fb9be111.png?v=1712801359', 'width': 1440, 'height': 1920}, {'id': 39236454121641, 'created_at': '2024-04-10T19:09:19-07:00', 'position': 2, 'updated_at': '2024-04-10T19:09:19-07:00', 'product_id': 8976763814057, 'variant_ids': [], 'src': 'https://cdn.shopify.com/s/files/1/0132/4532/files/pixlr-bg-result_1_1_0bb8bbe1-25ff-41ef-917f-f8a126a35dab.png?v=1712801359', 'width': 1440, 'height': 1920}, {'id': 39236454154409, 'created_at': '2024-04-10T19:09:19-07:00', 'position': 3, 'updated_at': '2024-04-10T19:09:19-07:00', 'product_id': 8976763814057, 'variant_ids': [], 'src': 'https://cdn.shopify.com/s/files/1/0132/4532/files/pixlr-bg-result_2_1_ec301298-f769-4da9-94da-3f58521a5d66.png?v=1712801359', 'width': 1440, 'height': 1920}, {'id': 39236454187177, 'created_at': '2024-04-10T19:09:19-07:00', 'position': 4, 'updated_at': '2024-04-10T19:09:20-07:00', 'product_id': 8976763814057, 'variant_ids': [], 'src': 'https://cdn.shopify.com/s/files/1/0132/4532/files/pixlr-bg-result_3_1_ea9111e1-5b2a-4c43-93c8-611d858883c7.png?v=1712801360', 'width': 1440, 'height': 1920}]","[{'name': 'Title', 'position': 1, 'values': ['8oz / 225g', '2lb', '5lb']}]",https://www.rocanini.com/products/brazil-beneficio-pedra-blanca,,,,,,,,,,,
17,47196905046185,2lb,2lb,,,,True,False,,True,84.00,910,,2,8976763814057,2026-06-15T13:33:33-07:00,2026-10-09T04:37:16-07:00,8976763814057,Brazil Beneficio Pedra Blanca,brazil-beneficio-pedra-blanca,2026-06-15T13:38:14-07:00,2026-06-15T13:33:33-07:00,2026-10-09T04:37:16-07:00,Rocanini,Brewed Coffee,"['Dry Process', 'new']","[{'id': 39236454023337, 'created_at': '2024-04-10T19:09:19-07:00', 'position': 1, 'updated_at': '2024-04-10T19:09:19-07:00', 'product_id': 8976763814057, 'variant_ids': [], 'src': 'https://cdn.shopify.com/s/files/1/0132/4532/files/pixlr-bg-result_1_ba4f75de-37ed-4010-b1d5-7070fb9be111.png?v=1712801359', 'width': 1440, 'height': 1920}, {'id': 39236454121641, 'created_at': '2024-04-10T19:09:19-07:00', 'position': 2, 'updated_at': '2024-04-10T19:09:19-07:00', 'product_id': 8976763814057, 'variant_ids': [], 'src': 'https://cdn.shopify.com/s/files/1/0132/4532/files/pixlr-bg-result_1_1_0bb8bbe1-25ff-41ef-917f-f8a126a35dab.png?v=1712801359', 'width': 1440, 'height': 1920}, {'id': 39236454154409, 'created_at': '2024-04-10T19:09:19-07:00', 'position': 3, 'updated_at': '2024-04-10T19:09:19-07:00', 'product_id': 8976763814057, 'variant_ids': [], 'src': 'https://cdn.shopify.com/s/files/1/0132/4532/files/pixlr-bg-result_2_1_ec301298-f769-4da9-94da-3f58521a5d66.png?v=1712801359', 'width': 1440, 'height': 1920}, {'id': 39236454187177, 'created_at': '2024-04-10T19:09:19-07:00', 'position': 4, 'updated_at': '2024-04-10T19:09:20-07:00', 'product_id': 8976763814057, 'variant_ids': [], 'src': 'https://cdn.shopify.com/s/files/1/0132/4532/files/pixlr-bg-result_3_1_ea9111e1-5b2a-4c43-93c8-611d858883c7.png?v=1712801360', 'width': 1440, 'height': 1920}]","[{'name': 'Title', 'position': 1, 'values': ['8oz / 225g', '2lb', '5lb']}]",https://www.rocanini.com/products/brazil-beneficio-pedra-blanca,,,,,,,,,,,
18,47196905078953,5lb,5lb,,,,True,False,,True,185.00,2270,,3,8976763814057,2026-06-15T13:33:33-07:00,2026-10-09T04:37:16-07:00,8976763814057,Brazil Beneficio Pedra Blanca,brazil-beneficio-pedra-blanca,2026-06-15T13:38:14-07:00,2026-06-15T13:33:33-07:00,2026-10-09T04:37:16-07:00,Rocanini,Brewed Coffee,"['Dry Process', 'new']","[{'id': 39236454023337, 'created_at': '2024-04-10T19:09:19-07:00', 'position': 1, 'updated_at': '2024-04-10T19:09:19-07:00', 'product_id': 8976763814057, 'variant_ids': [], 'src': 'https://cdn.shopify.com/s/files/1/0132/4532/files/pixlr-bg-result_1_ba4f75de-37ed-4010-b1d5-7070fb9be111.png?v=1712801359', 'width': 1440, 'height': 1920}, {'id': 39236454121641, 'created_at': '2024-04-10T19:09:19-07:00', 'position': 2, 'updated_at': '2024-04-10T19:09:19-07:00', 'product_id': 8976763814057, 'variant_ids': [], 'src': 'https://cdn.shopify.com/s/files/1/0132/4532/files/pixlr-bg-result_1_1_0bb8bbe1-25ff-41ef-917f-f8a126a35dab.png?v=1712801359', 'width': 1440, 'height': 1920}, {'id': 39236454154409, 'created_at': '2024-04-10T19:09:19-07:00', 'position': 3, 'updated_at': '2024-04-10T19:09:19-07:00', 'product_id': 8976763814057, 'variant_ids': [], 'src': 'https://cdn.shopify.com/s/files/1/0132/4532/files/pixlr-bg-result_2_1_ec301298-f769-4da9-94da-3f58521a5d66.png?v=1712801359', 'width': 1440, 'height': 1920}, {'id': 39236454187177, 'created_at': '2024-04-10T19:09:19-07:00', 'position': 4, 'updated_at': '2024-04-10T19:09:20-07:00', 'product_id': 8976763814057, 'variant_ids': [], 'src': 'https://cdn.shopify.com/s/files/1/0132/4532/files/pixlr-bg-result_3_1_ea9111e1-5b2a-4c43-93c8-611d858883c7.png?v=1712801360', 'width': 1440, 'height': 1920}]","[{'name': 'Title', 'position': 1, 'values': ['8oz / 225g', '2lb', '5lb']}]",https://www.rocanini.com/products/brazil-beneficio-pedra-blanca,,,,,,,,,,,
19,32807432454284,$10.00 CAD,$10.00 CAD,,,,False,False,,True,10.00,0,,1,4717103349900,2020-03-21T08:22:18-07:00,2026-10-09T04:37:16-07:00,4717103349900,Gift Card - digital card for Online Store,gift-card,2026-05-21T07:16:08-07:00,2020-03-21T08:22:17-07:00,2026-10-09T04:37:16-07:00,Rocanini Coffee Roasters,Gift Card,[],"[{'id': 15171021308044, 'created_at': '2020-03-21T08:22:18-07:00', 'position': 1, 'updated_at': '2021-04-15T19:41:20-07:00', 'product_id': 4717103349900, 'variant_ids': [], 'src': 'https://cdn.shopify.com/s/files/1/0132/4532/products/e38bd83af578077b65a31424bd24d085.png?v=1618540880', 'width': 949, 'height': 566}]","[{'name': 'Title', 'position': 1, 'values': ['$10.00 CAD', '$25.00 CAD', '$50.00 CAD', '$100.00 CAD']}]",https://www.rocanini.com/products/gift-card,,,,,,,,,,,
20,32807432487052,$25.00 CAD,$25.00 CAD,,,,False,False,,True,25.00,0,,2,4717103349900,2020-03-21T08:22:18-07:00,2026-10-09T04:37:16-07:00,4717103349900,Gift Card - digital card for Online Store,gift-card,2026-05-21T07:16:08-07:00,2020-03-21T08:22:17-07:00,2026-10-09T04:37:16-07:00,Rocanini Coffee Roasters,Gift Card,[],"[{'id': 15171021308044, 'created_at': '2020-03-21T08:22:18-07:00', 'position': 1, 'updated_at': '2021-04-15T19:41:20-07:00', 'product_id': 4717103349900, 'variant_ids': [], 'src': 'https://cdn.shopify.com/s/files/1/0132/4532/products/e38bd83af578077b65a31424bd24d085.png?v=1618540880', 'width': 949, 'height': 566}]","[{'name': 'Title', 'position': 1, 'values': ['$10.00 CAD', '$25.00 CAD', '$50.00 CAD', '$100.00 CAD']}]",https://www.rocanini.com/products/gift-card,,,,,,,,,,,
21,32807432519820,$50.00 CAD,$50.00 CAD,,,,False,False,,True,50.00,0,,3,4717103349900,2020-03-21T08:22:18-07:00,2026-10-09T04:37:16-07:00,4717103349900,Gift Card - digital card for Online Store,gift-card,2026-05-21T07:16:08-07:00,2020-03-21T08:22:17-07:00,2026-10-09T04:37:16-07:00,Rocanini Coffee Roasters,Gift Card,[],"[{'id': 15171021308044, 'created_at': '2020-03-21T08:22:18-07:00', 'position': 1, 'updated_at': '2021-04-15T19:41:20-07:00', 'product_id': 4717103349900, 'variant_ids': [], 'src': 'https://cdn.shopify.com/s/files/1/0132/4532/products/e38bd83af578077b65a31424bd24d085.png?v=1618540880', 'width': 949, 'height': 566}]","[{'name': 'Title', 'position': 1, 'values': ['$10.00 CAD', '$25.00 CAD', '$50.00 CAD', '$100.00 CAD']}]",https://www.rocanini.com/products/gift-card,,,,,,,,,,,
22,32807432552588,$100.00 CAD,$100.00 CAD,,,,False,False,,True,100.00,0,,4,4717103349900,2020-03-21T08:22:18-07:00,2026-10-09T04:37:16-07:00,4717103349900,Gift Card - digital card for Online Store,gift-card,2026-05-21T07:16:08-07:00,2020-03-21T08:22:17-07:00,2026-10-09T04:37:16-07:00,Rocanini Coffee Roasters,Gift Card,[],"[{'id': 15171021308044, 'created_at': '2020-03-21T08:22:18-07:00', 'position': 1, 'updated_at': '2021-04-15T19:41:20-07:00', 'product_id': 4717103349900, 'variant_ids': [], 'src': 'https://cdn.shopify.com/s/files/1/0132/4532/products/e38bd83af578077b65a31424bd24d085.png?v=1618540880', 'width': 949, 'height': 566}]","[{'name': 'Title', 'position': 1, 'values': ['$10.00 CAD', '$25.00 CAD', '$50.00 CAD', '$100.00 CAD']}]",https://www.rocanini.com/products/gift-card,,,,,,,,,,,
23,47109958303913,8oz / 225g,8oz / 225g,,,,True,False,,True,21.00,225,,1,8959210029225,2026-05-20T08:41:26-07:00,2026-10-09T04:37:16-07:00,8959210029225,Honduras Cafe de Marcala APROCOMSA SHG EP FT Organic,honduras-cafe-de-marcala-aprocomsa-shg-ep-ft-organic,2026-05-20T08:44:07-07:00,2026-05-20T08:41:25-07:00,2026-10-09T04:37:16-07:00,Rocanini,Brewed Coffee,"['Dry Process', 'new']","[{'id': 39236454023337, 'created_at': '2024-04-10T19:09:19-07:00', 'position': 1, 'updated_at': '2024-04-10T19:09:19-07:00', 'product_id': 8959210029225, 'variant_ids': [], 'src': 'https://cdn.shopify.com/s/files/1/0132/4532/files/pixlr-bg-result_1_ba4f75de-37ed-4010-b1d5-7070fb9be111.png?v=1712801359', 'width': 1440, 'height': 1920}, {'id': 39236454121641, 'created_at': '2024-04-10T19:09:19-07:00', 'position': 2, 'updated_at': '2024-04-10T19:09:19-07:00', 'product_id': 8959210029225, 'variant_ids': [], 'src': 'https://cdn.shopify.com/s/files/1/0132/4532/files/pixlr-bg-result_1_1_0bb8bbe1-25ff-41ef-917f-f8a126a35dab.png?v=1712801359', 'width': 1440, 'height': 1920}, {'id': 39236454154409, 'created_at': '2024-04-10T19:09:19-07:00', 'position': 3, 'updated_at': '2024-04-10T19:09:19-07:00', 'product_id': 8959210029225, 'variant_ids': [], 'src': 'https://cdn.shopify.com/s/files/1/0132/4532/files/pixlr-bg-result_2_1_ec301298-f769-4da9-94da-3f58521a5d66.png?v=1712801359', 'width': 1440, 'height': 1920}, {'id': 39236454187177, 'created_at': '2024-04-10T19:09:19-07:00', 'position': 4, 'updated_at': '2024-04-10T19:09:20-07:00', 'product_id': 8959210029225, 'variant_ids': [], 'src': 'https://cdn.shopify.com/s/files/1/0132/4532/files/pixlr-bg-result_3_1_ea9111e1-5b2a-4c43-93c8-611d858883c7.png?v=1712801360', 'width': 1440, 'height': 1920}]","[{'name': 'Title', 'position': 1, 'values': ['8oz / 225g', '2lb', '5lb']}]",https://www.rocanini.com/products/honduras-cafe-de-marcala-aprocomsa-shg-ep-ft-organic,,,,,,,,,,,
24,47109958336681,2lb,2lb,,,,True,False,,True,84.00,910,,2,8959210029225,2026-05-20T08:41:26-07:00,2026-10-09T04:37:16-07:00,8959210029225,Honduras Cafe de Marcala APROCOMSA SHG EP FT Organic,honduras-cafe-de-marcala-aprocomsa-shg-ep-ft-organic,2026-05-20T08:44:07-07:00,2026-05-20T08:41:25-07:00,2026-10-09T04:37:16-07:00,Rocanini,Brewed Coffee,"['Dry Process', 'new']","[{'id': 39236454023337, 'created_at': '2024-04-10T19:09:19-07:00', 'position': 1, 'updated_at': '2024-04-10T19:09:19-07:00', 'product_id': 8959210029225, 'variant_ids': [], 'src': 'https://cdn.shopify.com/s/files/1/0132/4532/files/pixlr-bg-result_1_ba4f75de-37ed-4010-b1d5-7070fb9be111.png?v=1712801359', 'width': 1440, 'height': 1920}, {'id': 39236454121641, 'created_at': '2024-04-10T19:09:19-07:00', 'position': 2, 'updated_at': '2024-04-10T19:09:19-07:00', 'product_id': 8959210029225, 'variant_ids': [], 'src': 'https://cdn.shopify.com/s/files/1/0132/4532/files/pixlr-bg-result_1_1_0bb8bbe1-25ff-41ef-917f-f8a126a35dab.png?v=1712801359', 'width': 1440, 'height': 1920}, {'id': 39236454154409, 'created_at': '2024-04-10T19:09:19-07:00', 'position': 3, 'updated_at': '2024-04-10T19:09:19-07:00', 'product_id': 8959210029225, 'variant_ids': [], 'src': 'https://cdn.shopify.com/s/files/1/0132/4532/files/pixlr-bg-result_2_1_ec301298-f769-4da9-94da-3f58521a5d66.png?v=1712801359', 'width': 1440, 'height': 1920}, {'id': 39236454187177, 'created_at': '2024-04-10T19:09:19-07:00', 'position': 4, 'updated_at': '2024-04-10T19:09:20-07:00', 'product_id': 8959210029225, 'variant_ids': [], 'src': 'https://cdn.shopify.com/s/files/1/0132/4532/files/pixlr-bg-result_3_1_ea9111e1-5b2a-4c43-93c8-611d858883c7.png?v=1712801360', 'width': 1440, 'height': 1920}]","[{'name': 'Title', 'position': 1, 'values': ['8oz / 225g', '2lb', '5lb']}]",https://www.rocanini.com/products/honduras-cafe-de-marcala-aprocomsa-shg-ep-ft-organic,,,,,,,,,,,
25,47109958369449,5lb,5lb,,,,True,False,,True,185.00,2270,,3,8959210029225,2026-05-20T08:41:26-07:00,2026-10-09T04:37:16-07:00,8959210029225,Honduras Cafe de Marcala APROCOMSA SHG EP FT Organic,honduras-cafe-de-marcala-aprocomsa-shg-ep-ft-organic,2026-05-20T08:44:07-07:00,2026-05-20T08:41:25-07:00,2026-10-09T04:37:16-07:00,Rocanini,Brewed Coffee,"['Dry Process', 'new']","[{'id': 39236454023337, 'created_at': '2024-04-10T19:09:19-07:00', 'position': 1, 'updated_at': '2024-04-10T19:09:19-07:00', 'product_id': 8959210029225, 'variant_ids': [], 'src': 'https://cdn.shopify.com/s/files/1/0132/4532/files/pixlr-bg-result_1_ba4f75de-37ed-4010-b1d5-7070fb9be111.png?v=1712801359', 'width': 1440, 'height': 1920}, {'id': 39236454121641, 'created_at': '2024-04-10T19:09:19-07:00', 'position': 2, 'updated_at': '2024-04-10T19:09:19-07:00', 'product_id': 8959210029225, 'variant_ids': [], 'src': 'https://cdn.shopify.com/s/files/1/0132/4532/files/pixlr-bg-result_1_1_0bb8bbe1-25ff-41ef-917f-f8a126a35dab.png?v=1712801359', 'width': 1440, 'height': 1920}, {'id': 39236454154409, 'created_at': '2024-04-10T19:09:19-07:00', 'position': 3, 'updated_at': '2024-04-10T19:09:19-07:00', 'product_id': 8959210029225, 'variant_ids': [], 'src': 'https://cdn.shopify.com/s/files/1/0132/4532/files/pixlr-bg-result_2_1_ec301298-f769-4da9-94da-3f58521a5d66.png?v=1712801359', 'width': 1440, 'height': 1920}, {'id': 39236454187177, 'created_at': '2024-04-10T19:09:19-07:00', 'position': 4, 'updated_at': '2024-04-10T19:09:20-07:00', 'product_id': 8959210029225, 'variant_ids': [], 'src': 'https://cdn.shopify.com/s/files/1/0132/4532/files/pixlr-bg-result_3_1_ea9111e1-5b2a-4c43-93c8-611d858883c7.png?v=1712801360', 'width': 1440, 'height': 1920}]","[{'name': 'Title', 'position': 1, 'values': ['8oz / 225g', '2lb', '5lb']}]",https://www.rocanini.com/products/honduras-cafe-de-marcala-aprocomsa-shg-ep-ft-organic,,,,,,,,,,,
26,47051317412009,8oz / 225g,8oz / 225g,,,,True,False,,True,21.00,225,,1,8944544022697,2026-04-29T15:17:46-07:00,2026-10-09T04:37:16-07:00,8944544022697,Mexico Oaxaca Pluma Juquila,mexico-oaxaca-pluma-juquila,2026-04-29T15:20:24-07:00,2026-04-29T15:17:45-07:00,2026-10-09T04:37:16-07:00,Rocanini,Brewed Coffee,['new'],"[{'id': 33408302416041, 'created_at': '2021-08-01T01:03:19-07:00', 'position': 1, 'updated_at': '2021-08-04T14:58:07-07:00', 'product_id': 8944544022697, 'variant_ids': [], 'src': 'https://cdn.shopify.com/s/files/1/0132/4532/products/pixlr-bg-result_1_63b9b4cf-7414-4cb3-b026-162a0ccf1db4.png?v=1628114287', 'width': 1440, 'height': 1920}, {'id': 33408302448809, 'created_at': '2021-08-01T01:03:19-07:00', 'position': 2, 'updated_at': '2021-08-04T14:58:09-07:00', 'product_id': 8944544022697, 'variant_ids': [], 'src': 'https://cdn.shopify.com/s/files/1/0132/4532/products/pixlr-bg-result_1_1_01b46520-c562-410e-a8d6-a1077031af57.png?v=1628114289', 'width': 1440, 'height': 1920}, {'id': 33408302481577, 'created_at': '2021-08-01T01:03:19-07:00', 'position': 3, 'updated_at': '2021-08-04T14:58:11-07:00', 'product_id': 8944544022697, 'variant_ids': [], 'src': 'https://cdn.shopify.com/s/files/1/0132/4532/products/pixlr-bg-result_2_1_e25ac86c-292e-4e33-b14f-770414530880.png?v=1628114291', 'width': 1440, 'height': 1920}, {'id': 33408302514345, 'created_at': '2021-08-01T01:03:19-07:00', 'position': 4, 'updated_at': '2021-08-04T14:58:13-07:00', 'product_id': 8944544022697, 'variant_ids': [], 'src': 'https://cdn.shopify.com/s/files/1/0132/4532/products/pixlr-bg-result_3_1_d17938fe-df2a-47fa-be4f-ec30cf8268af.png?v=1628114293', 'width': 1440, 'height': 1920}]","[{'name': 'Title', 'position': 1, 'values': ['8oz / 225g', '2lb / 908g', '5lb / 2270g']}]",https://www.rocanini.com/products/mexico-oaxaca-pluma-juquila,,,,,,,,,,,
27,47051317444777,2lb / 908g,2lb / 908g,,,,True,False,,True,84.00,908,,2,8944544022697,2026-04-29T15:17:46-07:00,2026-10-09T04:37:16-07:00,8944544022697,Mexico Oaxaca Pluma Juquila,mexico-oaxaca-pluma-juquila,2026-04-29T15:20:24-07:00,2026-04-29T15:17:45-07:00,2026-10-09T04:37:16-07:00,Rocanini,Brewed Coffee,['new'],"[{'id': 33408302416041, 'created_at': '2021-08-01T01:03:19-07:00', 'position': 1, 'updated_at': '2021-08-04T14:58:07-07:00', 'product_id': 8944544022697, 'variant_ids': [], 'src': 'https://cdn.shopify.com/s/files/1/0132/4532/products/pixlr-bg-result_1_63b9b4cf-7414-4cb3-b026-162a0ccf1db4.png?v=1628114287', 'width': 1440, 'height': 1920}, {'id': 33408302448809, 'created_at': '2021-08-01T01:03:19-07:00', 'position': 2, 'updated_at': '2021-08-04T14:58:09-07:00', 'product_id': 8944544022697, 'variant_ids': [], 'src': 'https://cdn.shopify.com/s/files/1/0132/4532/products/pixlr-bg-result_1_1_01b46520-c562-410e-a8d6-a1077031af57.png?v=1628114289', 'width': 1440, 'height': 1920}, {'id': 33408302481577, 'created_at': '2021-08-01T01:03:19-07:00', 'position': 3, 'updated_at': '2021-08-04T14:58:11-07:00', 'product_id': 8944544022697, 'variant_ids': [], 'src': 'https://cdn.shopify.com/s/files/1/0132/4532/products/pixlr-bg-result_2_1_e25ac86c-292e-4e33-b14f-770414530880.png?v=1628114291', 'width': 1440, 'height': 1920}, {'id': 33408302514345, 'created_at': '2021-08-01T01:03:19-07:00', 'position': 4, 'updated_at': '2021-08-04T14:58:13-07:00', 'product_id': 8944544022697, 'variant_ids': [], 'src': 'https://cdn.shopify.com/s/files/1/0132/4532/products/pixlr-bg-result_3_1_d17938fe-df2a-47fa-be4f-ec30cf8268af.png?v=1628114293', 'width': 1440, 'height': 1920}]","[{'name': 'Title', 'position': 1, 'values': ['8oz / 225g', '2lb / 908g', '5lb / 2270g']}]",https://www.rocanini.com/products/mexico-oaxaca-pluma-juquila,,,,,,,,,,,
28,47051317477545,5lb / 2270g,5lb / 2270g,,,,True,False,,True,185.00,2270,,3,8944544022697,2026-04-29T15:17:46-07:00,2026-10-09T04:37:16-07:00,8944544022697,Mexico Oaxaca Pluma Juquila,mexico-oaxaca-pluma-juquila,2026-04-29T15:20:24-07:00,2026-04-29T15:17:45-07:00,2026-10-09T04:37:16-07:00,Rocanini,Brewed Coffee,['new'],"[{'id': 33408302416041, 'created_at': '2021-08-01T01:03:19-07:00', 'position': 1, 'updated_at': '2021-08-04T14:58:07-07:00', 'product_id': 8944544022697, 'variant_ids': [], 'src': 'https://cdn.shopify.com/s/files/1/0132/4532/products/pixlr-bg-result_1_63b9b4cf-7414-4cb3-b026-162a0ccf1db4.png?v=1628114287', 'width': 1440, 'height': 1920}, {'id': 33408302448809, 'created_at': '2021-08-01T01:03:19-07:00', 'position': 2, 'updated_at': '2021-08-04T14:58:09-07:00', 'product_id': 8944544022697, 'variant_ids': [], 'src': 'https://cdn.shopify.com/s/files/1/0132/4532/products/pixlr-bg-result_1_1_01b46520-c562-410e-a8d6-a1077031af57.png?v=1628114289', 'width': 1440, 'height': 1920}, {'id': 33408302481577, 'created_at': '2021-08-01T01:03:19-07:00', 'position': 3, 'updated_at': '2021-08-04T14:58:11-07:00', 'product_id': 8944544022697, 'variant_ids': [], 'src': 'https://cdn.shopify.com/s/files/1/0132/4532/products/pixlr-bg-result_2_1_e25ac86c-292e-4e33-b14f-770414530880.png?v=1628114291', 'width': 1440, 'height': 1920}, {'id': 33408302514345, 'created_at': '2021-08-01T01:03:19-07:00', 'position': 4, 'updated_at': '2021-08-04T14:58:13-07:00', 'product_id': 8944544022697, 'variant_ids': [], 'src': 'https://cdn.shopify.com/s/files/1/0132/4532/products/pixlr-bg-result_3_1_d17938fe-df2a-47fa-be4f-ec30cf8268af.png?v=1628114293', 'width': 1440, 'height': 1920}]","[{'name': 'Title', 'position': 1, 'values': ['8oz / 225g', '2lb / 908g', '5lb / 2270g']}]",https://www.rocanini.com/products/mexico-oaxaca-pluma-juquila,,,,,,,,,,,
29,44884911849641,8oz / 225g,8oz / 225g,,,,True,False,,True,30.00,225,,1,8316018196649,2024-11-14T19:51:36-08:00,2026-10-09T04:37:16-07:00,8316018196649,Yemen Mocha Haraaz SOE,yemen-mocha-haraaz-soe,2025-02-21T17:09:25-08:00,2024-11-14T19:51:35-08:00,2026-10-09T04:37:16-07:00,Rocanini,Brewed Coffee,"['Dry Process', 'Espresso', 'filter', 'Organic']","[{'id': 38854089441449, 'created_at': '2024-02-07T18:54:59-08:00', 'position': 1, 'updated_at': '2024-02-07T18:54:59-08:00', 'product_id': 8316018196649, 'variant_ids': [], 'src': 'https://cdn.shopify.com/s/files/1/0132/4532/files/pixlr-bg-result1_913b79e3-831e-482e-b6e4-7e7193f6fa25.png?v=1707360899', 'width': 1440, 'height': 1920}, {'id': 38854089474217, 'created_at': '2024-02-07T18:54:59-08:00', 'position': 2, 'updated_at': '2024-02-07T18:54:59-08:00', 'product_id': 8316018196649, 'variant_ids': [], 'src': 'https://cdn.shopify.com/s/files/1/0132/4532/files/pixlr-bg-result3_9973ecc5-ce9c-4519-b4e0-2c9ab5b91500.png?v=1707360899', 'width': 1440, 'height': 1920}, {'id': 38854089539753, 'created_at': '2024-02-07T18:54:59-08:00', 'position': 3, 'updated_at': '2024-02-07T18:54:59-08:00', 'product_id': 8316018196649, 'variant_ids': [], 'src': 'https://cdn.shopify.com/s/files/1/0132/4532/files/pixlr-bg-result2_619ecd2c-a0dd-4442-9cc1-ff185b326dd0.png?v=1707360899', 'width': 1440, 'height': 1920}]","[{'name': 'Title', 'position': 1, 'values': ['8oz / 225g', '2lb / 905g', '5lb']}]",https://www.rocanini.com/products/yemen-mocha-haraaz-soe,,,,,,,,,,,
30,44884922302633,2lb / 905g,2lb / 905g,,,,True,False,,True,120.00,905,,2,8316018196649,2024-11-14T19:56:14-08:00,2026-10-09T04:37:16-07:00,8316018196649,Yemen Mocha Haraaz SOE,yemen-mocha-haraaz-soe,2025-02-21T17:09:25-08:00,2024-11-14T19:51:35-08:00,2026-10-09T04:37:16-07:00,Rocanini,Brewed Coffee,"['Dry Process', 'Espresso', 'filter', 'Organic']","[{'id': 38854089441449, 'created_at': '2024-02-07T18:54:59-08:00', 'position': 1, 'updated_at': '2024-02-07T18:54:59-08:00', 'product_id': 8316018196649, 'variant_ids': [], 'src': 'https://cdn.shopify.com/s/files/1/0132/4532/files/pixlr-bg-result1_913b79e3-831e-482e-b6e4-7e7193f6fa25.png?v=1707360899', 'width': 1440, 'height': 1920}, {'id': 38854089474217, 'created_at': '2024-02-07T18:54:59-08:00', 'position': 2, 'updated_at': '2024-02-07T18:54:59-08:00', 'product_id': 8316018196649, 'variant_ids': [], 'src': 'https://cdn.shopify.com/s/files/1/0132/4532/files/pixlr-bg-result3_9973ecc5-ce9c-4519-b4e0-2c9ab5b91500.png?v=1707360899', 'width': 1440, 'height': 1920}, {'id': 38854089539753, 'created_at': '2024-02-07T18:54:59-08:00', 'position': 3, 'updated_at': '2024-02-07T18:54:59-08:00', 'product_id': 8316018196649, 'variant_ids': [], 'src': 'https://cdn.shopify.com/s/files/1/0132/4532/files/pixlr-bg-result2_619ecd2c-a0dd-4442-9cc1-ff185b326dd0.png?v=1707360899', 'width': 1440, 'height': 1920}]","[{'name': 'Title', 'position': 1, 'values': ['8oz / 225g', '2lb / 905g', '5lb']}]",https://www.rocanini.com/products/yemen-mocha-haraaz-soe,,,,,,,,,,,
31,44884931936425,5lb,5lb,,,,True,False,,True,260.00,2270,,3,8316018196649,2024-11-14T19:59:52-08:00,2026-10-09T04:37:16-07:00,8316018196649,Yemen Mocha Haraaz SOE,yemen-mocha-haraaz-soe,2025-02-21T17:09:25-08:00,2024-11-14T19:51:35-08:00,2026-10-09T04:37:16-07:00,Rocanini,Brewed Coffee,"['Dry Process', 'Espresso', 'filter', 'Organic']","[{'id': 38854089441449, 'created_at': '2024-02-07T18:54:59-08:00', 'position': 1, 'updated_at': '2024-02-07T18:54:59-08:00', 'product_id': 8316018196649, 'variant_ids': [], 'src': 'https://cdn.shopify.com/s/files/1/0132/4532/files/pixlr-bg-result1_913b79e3-831e-482e-b6e4-7e7193f6fa25.png?v=1707360899', 'width': 1440, 'height': 1920}, {'id': 38854089474217, 'created_at': '2024-02-07T18:54:59-08:00', 'position': 2, 'updated_at': '2024-02-07T18:54:59-08:00', 'product_id': 8316018196649, 'variant_ids': [], 'src': 'https://cdn.shopify.com/s/files/1/0132/4532/files/pixlr-bg-result3_9973ecc5-ce9c-4519-b4e0-2c9ab5b91500.png?v=1707360899', 'width': 1440, 'height': 1920}, {'id': 38854089539753, 'created_at': '2024-02-07T18:54:59-08:00', 'position': 3, 'updated_at': '2024-02-07T18:54:59-08:00', 'product_id': 8316018196649, 'variant_ids': [], 'src': 'https://cdn.shopify.com/s/files/1/0132/4532/files/pixlr-bg-result2_619ecd2c-a0dd-4442-9cc1-ff185b326dd0.png?v=1707360899', 'width': 1440, 'height': 1920}]","[{'name': 'Title', 'position': 1, 'values': ['8oz / 225g', '2lb / 905g', '5lb']}]",https://www.rocanini.com/products/yemen-mocha-haraaz-soe,,,,,,,,,,,
32,43634007998633,8oz / 225g,8oz / 225g,,,,True,False,,True,35.00,225,,1,7905709883561,2024-02-07T18:54:47-08:00,2026-10-09T04:37:16-07:00,7905709883561,Yemen Mocha Haraaz Bani Ahlas Taha Hamood,yemen-mocha-haraaz-baniahlas-taha-hamood,2025-02-20T17:16:16-08:00,2024-02-07T18:54:47-08:00,2026-10-09T04:37:16-07:00,Rocanini,Brewed Coffee,"['Dry Process', 'Espresso', 'filter', 'Organic']","[{'id': 38854089441449, 'created_at': '2024-02-07T18:54:59-08:00', 'position': 1, 'updated_at': '2024-02-07T18:54:59-08:00', 'product_id': 7905709883561, 'variant_ids': [], 'src': 'https://cdn.shopify.com/s/files/1/0132/4532/files/pixlr-bg-result1_913b79e3-831e-482e-b6e4-7e7193f6fa25.png?v=1707360899', 'width': 1440, 'height': 1920}, {'id': 38854089474217, 'created_at': '2024-02-07T18:54:59-08:00', 'position': 2, 'updated_at': '2024-02-07T18:54:59-08:00', 'product_id': 7905709883561, 'variant_ids': [], 'src': 'https://cdn.shopify.com/s/files/1/0132/4532/files/pixlr-bg-result3_9973ecc5-ce9c-4519-b4e0-2c9ab5b91500.png?v=1707360899', 'width': 1440, 'height': 1920}, {'id': 38854089539753, 'created_at': '2024-02-07T18:54:59-08:00', 'position': 3, 'updated_at': '2024-02-07T18:54:59-08:00', 'product_id': 7905709883561, 'variant_ids': [], 'src': 'https://cdn.shopify.com/s/files/1/0132/4532/files/pixlr-bg-result2_619ecd2c-a0dd-4442-9cc1-ff185b326dd0.png?v=1707360899', 'width': 1440, 'height': 1920}]","[{'name': 'Title', 'position': 1, 'values': ['8oz / 225g']}]",https://www.rocanini.com/products/yemen-mocha-haraaz-baniahlas-taha-hamood,,,,,,,,,,,
33,44915841401001,8oz / 225g,8oz / 225g,,,,True,False,,True,21.00,225,,1,8323188687017,2024-11-24T09:04:32-08:00,2026-10-09T04:37:16-07:00,8323188687017,Brazil Natural SOE,brazil-natural-soe,2024-11-24T09:07:58-08:00,2024-11-24T09:04:32-08:00,2026-10-09T04:37:16-07:00,Rocanini,Espresso,"['Espresso', 'new']","[{'id': 38243257811113, 'created_at': '2023-09-07T19:22:48-07:00', 'position': 1, 'updated_at': '2023-09-07T19:22:48-07:00', 'product_id': 8323188687017, 'variant_ids': [], 'src': 'https://cdn.shopify.com/s/files/1/0132/4532/files/pixlr-bg-result1_7ff48ed7-3798-4f6f-b92a-7a2b5e9601ea.png?v=1694139768', 'width': 1440, 'height': 1920}, {'id': 38243257843881, 'created_at': '2023-09-07T19:22:48-07:00', 'position': 2, 'updated_at': '2023-09-07T19:22:48-07:00', 'product_id': 8323188687017, 'variant_ids': [], 'src': 'https://cdn.shopify.com/s/files/1/0132/4532/files/pixlr-bg-result3_6cb88f80-952b-4344-9434-3953d21c5fcf.png?v=1694139768', 'width': 1440, 'height': 1920}, {'id': 38243257876649, 'created_at': '2023-09-07T19:22:48-07:00', 'position': 3, 'updated_at': '2023-09-07T19:22:48-07:00', 'product_id': 8323188687017, 'variant_ids': [], 'src': 'https://cdn.shopify.com/s/files/1/0132/4532/files/pixlr-bg-result4_77659d70-c2b0-45a6-b06e-fee156336e5b.png?v=1694139768', 'width': 1440, 'height': 1920}]","[{'name': 'Title', 'position': 1, 'values': ['8oz / 225g', '2lb /908g', '5lb / 2.27Kg']}]",https://www.rocanini.com/products/brazil-natural-soe,,,,,,,,,,,
34,44915841433769,2lb /908g,2lb /908g,,,,True,False,,True,84.00,908,,2,8323188687017,2024-11-24T09:04:32-08:00,2026-10-09T04:37:16-07:00,8323188687017,Brazil Natural SOE,brazil-natural-soe,2024-11-24T09:07:58-08:00,2024-11-24T09:04:32-08:00,2026-10-09T04:37:16-07:00,Rocanini,Espresso,"['Espresso', 'new']","[{'id': 38243257811113, 'created_at': '2023-09-07T19:22:48-07:00', 'position': 1, 'updated_at': '2023-09-07T19:22:48-07:00', 'product_id': 8323188687017, 'variant_ids': [], 'src': 'https://cdn.shopify.com/s/files/1/0132/4532/files/pixlr-bg-result1_7ff48ed7-3798-4f6f-b92a-7a2b5e9601ea.png?v=1694139768', 'width': 1440, 'height': 1920}, {'id': 38243257843881, 'created_at': '2023-09-07T19:22:48-07:00', 'position': 2, 'updated_at': '2023-09-07T19:22:48-07:00', 'product_id': 8323188687017, 'variant_ids': [], 'src': 'https://cdn.shopify.com/s/files/1/0132/4532/files/pixlr-bg-result3_6cb88f80-952b-4344-9434-3953d21c5fcf.png?v=1694139768', 'width': 1440, 'height': 1920}, {'id': 38243257876649, 'created_at': '2023-09-07T19:22:48-07:00', 'position': 3, 'updated_at': '2023-09-07T19:22:48-07:00', 'product_id': 8323188687017, 'variant_ids': [], 'src': 'https://cdn.shopify.com/s/files/1/0132/4532/files/pixlr-bg-result4_77659d70-c2b0-45a6-b06e-fee156336e5b.png?v=1694139768', 'width': 1440, 'height': 1920}]","[{'name': 'Title', 'position': 1, 'values': ['8oz / 225g', '2lb /908g', '5lb / 2.27Kg']}]",https://www.rocanini.com/products/brazil-natural-soe,,,,,,,,,,,
35,44915841466537,5lb / 2.27Kg,5lb / 2.27Kg,,,,True,False,,True,185.00,2270,,3,8323188687017,2024-11-24T09:04:32-08:00,2026-10-09T04:37:16-07:00,8323188687017,Brazil Natural SOE,brazil-natural-soe,2024-11-24T09:07:58-08:00,2024-11-24T09:04:32-08:00,2026-10-09T04:37:16-07:00,Rocanini,Espresso,"['Espresso', 'new']","[{'id': 38243257811113, 'created_at': '2023-09-07T19:22:48-07:00', 'position': 1, 'updated_at': '2023-09-07T19:22:48-07:00', 'product_id': 8323188687017, 'variant_ids': [], 'src': 'https://cdn.shopify.com/s/files/1/0132/4532/files/pixlr-bg-result1_7ff48ed7-3798-4f6f-b92a-7a2b5e9601ea.png?v=1694139768', 'width': 1440, 'height': 1920}, {'id': 38243257843881, 'created_at': '2023-09-07T19:22:48-07:00', 'position': 2, 'updated_at': '2023-09-07T19:22:48-07:00', 'product_id': 8323188687017, 'variant_ids': [], 'src': 'https://cdn.shopify.com/s/files/1/0132/4532/files/pixlr-bg-result3_6cb88f80-952b-4344-9434-3953d21c5fcf.png?v=1694139768', 'width': 1440, 'height': 1920}, {'id': 38243257876649, 'created_at': '2023-09-07T19:22:48-07:00', 'position': 3, 'updated_at': '2023-09-07T19:22:48-07:00', 'product_id': 8323188687017, 'variant_ids': [], 'src': 'https://cdn.shopify.com/s/files/1/0132/4532/files/pixlr-bg-result4_77659d70-c2b0-45a6-b06e-fee156336e5b.png?v=1694139768', 'width': 1440, 'height': 1920}]","[{'name': 'Title', 'position': 1, 'values': ['8oz / 225g', '2lb /908g', '5lb / 2.27Kg']}]",https://www.rocanini.com/products/brazil-natural-soe,,,,,,,,,,,
36,44886905979049,Natural,Natural,,,,True,True,,True,23.00,300,,1,8316402827433,2024-11-15T09:12:24-08:00,2026-10-09T04:37:16-07:00,8316402827433,Retro Diner Mug,retro-diner-mug,2024-11-21T08:20:30-08:00,2024-11-15T09:12:24-08:00,2026-10-09T04:37:16-07:00,Rocanini,Coffeemakers,['new'],"[{'id': 41109443870889, 'created_at': '2024-12-25T08:49:53-08:00', 'position': 1, 'updated_at': '2024-12-25T08:56:31-08:00', 'product_id': 8316402827433, 'variant_ids': [44886955262121], 'src': 'https://cdn.shopify.com/s/files/1/0132/4532/files/IMG-6636.heic?v=1735145791', 'width': 3024, 'height': 4032}, {'id': 41109443838121, 'created_at': '2024-12-25T08:49:53-08:00', 'position': 2, 'updated_at': '2024-12-25T08:57:11-08:00', 'product_id': 8316402827433, 'variant_ids': [44886906011817], 'src': 'https://cdn.shopify.com/s/files/1/0132/4532/files/IMG-6635.heic?v=1735145831', 'width': 3024, 'height': 4032}, {'id': 41109443903657, 'created_at': '2024-12-25T08:49:53-08:00', 'position': 3, 'updated_at': '2024-12-25T08:57:43-08:00', 'product_id': 8316402827433, 'variant_ids': [44886905979049], 'src': 'https://cdn.shopify.com/s/files/1/0132/4532/files/IMG-6634.heic?v=1735145863', 'width': 3024, 'height': 4032}]","[{'name': 'Title', 'position': 1, 'values': ['Natural', 'Pink', 'Mint']}]",https://www.rocanini.com/products/retro-diner-mug,,41109443903657.0,8316402827433.0,3.0,2024-12-25T08:49:53-08:00,2024-12-25T08:57:43-08:00,,3024.0,4032.0,https://cdn.shopify.com/s/files/1/0132/4532/files/IMG-6634.heic?v=1735145863,[44886905979049]
37,44886906011817,Pink,Pink,,,,True,True,,True,23.00,300,,2,8316402827433,2024-11-15T09:12:24-08:00,2026-10-09T04:37:16-07:00,8316402827433,Retro Diner Mug,retro-diner-mug,2024-11-21T08:20:30-08:00,2024-11-15T09:12:24-08:00,2026-10-09T04:37:16-07:00,Rocanini,Coffeemakers,['new'],"[{'id': 41109443870889, 'created_at': '2024-12-25T08:49:53-08:00', 'position': 1, 'updated_at': '2024-12-25T08:56:31-08:00', 'product_id': 8316402827433, 'variant_ids': [44886955262121], 'src': 'https://cdn.shopify.com/s/files/1/0132/4532/files/IMG-6636.heic?v=1735145791', 'width': 3024, 'height': 4032}, {'id': 41109443838121, 'created_at': '2024-12-25T08:49:53-08:00', 'position': 2, 'updated_at': '2024-12-25T08:57:11-08:00', 'product_id': 8316402827433, 'variant_ids': [44886906011817], 'src': 'https://cdn.shopify.com/s/files/1/0132/4532/files/IMG-6635.heic?v=1735145831', 'width': 3024, 'height': 4032}, {'id': 41109443903657, 'created_at': '2024-12-25T08:49:53-08:00', 'position': 3, 'updated_at': '2024-12-25T08:57:43-08:00', 'product_id': 8316402827433, 'variant_ids': [44886905979049], 'src': 'https://cdn.shopify.com/s/files/1/0132/4532/files/IMG-6634.heic?v=1735145863', 'width': 3024, 'height': 4032}]","[{'name': 'Title', 'position': 1, 'values': ['Natural', 'Pink', 'Mint']}]",https://www.rocanini.com/products/retro-diner-mug,,41109443838121.0,8316402827433.0,2.0,2024-12-25T08:49:53-08:00,2024-12-25T08:57:11-08:00,,3024.0,4032.0,https://cdn.shopify.com/s/files/1/0132/4532/files/IMG-6635.heic?v=1735145831,[44886906011817]
38,44886955262121,Mint,Mint,,,,True,True,,True,23.00,300,,3,8316402827433,2024-11-15T09:21:26-08:00,2026-10-09T04:37:16-07:00,8316402827433,Retro Diner Mug,retro-diner-mug,2024-11-21T08:20:30-08:00,2024-11-15T09:12:24-08:00,2026-10-09T04:37:16-07:00,Rocanini,Coffeemakers,['new'],"[{'id': 41109443870889, 'created_at': '2024-12-25T08:49:53-08:00', 'position': 1, 'updated_at': '2024-12-25T08:56:31-08:00', 'product_id': 8316402827433, 'variant_ids': [44886955262121], 'src': 'https://cdn.shopify.com/s/files/1/0132/4532/files/IMG-6636.heic?v=1735145791', 'width': 3024, 'height': 4032}, {'id': 41109443838121, 'created_at': '2024-12-25T08:49:53-08:00', 'position': 2, 'updated_at': '2024-12-25T08:57:11-08:00', 'product_id': 8316402827433, 'variant_ids': [44886906011817], 'src': 'https://cdn.shopify.com/s/files/1/0132/4532/files/IMG-6635.heic?v=1735145831', 'width': 3024, 'height': 4032}, {'id': 41109443903657, 'created_at': '2024-12-25T08:49:53-08:00', 'position': 3, 'updated_at': '2024-12-25T08:57:43-08:00', 'product_id': 8316402827433, 'variant_ids': [44886905979049], 'src': 'https://cdn.shopify.com/s/files/1/0132/4532/files/IMG-6634.heic?v=1735145863', 'width': 3024, 'height': 4032}]","[{'name': 'Title', 'position': 1, 'values': ['Natural', 'Pink', 'Mint']}]",https://www.rocanini.com/products/retro-diner-mug,,41109443870889.0,8316402827433.0,1.0,2024-12-25T08:49:53-08:00,2024-12-25T08:56:31-08:00,,3024.0,4032.0,https://cdn.shopify.com/s/files/1/0132/4532/files/IMG-6636.heic?v=1735145791,[44886955262121]
39,44886756556969,White,White,,,,True,True,,True,48.00,500,,1,8316330410153,2024-11-15T07:50:23-08:00,2026-10-09T04:37:16-07:00,8316330410153,NOMAD Travel Tumbler - 16oz,nomad-travel-tumbler-16oz,2024-11-21T08:19:41-08:00,2024-11-15T07:50:23-08:00,2026-10-09T04:37:16-07:00,Rocanini,Coffeemakers,[],"[{'id': 41109442494633, 'created_at': '2024-12-25T08:49:29-08:00', 'position': 1, 'updated_at': '2024-12-25T08:55:02-08:00', 'product_id': 8316330410153, 'variant_ids': [44886756622505], 'src': 'https://cdn.shopify.com/s/files/1/0132/4532/files/IMG-6633.heic?v=1735145702', 'width': 3024, 'height': 4032}, {'id': 40825363988649, 'created_at': '2024-11-15T08:13:00-08:00', 'position': 2, 'updated_at': '2024-12-25T08:55:02-08:00', 'product_id': 8316330410153, 'variant_ids': [], 'src': 'https://cdn.shopify.com/s/files/1/0132/4532/files/2-16-24CreatedCo11596_2000x_5d28b345-fa85-479d-881c-28ba6a2a7ab0.webp?v=1735145702', 'width': 2000, 'height': 2000}, {'id': 40825355763881, 'created_at': '2024-11-15T08:10:24-08:00', 'position': 3, 'updated_at': '2024-12-25T08:55:02-08:00', 'product_id': 8316330410153, 'variant_ids': [], 'src': 'https://cdn.shopify.com/s/files/1/0132/4532/files/2-16-24CreatedCo114195.41.08PM-2_2000x_6b06dbd7-4fad-42f4-91ed-664e0c2f6cfa.webp?v=1735145702', 'width': 2000, 'height': 2000}, {'id': 40825364054185, 'created_at': '2024-11-15T08:13:00-08:00', 'position': 4, 'updated_at': '2024-12-25T08:55:02-08:00', 'product_id': 8316330410153, 'variant_ids': [], 'src': 'https://cdn.shopify.com/s/files/1/0132/4532/files/7-31-24_Created_Co50916_2000x_36caebb7-606b-4001-86ca-d251255ce56f.webp?v=1735145702', 'width': 2000, 'height': 2000}, {'id': 40825355862185, 'created_at': '2024-11-15T08:10:24-08:00', 'position': 5, 'updated_at': '2024-12-25T08:55:02-08:00', 'product_id': 8316330410153, 'variant_ids': [], 'src': 'https://cdn.shopify.com/s/files/1/0132/4532/files/7-31-24_Created_Co50746_2000x_592cc4e6-1c79-47a1-8b73-e4201f156869.webp?v=1735145702', 'width': 2000, 'height': 2000}, {'id': 40825355894953, 'created_at': '2024-11-15T08:10:24-08:00', 'position': 6, 'updated_at': '2024-12-25T08:55:02-08:00', 'product_id': 8316330410153, 'variant_ids': [], 'src': 'https://cdn.shopify.com/s/files/1/0132/4532/files/7-31-24_Created_Co50757_2000x_f5592d41-7ed9-4611-a590-1c901de1b95e.webp?v=1735145702', 'width': 2000, 'height': 2000}, {'id': 40825355829417, 'created_at': '2024-11-15T08:10:24-08:00', 'position': 7, 'updated_at': '2024-12-25T08:55:02-08:00', 'product_id': 8316330410153, 'variant_ids': [], 'src': 'https://cdn.shopify.com/s/files/1/0132/4532/files/7-31-24_Created_Co50659_2000x_2c1c81c9-1a6b-4752-9137-d18689cf33ec.webp?v=1735145702', 'width': 2000, 'height': 2000}, {'id': 41109442265257, 'created_at': '2024-12-25T08:49:28-08:00', 'position': 8, 'updated_at': '2024-12-25T08:55:02-08:00', 'product_id': 8316330410153, 'variant_ids': [44886756556969], 'src': 'https://cdn.shopify.com/s/files/1/0132/4532/files/IMG-6631.heic?v=1735145702', 'width': 3024, 'height': 4032}, {'id': 41109442658473, 'created_at': '2024-12-25T08:49:28-08:00', 'position': 9, 'updated_at': '2024-12-25T09:00:40-08:00', 'product_id': 8316330410153, 'variant_ids': [44886756589737], 'src': 'https://cdn.shopify.com/s/files/1/0132/4532/files/IMG-6632.heic?v=1735146040', 'width': 3024, 'height': 4032}]","[{'name': 'Colour', 'position': 1, 'values': ['White', 'Black', 'Lavender']}]",https://www.rocanini.com/products/nomad-travel-tumbler-16oz,,41109442265257.0,8316330410153.0,8.0,2024-12-25T08:49:28-08:00,2024-12-25T08:55:02-08:00,,3024.0,4032.0,https://cdn.shopify.com/s/files/1/0132/4532/files/IMG-6631.heic?v=1735145702,[44886756556969]
40,44886756589737,Black,Black,,,,True,True,,True,48.00,500,,2,8316330410153,2024-11-15T07:50:23-08:00,2026-10-09T04:37:16-07:00,8316330410153,NOMAD Travel Tumbler - 16oz,nomad-travel-tumbler-16oz,2024-11-21T08:19:41-08:00,2024-11-15T07:50:23-08:00,2026-10-09T04:37:16-07:00,Rocanini,Coffeemakers,[],"[{'id': 41109442494633, 'created_at': '2024-12-25T08:49:29-08:00', 'position': 1, 'updated_at': '2024-12-25T08:55:02-08:00', 'product_id': 8316330410153, 'variant_ids': [44886756622505], 'src': 'https://cdn.shopify.com/s/files/1/0132/4532/files/IMG-6633.heic?v=1735145702', 'width': 3024, 'height': 4032}, {'id': 40825363988649, 'created_at': '2024-11-15T08:13:00-08:00', 'position': 2, 'updated_at': '2024-12-25T08:55:02-08:00', 'product_id': 8316330410153, 'variant_ids': [], 'src': 'https://cdn.shopify.com/s/files/1/0132/4532/files/2-16-24CreatedCo11596_2000x_5d28b345-fa85-479d-881c-28ba6a2a7ab0.webp?v=1735145702', 'width': 2000, 'height': 2000}, {'id': 40825355763881, 'created_at': '2024-11-15T08:10:24-08:00', 'position': 3, 'updated_at': '2024-12-25T08:55:02-08:00', 'product_id': 8316330410153, 'variant_ids': [], 'src': 'https://cdn.shopify.com/s/files/1/0132/4532/files/2-16-24CreatedCo114195.41.08PM-2_2000x_6b06dbd7-4fad-42f4-91ed-664e0c2f6cfa.webp?v=1735145702', 'width': 2000, 'height': 2000}, {'id': 40825364054185, 'created_at': '2024-11-15T08:13:00-08:00', 'position': 4, 'updated_at': '2024-12-25T08:55:02-08:00', 'product_id': 8316330410153, 'variant_ids': [], 'src': 'https://cdn.shopify.com/s/files/1/0132/4532/files/7-31-24_Created_Co50916_2000x_36caebb7-606b-4001-86ca-d251255ce56f.webp?v=1735145702', 'width': 2000, 'height': 2000}, {'id': 40825355862185, 'created_at': '2024-11-15T08:10:24-08:00', 'position': 5, 'updated_at': '2024-12-25T08:55:02-08:00', 'product_id': 8316330410153, 'variant_ids': [], 'src': 'https://cdn.shopify.com/s/files/1/0132/4532/files/7-31-24_Created_Co50746_2000x_592cc4e6-1c79-47a1-8b73-e4201f156869.webp?v=1735145702', 'width': 2000, 'height': 2000}, {'id': 40825355894953, 'created_at': '2024-11-15T08:10:24-08:00', 'position': 6, 'updated_at': '2024-12-25T08:55:02-08:00', 'product_id': 8316330410153, 'variant_ids': [], 'src': 'https://cdn.shopify.com/s/files/1/0132/4532/files/7-31-24_Created_Co50757_2000x_f5592d41-7ed9-4611-a590-1c901de1b95e.webp?v=1735145702', 'width': 2000, 'height': 2000}, {'id': 40825355829417, 'created_at': '2024-11-15T08:10:24-08:00', 'position': 7, 'updated_at': '2024-12-25T08:55:02-08:00', 'product_id': 8316330410153, 'variant_ids': [], 'src': 'https://cdn.shopify.com/s/files/1/0132/4532/files/7-31-24_Created_Co50659_2000x_2c1c81c9-1a6b-4752-9137-d18689cf33ec.webp?v=1735145702', 'width': 2000, 'height': 2000}, {'id': 41109442265257, 'created_at': '2024-12-25T08:49:28-08:00', 'position': 8, 'updated_at': '2024-12-25T08:55:02-08:00', 'product_id': 8316330410153, 'variant_ids': [44886756556969], 'src': 'https://cdn.shopify.com/s/files/1/0132/4532/files/IMG-6631.heic?v=1735145702', 'width': 3024, 'height': 4032}, {'id': 41109442658473, 'created_at': '2024-12-25T08:49:28-08:00', 'position': 9, 'updated_at': '2024-12-25T09:00:40-08:00', 'product_id': 8316330410153, 'variant_ids': [44886756589737], 'src': 'https://cdn.shopify.com/s/files/1/0132/4532/files/IMG-6632.heic?v=1735146040', 'width': 3024, 'height': 4032}]","[{'name': 'Colour', 'position': 1, 'values': ['White', 'Black', 'Lavender']}]",https://www.rocanini.com/products/nomad-travel-tumbler-16oz,,41109442658473.0,8316330410153.0,9.0,2024-12-25T08:49:28-08:00,2024-12-25T09:00:40-08:00,,3024.0,4032.0,https://cdn.shopify.com/s/files/1/0132/4532/files/IMG-6632.heic?v=1735146040,[44886756589737]
41,44886756622505,Lavender,Lavender,,,,True,True,,True,48.00,500,,3,8316330410153,2024-11-15T07:50:23-08:00,2026-10-09T04:37:16-07:00,8316330410153,NOMAD Travel Tumbler - 16oz,nomad-travel-tumbler-16oz,2024-11-21T08:19:41-08:00,2024-11-15T07:50:23-08:00,2026-10-09T04:37:16-07:00,Rocanini,Coffeemakers,[],"[{'id': 41109442494633, 'created_at': '2024-12-25T08:49:29-08:00', 'position': 1, 'updated_at': '2024-12-25T08:55:02-08:00', 'product_id': 8316330410153, 'variant_ids': [44886756622505], 'src': 'https://cdn.shopify.com/s/files/1/0132/4532/files/IMG-6633.heic?v=1735145702', 'width': 3024, 'height': 4032}, {'id': 40825363988649, 'created_at': '2024-11-15T08:13:00-08:00', 'position': 2, 'updated_at': '2024-12-25T08:55:02-08:00', 'product_id': 8316330410153, 'variant_ids': [], 'src': 'https://cdn.shopify.com/s/files/1/0132/4532/files/2-16-24CreatedCo11596_2000x_5d28b345-fa85-479d-881c-28ba6a2a7ab0.webp?v=1735145702', 'width': 2000, 'height': 2000}, {'id': 40825355763881, 'created_at': '2024-11-15T08:10:24-08:00', 'position': 3, 'updated_at': '2024-12-25T08:55:02-08:00', 'product_id': 8316330410153, 'variant_ids': [], 'src': 'https://cdn.shopify.com/s/files/1/0132/4532/files/2-16-24CreatedCo114195.41.08PM-2_2000x_6b06dbd7-4fad-42f4-91ed-664e0c2f6cfa.webp?v=1735145702', 'width': 2000, 'height': 2000}, {'id': 40825364054185, 'created_at': '2024-11-15T08:13:00-08:00', 'position': 4, 'updated_at': '2024-12-25T08:55:02-08:00', 'product_id': 8316330410153, 'variant_ids': [], 'src': 'https://cdn.shopify.com/s/files/1/0132/4532/files/7-31-24_Created_Co50916_2000x_36caebb7-606b-4001-86ca-d251255ce56f.webp?v=1735145702', 'width': 2000, 'height': 2000}, {'id': 40825355862185, 'created_at': '2024-11-15T08:10:24-08:00', 'position': 5, 'updated_at': '2024-12-25T08:55:02-08:00', 'product_id': 8316330410153, 'variant_ids': [], 'src': 'https://cdn.shopify.com/s/files/1/0132/4532/files/7-31-24_Created_Co50746_2000x_592cc4e6-1c79-47a1-8b73-e4201f156869.webp?v=1735145702', 'width': 2000, 'height': 2000}, {'id': 40825355894953, 'created_at': '2024-11-15T08:10:24-08:00', 'position': 6, 'updated_at': '2024-12-25T08:55:02-08:00', 'product_id': 8316330410153, 'variant_ids': [], 'src': 'https://cdn.shopify.com/s/files/1/0132/4532/files/7-31-24_Created_Co50757_2000x_f5592d41-7ed9-4611-a590-1c901de1b95e.webp?v=1735145702', 'width': 2000, 'height': 2000}, {'id': 40825355829417, 'created_at': '2024-11-15T08:10:24-08:00', 'position': 7, 'updated_at': '2024-12-25T08:55:02-08:00', 'product_id': 8316330410153, 'variant_ids': [], 'src': 'https://cdn.shopify.com/s/files/1/0132/4532/files/7-31-24_Created_Co50659_2000x_2c1c81c9-1a6b-4752-9137-d18689cf33ec.webp?v=1735145702', 'width': 2000, 'height': 2000}, {'id': 41109442265257, 'created_at': '2024-12-25T08:49:28-08:00', 'position': 8, 'updated_at': '2024-12-25T08:55:02-08:00', 'product_id': 8316330410153, 'variant_ids': [44886756556969], 'src': 'https://cdn.shopify.com/s/files/1/0132/4532/files/IMG-6631.heic?v=1735145702', 'width': 3024, 'height': 4032}, {'id': 41109442658473, 'created_at': '2024-12-25T08:49:28-08:00', 'position': 9, 'updated_at': '2024-12-25T09:00:40-08:00', 'product_id': 8316330410153, 'variant_ids': [44886756589737], 'src': 'https://cdn.shopify.com/s/files/1/0132/4532/files/IMG-6632.heic?v=1735146040', 'width': 3024, 'height': 4032}]","[{'name': 'Colour', 'position': 1, 'values': ['White', 'Black', 'Lavender']}]",https://www.rocanini.com/products/nomad-travel-tumbler-16oz,,41109442494633.0,8316330410153.0,1.0,2024-12-25T08:49:29-08:00,2024-12-25T08:55:02-08:00,,3024.0,4032.0,https://cdn.shopify.com/s/files/1/0132/4532/files/IMG-6633.heic?v=1735145702,[44886756622505]
42,33573507956876,White,White,,,,True,True,,True,25.00,300,,1,4969085763724,2020-05-06T08:35:27-07:00,2026-10-09T04:37:16-07:00,4969085763724,Tote,tote-bag,2024-11-14T20:29:06-08:00,2020-05-06T08:25:09-07:00,2026-10-09T04:37:16-07:00,Rocanini Coffee Roasters,,[],"[{'id': 16144914677900, 'created_at': '2020-05-06T08:25:11-07:00', 'position': 1, 'updated_at': '2021-04-15T19:43:27-07:00', 'product_id': 4969085763724, 'variant_ids': [], 'src': 'https://cdn.shopify.com/s/files/1/0132/4532/products/20180126004108.jpg?v=1618541007', 'width': 608, 'height': 447}, {'id': 16145084088460, 'created_at': '2020-05-06T08:34:13-07:00', 'position': 2, 'updated_at': '2021-04-15T19:43:28-07:00', 'product_id': 4969085763724, 'variant_ids': [33573507956876], 'src': 'https://cdn.shopify.com/s/files/1/0132/4532/products/totebag.jpg?v=1618541008', 'width': 525, 'height': 543}]","[{'name': 'Size', 'position': 1, 'values': ['White', 'Black']}]",https://www.rocanini.com/products/tote-bag,,16145084088460.0,4969085763724.0,2.0,2020-05-06T08:34:13-07:00,2021-04-15T19:43:28-07:00,Tote - Rocanini Coffee Roasters,525.0,543.0,https://cdn.shopify.com/s/files/1/0132/4532/products/totebag.jpg?v=1618541008,[33573507956876]
43,33573515329676,Black,Black,,,,True,True,,False,25.00,300,,2,4969085763724,2020-05-06T08:36:17-07:00,2026-10-09T04:37:16-07:00,4969085763724,Tote,tote-bag,2024-11-14T20:29:06-08:00,2020-05-06T08:25:09-07:00,2026-10-09T04:37:16-07:00,Rocanini Coffee Roasters,,[],"[{'id': 16144914677900, 'created_at': '2020-05-06T08:25:11-07:00', 'position': 1, 'updated_at': '2021-04-15T19:43:27-07:00', 'product_id': 4969085763724, 'variant_ids': [], 'src': 'https://cdn.shopify.com/s/files/1/0132/4532/products/20180126004108.jpg?v=1618541007', 'width': 608, 'height': 447}, {'id': 16145084088460, 'created_at': '2020-05-06T08:34:13-07:00', 'position': 2, 'updated_at': '2021-04-15T19:43:28-07:00', 'product_id': 4969085763724, 'variant_ids': [33573507956876], 'src': 'https://cdn.shopify.com/s/files/1/0132/4532/products/totebag.jpg?v=1618541008', 'width': 525, 'height': 543}]","[{'name': 'Size', 'position': 1, 'values': ['White', 'Black']}]",https://www.rocanini.com/products/tote-bag,,,,,,,,,,,
44,43581221470377,250g,250g,,,,True,False,,True,50.00,80,,1,7890207015081,2024-01-23T19:24:27-08:00,2026-10-09T04:37:16-07:00,7890207015081,Organic Turmeric Microground,organic-turmeric-microground,2024-01-23T19:46:04-08:00,2024-01-23T19:24:27-08:00,2026-10-09T04:37:16-07:00,Rocanini Coffee Roasters,Tea,[],"[{'id': 38778275201193, 'created_at': '2024-01-23T19:28:29-08:00', 'position': 1, 'updated_at': '2024-01-23T19:28:30-08:00', 'product_id': 7890207015081, 'variant_ids': [], 'src': 'https://cdn.shopify.com/s/files/1/0132/4532/files/custom_resized_ec95eeac-9095-4969-b99b-fd1beac50fdf.webp?v=1706066910', 'width': 600, 'height': 600}]","[{'name': 'Size', 'position': 1, 'values': ['250g']}]",https://www.rocanini.com/products/organic-turmeric-microground,,,,,,,,,,,
45,43581173366953,250g,250g,,,,True,False,,True,50.00,80,,1,7890198331561,2024-01-23T19:12:20-08:00,2026-10-09T04:37:16-07:00,7890198331561,Earl Grey Microground,copy-of-masala-chai-latte-blend,2024-01-23T19:45:53-08:00,2024-01-23T19:12:20-08:00,2026-10-09T04:37:16-07:00,Rocanini Coffee Roasters,Tea,[],"[{'id': 38778277494953, 'created_at': '2024-01-23T19:29:01-08:00', 'position': 1, 'updated_at': '2024-01-23T19:29:02-08:00', 'product_id': 7890198331561, 'variant_ids': [], 'src': 'https://cdn.shopify.com/s/files/1/0132/4532/files/Earl_Grey_Shopify.webp?v=1706066942', 'width': 600, 'height': 600}]","[{'name': 'Size', 'position': 1, 'values': ['250g']}]",https://www.rocanini.com/products/copy-of-masala-chai-latte-blend,,,,,,,,,,,
46,40977550966953,250g,250g,,,,True,False,,True,50.00,80,,1,7126111027369,2021-08-03T20:28:51-07:00,2026-10-09T04:37:16-07:00,7126111027369,Masala Chai Microground,masala-chai-latte-blend,2024-01-23T19:45:37-08:00,2021-08-03T20:28:51-07:00,2026-10-09T04:37:16-07:00,Rocanini Coffee Roasters,Tea,[],"[{'id': 38778406469801, 'created_at': '2024-01-23T19:52:59-08:00', 'position': 1, 'updated_at': '2024-01-23T19:53:01-08:00', 'product_id': 7126111027369, 'variant_ids': [], 'src': 'https://cdn.shopify.com/s/files/1/0132/4532/files/earl_grey_micro.webp?v=1706068381', 'width': 600, 'height': 600}]","[{'name': 'Size', 'position': 1, 'values': ['250g']}]",https://www.rocanini.com/products/masala-chai-latte-blend,,,,,,,,,,,
47,31232851607692,250g,250g,,,,True,False,,True,50.00,80,,1,4361627304076,2019-11-13T15:12:38-08:00,2026-10-09T04:37:16-07:00,4361627304076,Organic Butterfly Pea Flower Micrground,cream-of-earl-grey-pyramid-tea-bags,2024-01-23T19:43:47-08:00,2019-11-13T15:12:38-08:00,2026-10-09T04:37:16-07:00,Rocanini Coffee Roasters,Tea,[],"[{'id': 33432692392105, 'created_at': '2021-08-03T19:26:15-07:00', 'position': 1, 'updated_at': '2021-08-04T14:58:06-07:00', 'product_id': 4361627304076, 'variant_ids': [], 'src': 'https://cdn.shopify.com/s/files/1/0132/4532/products/ButterflyPeaFlowerMicroground_BlueMatcha_2048x_cce01e7a-d6f1-4562-85b4-648078a9c5b5.jpg?v=1628114286', 'width': 2048, 'height': 2048}]","[{'name': 'Size', 'position': 1, 'values': ['250g']}]",https://www.rocanini.com/products/cream-of-earl-grey-pyramid-tea-bags,,,,,,,,,,,
48,40977257070761,250g,250g,,,,True,False,,True,88.00,80,,1,7126050930857,2021-08-03T19:27:07-07:00,2026-10-09T04:37:16-07:00,7126050930857,Green Matcha,green-matcha,2024-01-23T19:43:35-08:00,2021-08-03T19:27:07-07:00,2026-10-09T04:37:16-07:00,Rocanini Coffee Roasters,Tea,[],"[{'id': 33432708022441, 'created_at': '2021-08-03T19:28:27-07:00', 'position': 1, 'updated_at': '2021-08-04T14:58:20-07:00', 'product_id': 7126050930857, 'variant_ids': [], 'src': 'https://cdn.shopify.com/s/files/1/0132/4532/products/Summer-harvest-002b_4_2048x_95ea3ad9-7ed4-4443-a132-9255f96ccb6e.jpg?v=1628114300', 'width': 1352, 'height': 900}]","[{'name': 'Size', 'position': 1, 'values': ['250g', '1000g']}]",https://www.rocanini.com/products/green-matcha,,,,,,,,,,,
49,43131047706793,1000g,1000g,,,,True,False,,True,260.00,1000,,2,7126050930857,2023-07-02T16:50:24-07:00,2026-10-09T04:37:16-07:00,7126050930857,Green Matcha,green-matcha,2024-01-23T19:43:35-08:00,2021-08-03T19:27:07-07:00,2026-10-09T04:37:16-07:00,Rocanini Coffee Roasters,Tea,[],"[{'id': 33432708022441, 'created_at': '2021-08-03T19:28:27-07:00', 'position': 1, 'updated_at': '2021-08-04T14:58:20-07:00', 'product_id': 7126050930857, 'variant_ids': [], 'src': 'https://cdn.shopify.com/s/files/1/0132/4532/products/Summer-harvest-002b_4_2048x_95ea3ad9-7ed4-4443-a132-9255f96ccb6e.jpg?v=1628114300', 'width': 1352, 'height': 900}]","[{'name': 'Size', 'position': 1, 'values': ['250g', '1000g']}]",https://www.rocanini.com/products/green-matcha,,,,,,,,,,,
50,43581282418857,250g,250g,,,,True,False,,True,88.00,80,,1,7890213208233,2024-01-23T19:37:19-08:00,2026-10-09T04:37:16-07:00,7890213208233,Organic Aged Pu'Erh,organic-aged-puerh,2024-01-23T19:43:14-08:00,2024-01-23T19:37:19-08:00,2026-10-09T04:37:16-07:00,Rocanini Coffee Roasters,Tea,[],"[{'id': 38778346733737, 'created_at': '2024-01-23T19:41:28-08:00', 'position': 1, 'updated_at': '2024-01-23T19:41:30-08:00', 'product_id': 7890213208233, 'variant_ids': [], 'src': 'https://cdn.shopify.com/s/files/1/0132/4532/files/organic_aged_pu_erh.webp?v=1706067690', 'width': 600, 'height': 600}]","[{'name': 'Size', 'position': 1, 'values': ['250g']}]",https://www.rocanini.com/products/organic-aged-puerh,,,,,,,,,,,
51,42041282625705,250g,250g,,,,True,False,,True,56.00,80,,1,7441681186985,2022-03-08T13:27:27-08:00,2026-10-09T04:37:16-07:00,7441681186985,Imperial Golden Monkey,imperial-golden-monkey,2024-01-23T19:43:02-08:00,2022-03-08T13:27:27-08:00,2026-10-09T04:37:16-07:00,Rocanini Coffee Roasters,Tea,[],"[{'id': 35650351792297, 'created_at': '2022-03-08T13:30:07-08:00', 'position': 1, 'updated_at': '2022-03-08T13:30:09-08:00', 'product_id': 7441681186985, 'variant_ids': [], 'src': 'https://cdn.shopify.com/s/files/1/0132/4532/products/imperial_golden_monkey_2048x_b51fdc05-386c-40ab-b74c-910021d9635d.webp?v=1646775009', 'width': 2000, 'height': 2000}]","[{'name': 'Size', 'position': 1, 'values': ['250g']}]",https://www.rocanini.com/products/imperial-golden-monkey,,,,,,,,,,,
52,41070264320169,250g,250g,,,,True,False,,True,88.00,80,,1,7152574660777,2021-08-17T18:02:46-07:00,2026-10-09T04:37:16-07:00,7152574660777,Milk Oolong,milk-oolong,2024-01-23T19:42:27-08:00,2021-08-17T18:02:46-07:00,2026-10-09T04:37:16-07:00,Rocanini Coffee Roasters,Tea,[],"[{'id': 33597499506857, 'created_at': '2021-08-17T18:10:06-07:00', 'position': 1, 'updated_at': '2021-08-18T14:48:30-07:00', 'product_id': 7152574660777, 'variant_ids': [], 'src': 'https://cdn.shopify.com/s/files/1/0132/4532/products/milk_oolong_2048x_0b052381-c16d-4074-b1a5-38cc80de42d1.jpg?v=1629323310', 'width': 2000, 'height': 2000}]","[{'name': 'Size', 'position': 1, 'values': ['250g']}]",https://www.rocanini.com/products/milk-oolong,,,,,,,,,,,
53,43102752145577,White,White,,,,True,True,,False,28.00,300,,1,7755128340649,2023-06-13T14:43:27-07:00,2026-10-09T04:37:16-07:00,7755128340649,Tote,tote,2023-06-14T14:53:49-07:00,2023-06-13T14:43:27-07:00,2026-10-09T04:37:16-07:00,Rocanini Coffee Roasters,,[],"[{'id': 38012106571945, 'created_at': '2023-06-13T14:47:35-07:00', 'position': 1, 'updated_at': '2023-06-13T14:47:36-07:00', 'product_id': 7755128340649, 'variant_ids': [], 'src': 'https://cdn.shopify.com/s/files/1/0132/4532/files/Tote.jpg?v=1686692856', 'width': 576, 'height': 720}]","[{'name': 'Size', 'position': 1, 'values': ['White']}]",https://www.rocanini.com/products/tote,,,,,,,,,,,
54,42902732144809,Sanremo YOU,Sanremo YOU,,,,True,True,,True,9250.00,36000,,1,7701091844265,2023-02-08T13:10:50-08:00,2026-10-09T04:37:16-07:00,7701091844265,Espresso Machine | Sanremo YOU,copy-of-espresso-machine-slayer-single-group,2023-02-08T13:14:34-08:00,2023-02-08T13:10:50-08:00,2026-10-09T04:37:16-07:00,Rocanini,Coffeemakers,[],"[{'id': 37594423427241, 'created_at': '2023-02-08T13:13:11-08:00', 'position': 1, 'updated_at': '2023-02-08T13:13:13-08:00', 'product_id': 7701091844265, 'variant_ids': [], 'src': 'https://cdn.shopify.com/s/files/1/0132/4532/products/sanremo-you-espresso-machine.jpg?v=1675890793', 'width': 1000, 'height': 1000}, {'id': 37594423394473, 'created_at': '2023-02-08T13:13:11-08:00', 'position': 2, 'updated_at': '2023-02-08T13:13:12-08:00', 'product_id': 7701091844265, 'variant_ids': [], 'src': 'https://cdn.shopify.com/s/files/1/0132/4532/products/You-cold-touch.jpg?v=1675890792', 'width': 1440, 'height': 960}, {'id': 37594423591081, 'created_at': '2023-02-08T13:13:11-08:00', 'position': 3, 'updated_at': '2023-02-08T13:13:14-08:00', 'product_id': 7701091844265, 'variant_ids': [], 'src': 'https://cdn.shopify.com/s/files/1/0132/4532/products/You-display.jpg?v=1675890794', 'width': 1920, 'height': 1279}, {'id': 37594423492777, 'created_at': '2023-02-08T13:13:11-08:00', 'position': 4, 'updated_at': '2023-02-08T13:13:13-08:00', 'product_id': 7701091844265, 'variant_ids': [], 'src': 'https://cdn.shopify.com/s/files/1/0132/4532/products/You-levette.jpg?v=1675890793', 'width': 1920, 'height': 1281}, {'id': 37594423558313, 'created_at': '2023-02-08T13:13:11-08:00', 'position': 5, 'updated_at': '2023-02-08T13:13:13-08:00', 'product_id': 7701091844265, 'variant_ids': [], 'src': 'https://cdn.shopify.com/s/files/1/0132/4532/products/You-serbatoio.jpg?v=1675890793', 'width': 1920, 'height': 1281}]","[{'name': 'Title', 'position': 1, 'values': ['Sanremo YOU']}]",https://www.rocanini.com/products/copy-of-espresso-machine-slayer-single-group,,,,,,,,,,,
55,32575852544140,Slayer Single Group - Black,Slayer Single Group - Black,,,,True,True,,True,20000.00,65000,,1,4651880022156,2020-03-08T19:43:43-07:00,2026-10-09T04:37:16-07:00,4651880022156,Espresso Machine | Slayer Single Group,espresso-machine-slayer-single-group,2023-02-08T11:36:52-08:00,2020-03-08T19:43:43-07:00,2026-10-09T04:37:16-07:00,Rocanini,Coffeemakers,[],"[{'id': 39071688458409, 'created_at': '2024-03-14T12:33:35-07:00', 'position': 1, 'updated_at': '2024-03-14T12:33:36-07:00', 'product_id': 4651880022156, 'variant_ids': [], 'src': 'https://cdn.shopify.com/s/files/1/0132/4532/files/IMG_2021.jpg?v=1710444816', 'width': 960, 'height': 576}, {'id': 39600471376041, 'created_at': '2024-05-29T05:36:31-07:00', 'position': 2, 'updated_at': '2024-05-29T05:36:32-07:00', 'product_id': 4651880022156, 'variant_ids': [], 'src': 'https://cdn.shopify.com/s/files/1/0132/4532/files/slayer_single_group.jpg?v=1716986192', 'width': 900, 'height': 587}]","[{'name': 'Title', 'position': 1, 'values': ['Slayer Single Group - Black', 'Slayer Single Group - White']}]",https://www.rocanini.com/products/espresso-machine-slayer-single-group,,,,,,,,,,,
56,44247192633513,Slayer Single Group - White,Slayer Single Group - White,,,,True,True,,True,20000.00,65000,,2,4651880022156,2024-05-29T05:26:49-07:00,2026-10-09T04:37:16-07:00,4651880022156,Espresso Machine | Slayer Single Group,espresso-machine-slayer-single-group,2023-02-08T11:36:52-08:00,2020-03-08T19:43:43-07:00,2026-10-09T04:37:16-07:00,Rocanini,Coffeemakers,[],"[{'id': 39071688458409, 'created_at': '2024-03-14T12:33:35-07:00', 'position': 1, 'updated_at': '2024-03-14T12:33:36-07:00', 'product_id': 4651880022156, 'variant_ids': [], 'src': 'https://cdn.shopify.com/s/files/1/0132/4532/files/IMG_2021.jpg?v=1710444816', 'width': 960, 'height': 576}, {'id': 39600471376041, 'created_at': '2024-05-29T05:36:31-07:00', 'position': 2, 'updated_at': '2024-05-29T05:36:32-07:00', 'product_id': 4651880022156, 'variant_ids': [], 'src': 'https://cdn.shopify.com/s/files/1/0132/4532/files/slayer_single_group.jpg?v=1716986192', 'width': 900, 'height': 587}]","[{'name': 'Title', 'position': 1, 'values': ['Slayer Single Group - Black', 'Slayer Single Group - White']}]",https://www.rocanini.com/products/espresso-machine-slayer-single-group,,,,,,,,,,,
57,32576309002380,CDT Grand,CDT Grand,,,,True,True,,False,459.00,100,499.00,1,4652022628492,2020-03-08T20:16:08-07:00,2026-10-09T04:37:16-07:00,4652022628492,Coffee Maker | Technivorm Moccamaster CDT Grand,coffee-brewer-technivorm-moccamaster-thermal-jug-coffeemakers,2023-02-08T11:34:02-08:00,2020-03-08T20:16:08-07:00,2026-10-09T04:37:16-07:00,Rocanini,Coffeemakers,[],"[{'id': 14915752198284, 'created_at': '2020-03-08T20:26:29-07:00', 'position': 1, 'updated_at': '2021-04-15T19:40:41-07:00', 'product_id': 4652022628492, 'variant_ids': [32576309002380], 'src': 'https://cdn.shopify.com/s/files/1/0132/4532/products/technivorm-moccamaster-CDT-grand-polished-silver-500px.jpg?v=1618540841', 'width': 500, 'height': 500}, {'id': 14915896901772, 'created_at': '2020-03-08T20:36:37-07:00', 'position': 2, 'updated_at': '2021-04-15T19:40:42-07:00', 'product_id': 4652022628492, 'variant_ids': [], 'src': 'https://cdn.shopify.com/s/files/1/0132/4532/products/technivorm-moccamaster3.jpg?v=1618540842', 'width': 978, 'height': 993}, {'id': 14915899392140, 'created_at': '2020-03-08T20:36:49-07:00', 'position': 3, 'updated_at': '2021-04-15T19:40:43-07:00', 'product_id': 4652022628492, 'variant_ids': [], 'src': 'https://cdn.shopify.com/s/files/1/0132/4532/products/technivorm-moccamaster2.jpg?v=1618540843', 'width': 502, 'height': 493}, {'id': 14915902800012, 'created_at': '2020-03-08T20:37:10-07:00', 'position': 4, 'updated_at': '2021-04-15T19:40:45-07:00', 'product_id': 4652022628492, 'variant_ids': [], 'src': 'https://cdn.shopify.com/s/files/1/0132/4532/products/Afmetingen-CDT-Grand-500px.jpg?v=1618540845', 'width': 500, 'height': 500}]","[{'name': 'Title', 'position': 1, 'values': ['CDT Grand']}]",https://www.rocanini.com/products/coffee-brewer-technivorm-moccamaster-thermal-jug-coffeemakers,,14915752198284.0,4652022628492.0,1.0,2020-03-08T20:26:29-07:00,2021-04-15T19:40:41-07:00,Coffee Maker | Technivorm Moccamaster CDT Grand - Rocanini Coffee Roasters,500.0,500.0,https://cdn.shopify.com/s/files/1/0132/4532/products/technivorm-moccamaster-CDT-grand-polished-silver-500px.jpg?v=1618540841,[32576309002380]
58,36829173547167,Virtuoso +,Virtuoso +,,,,True,True,,False,359.00,25880,,1,5818925777055,2020-10-28T10:20:55-07:00,2026-10-09T04:37:16-07:00,5818925777055,Baratza Virtuoso+ Grinder,baratza-virtuoso-grinder,2023-02-08T11:33:33-08:00,2020-10-28T10:20:55-07:00,2026-10-09T04:37:16-07:00,Rocanini,Coffeemakers,[],"[{'id': 19922590236831, 'created_at': '2020-10-28T10:27:19-07:00', 'position': 1, 'updated_at': '2021-04-15T19:40:32-07:00', 'product_id': 5818925777055, 'variant_ids': [36829173547167], 'src': 'https://cdn.shopify.com/s/files/1/0132/4532/products/VirtFrntFullLit_1.jpg?v=1618540832', 'width': 555, 'height': 770}, {'id': 19922590269599, 'created_at': '2020-10-28T10:27:19-07:00', 'position': 2, 'updated_at': '2021-04-15T19:40:33-07:00', 'product_id': 5818925777055, 'variant_ids': [], 'src': 'https://cdn.shopify.com/s/files/1/0132/4532/products/VirtGrndSttng_1.jpg?v=1618540833', 'width': 1710, 'height': 1140}, {'id': 19922590531743, 'created_at': '2020-10-28T10:27:20-07:00', 'position': 3, 'updated_at': '2021-04-15T19:40:35-07:00', 'product_id': 5818925777055, 'variant_ids': [], 'src': 'https://cdn.shopify.com/s/files/1/0132/4532/products/VirtQrtrScrn_1.jpg?v=1618540835', 'width': 1140, 'height': 1710}, {'id': 19922590564511, 'created_at': '2020-10-28T10:27:20-07:00', 'position': 4, 'updated_at': '2021-04-15T19:40:37-07:00', 'product_id': 5818925777055, 'variant_ids': [], 'src': 'https://cdn.shopify.com/s/files/1/0132/4532/products/Virtuoso_1.jpg?v=1618540837', 'width': 1080, 'height': 982}]","[{'name': 'Title', 'position': 1, 'values': ['Virtuoso +']}]",https://www.rocanini.com/products/baratza-virtuoso-grinder,,19922590236831.0,5818925777055.0,1.0,2020-10-28T10:27:19-07:00,2021-04-15T19:40:32-07:00,Baratza Virtuoso+ Grinder - Rocanini Coffee Roasters,555.0,770.0,https://cdn.shopify.com/s/files/1/0132/4532/products/VirtFrntFullLit_1.jpg?v=1618540832,[36829173547167]
59,33599587811468,Black,Black,,,,True,True,,False,205.00,22250,,1,4976845684876,2020-05-08T09:46:40-07:00,2026-10-09T04:37:16-07:00,4976845684876,Baratza Encore Grinder,baratza-encore-grinder,2023-02-08T11:32:57-08:00,2020-05-08T09:46:40-07:00,2026-10-09T04:37:16-07:00,Rocanini,Coffeemakers,[],"[{'id': 16182721380492, 'created_at': '2020-05-08T09:48:51-07:00', 'position': 1, 'updated_at': '2021-04-15T19:40:32-07:00', 'product_id': 4976845684876, 'variant_ids': [], 'src': 'https://cdn.shopify.com/s/files/1/0132/4532/products/Encore-BnW-scaled.jpg?v=1618540832', 'width': 1978, 'height': 2560}, {'id': 16182704013452, 'created_at': '2020-05-08T09:47:24-07:00', 'position': 2, 'updated_at': '2021-04-15T19:40:34-07:00', 'product_id': 4976845684876, 'variant_ids': [], 'src': 'https://cdn.shopify.com/s/files/1/0132/4532/products/Encore-Grind-Adjustment-scaled.jpg?v=1618540834', 'width': 2560, 'height': 1706}, {'id': 16182723510412, 'created_at': '2020-05-08T09:49:04-07:00', 'position': 3, 'updated_at': '2021-04-15T19:40:35-07:00', 'product_id': 4976845684876, 'variant_ids': [33599587811468], 'src': 'https://cdn.shopify.com/s/files/1/0132/4532/products/Solo-Encore-Black-QtrClose.jpg?v=1618540835', 'width': 1280, 'height': 1920}, {'id': 16182783574156, 'created_at': '2020-05-08T09:53:52-07:00', 'position': 4, 'updated_at': '2021-04-15T19:40:37-07:00', 'product_id': 4976845684876, 'variant_ids': [33599631261836], 'src': 'https://cdn.shopify.com/s/files/1/0132/4532/products/Solo-Encore-White-FrontMedium-scaled.jpg?v=1618540837', 'width': 1706, 'height': 2560}, {'id': 16182808346764, 'created_at': '2020-05-08T09:56:11-07:00', 'position': 5, 'updated_at': '2021-04-15T19:40:39-07:00', 'product_id': 4976845684876, 'variant_ids': [], 'src': 'https://cdn.shopify.com/s/files/1/0132/4532/products/Encore-W-Bin-scaled.jpg?v=1618540839', 'width': 2560, 'height': 1706}]","[{'name': 'Title', 'position': 1, 'values': ['Black', 'White']}]",https://www.rocanini.com/products/baratza-encore-grinder,,16182723510412.0,4976845684876.0,3.0,2020-05-08T09:49:04-07:00,2021-04-15T19:40:35-07:00,Baratza Encore Grinder - Rocanini Coffee Roasters,1280.0,1920.0,https://cdn.shopify.com/s/files/1/0132/4532/products/Solo-Encore-Black-QtrClose.jpg?v=1618540835,[33599587811468]
60,33599631261836,White,White,,,,True,True,,False,205.00,22250,,2,4976845684876,2020-05-08T09:54:21-07:00,2026-10-09T04:37:16-07:00,4976845684876,Baratza Encore Grinder,baratza-encore-grinder,2023-02-08T11:32:57-08:00,2020-05-08T09:46:40-07:00,2026-10-09T04:37:16-07:00,Rocanini,Coffeemakers,[],"[{'id': 16182721380492, 'created_at': '2020-05-08T09:48:51-07:00', 'position': 1, 'updated_at': '2021-04-15T19:40:32-07:00', 'product_id': 4976845684876, 'variant_ids': [], 'src': 'https://cdn.shopify.com/s/files/1/0132/4532/products/Encore-BnW-scaled.jpg?v=1618540832', 'width': 1978, 'height': 2560}, {'id': 16182704013452, 'created_at': '2020-05-08T09:47:24-07:00', 'position': 2, 'updated_at': '2021-04-15T19:40:34-07:00', 'product_id': 4976845684876, 'variant_ids': [], 'src': 'https://cdn.shopify.com/s/files/1/0132/4532/products/Encore-Grind-Adjustment-scaled.jpg?v=1618540834', 'width': 2560, 'height': 1706}, {'id': 16182723510412, 'created_at': '2020-05-08T09:49:04-07:00', 'position': 3, 'updated_at': '2021-04-15T19:40:35-07:00', 'product_id': 4976845684876, 'variant_ids': [33599587811468], 'src': 'https://cdn.shopify.com/s/files/1/0132/4532/products/Solo-Encore-Black-QtrClose.jpg?v=1618540835', 'width': 1280, 'height': 1920}, {'id': 16182783574156, 'created_at': '2020-05-08T09:53:52-07:00', 'position': 4, 'updated_at': '2021-04-15T19:40:37-07:00', 'product_id': 4976845684876, 'variant_ids': [33599631261836], 'src': 'https://cdn.shopify.com/s/files/1/0132/4532/products/Solo-Encore-White-FrontMedium-scaled.jpg?v=1618540837', 'width': 1706, 'height': 2560}, {'id': 16182808346764, 'created_at': '2020-05-08T09:56:11-07:00', 'position': 5, 'updated_at': '2021-04-15T19:40:39-07:00', 'product_id': 4976845684876, 'variant_ids': [], 'src': 'https://cdn.shopify.com/s/files/1/0132/4532/products/Encore-W-Bin-scaled.jpg?v=1618540839', 'width': 2560, 'height': 1706}]","[{'name': 'Title', 'position': 1, 'values': ['Black', 'White']}]",https://www.rocanini.com/products/baratza-encore-grinder,,16182783574156.0,4976845684876.0,4.0,2020-05-08T09:53:52-07:00,2021-04-15T19:40:37-07:00,Baratza Encore Grinder - Rocanini Coffee Roasters,1706.0,2560.0,https://cdn.shopify.com/s/files/1/0132/4532/products/Solo-Encore-White-FrontMedium-scaled.jpg?v=1618540837,[33599631261836]

